Ticker;SimFinId;Date;Open;High;Low;Close;Adj. Close;Volume;Dividend;Shares Outstanding
A;45846;2025-03-21;119.38;120.78;117.92;120.75;120.75;3027493;;285102717
AA;367153;2025-03-21;33.93;34.08;33.45;33.95;33.95;4705416;;258884337
AAC;7962652;2023-11-06;10.77;10.79;10.77;10.79;10.79;599704;;98498541
AACI;11820349;2024-08-15;11.00;11.12;9.52;9.75;9.75;37879;;8072849
AACT;14122297;2025-03-21;11.16;11.20;11.16;11.18;11.18;18187;;62500000
AAGH;12444287;2025-03-21;0.00;0.00;0.00;0.00;0.00;0;;21188988326
AAIC;9076064;2023-12-14;4.84;4.84;4.84;4.84;4.84;0;;28468000
AAL;68568;2025-03-21;11.07;11.41;10.96;11.39;11.39;46818156;;657575582
AAM;18508049;2025-03-21;10.24;10.24;10.24;10.24;10.24;7771;;43974000
AAMC;847094;2024-09-16;1.33;1.34;1.21;1.25;1.25;18359;;2554512
AAME;450021;2025-03-21;1.42;1.45;1.31;1.37;1.37;17375;;20399758
AAN;441241;2024-10-03;10.08;10.10;10.08;10.09;10.09;2765717;;30712772
AAOI;671827;2025-03-21;20.77;20.77;19.65;20.43;20.43;3080045;;49651482
AAON;919501;2025-03-21;78.19;80.75;77.29;79.65;79.65;1555305;;81597289
AAP;184955;2025-03-21;37.33;37.98;37.09;37.46;37.46;1878287;;59792946
AAPL;111052;2025-03-21;211.56;218.84;211.28;218.27;218.27;93514422;;15022073000
AAT;919944;2025-03-21;20.40;20.48;20.06;20.25;20.25;987035;;60901583
AATP;16787005;2025-03-21;1.04;1.05;1.02;1.05;1.05;81327;;3848759
AAWH;2265764;2025-03-21;0.35;0.37;0.34;0.37;0.37;22999;;204626879
AAWW;762204;2023-04-03;102.48;102.48;102.48;102.48;102.48;1;;28436000
AB;11794966;2025-03-21;38.08;38.12;37.77;38.03;38.03;1491955;;110530329
ABAX;36105;2018-08-01;83.00;83.00;83.00;83.00;83.00;0;;22871000
ABBV;61199;2025-03-21;211.73;212.88;208.74;210.01;210.01;15800220;;1765354859
ABCB;919504;2025-03-21;56.89;57.92;56.61;57.78;57.78;971498;;69068609
ABCD;358762;2018-12-18;14.48;14.48;14.48;14.48;14.48;0;;47300262
ABCL;1250893;2025-03-21;2.37;2.47;2.32;2.44;2.44;3750476;;297987669
ABEO;953884;2025-03-21;5.10;5.35;5.08;5.15;5.15;570948;;48533798
ABEV;18515889;2025-03-21;2.33;2.36;2.32;2.36;2.36;13850108;;15757657336
ABG;545489;2025-03-21;229.42;234.37;227.99;233.76;233.76;379920;;19645447
ABIO;953886;2024-08-30;2.35;2.47;2.22;2.40;2.40;289415;;14507143
ABM;199984;2025-03-21;46.99;47.36;46.39;46.94;46.94;1236095;;62231437
ABMC;160965;2025-03-21;0.00;0.00;0.00;0.00;0.00;0;;48098476
ABMD;445587;2023-01-03;381.02;381.02;381.02;381.02;381.02;258;;45372000
ABML;11795344;2023-09-11;9.83;11.78;8.20;9.83;9.83;228892;;17808626
ABNB;1214552;2025-03-21;124.66;129.25;123.30;128.80;128.80;8686159;;635000000
ABOS;12444265;2025-03-21;1.18;1.23;1.13;1.20;1.20;294623;;60079778
ABR;638468;2025-03-21;12.33;12.46;12.22;12.27;12.27;4079262;;189505422
ABSI;1250894;2025-03-21;2.98;3.11;2.95;3.01;3.01;3202789;;114584284
ABT;63877;2025-03-21;126.33;126.81;125.49;126.34;126.34;8792703;;1734323411
ABTI;13950744;2025-03-21;0.00;0.00;0.00;0.00;0.00;0;;1459502018
ABTL;445589;2022-08-31;0.39;0.39;0.39;0.39;0.39;98922;;13245871
ABTX;953887;2022-09-30;42.22;42.57;41.21;41.63;41.63;1609047;;20363000
ABUS;953888;2025-03-21;3.30;3.34;3.26;3.28;3.28;1840203;;189491685
ABVC;15112453;2025-03-21;0.66;0.69;0.65;0.69;0.69;48003;;12975492
AC;919941;2025-03-21;35.55;35.84;35.30;35.80;35.80;6049;;21152430
ACA;919864;2025-03-21;79.35;79.75;78.48;79.66;79.66;591877;;48776021
ACAC;15394174;2024-09-26;12.21;12.37;11.17;11.20;11.20;4203;;5799944
ACAD;445591;2025-03-21;17.04;17.31;16.67;16.79;16.79;3976121;;166788517
ACAH;10656706;2024-03-05;10.45;10.45;10.45;10.45;10.45;0;;33146619
ACAN;654226;2025-03-21;0.03;0.04;0.03;0.03;0.03;1725;;24391961
ACAQ;11819344;2023-10-19;7.40;8.00;2.40;2.55;2.55;935090;;3108936
ACAT;33956;2017-03-07;18.50;18.50;18.50;18.50;18.50;0;;13061818
ACBA;15585600;2024-05-30;12.03;12.03;12.03;12.03;12.03;0;;3789547
ACBI;9076197;2022-02-28;31.75;32.45;30.74;32.34;32.34;125822;;20305109
ACBM;12442266;2025-03-21;0.00;0.00;0.00;0.00;0.00;0;;47760000
ACC;445593;2022-08-09;65.37;65.46;65.37;65.42;65.42;18855710;;139237447
ACCD;10384289;2025-03-21;6.98;7.01;6.98;7.01;7.01;1322583;;80537080
ACCO;120923;2025-03-21;4.49;4.50;4.32;4.34;4.34;2127430;;92881008
ACDC;17623433;2025-03-21;7.60;7.80;7.53;7.67;7.67;590116;;
ACEL;11795228;2025-03-21;9.90;9.95;9.75;9.92;9.92;669237;;83746192
ACER;1053636;2023-11-20;0.80;0.85;0.66;0.66;0.66;574675;;16089019
ACET;1154966;2025-03-21;0.76;0.79;0.74;0.77;0.77;186322;;82685750
ACET_delisted;191612;2019-10-01;0.08;0.11;0.08;0.11;0.11;4909;;30839470
ACFN;14864218;2025-03-21;17.05;17.05;16.41;16.41;16.41;5327;;
ACGL;445596;2025-03-21;92.45;93.03;91.60;91.98;91.98;3273850;;375357236
ACHC;445598;2025-03-21;28.83;29.04;28.32;28.69;28.69;1893046;;92913042
ACHR;11795330;2025-03-21;8.12;8.79;8.05;8.72;8.72;51453938;;542470264
ACHV;12444293;2025-03-21;2.73;2.91;2.70;2.81;2.81;207669;;34685072
ACI;1077533;2025-03-21;21.19;21.32;20.98;21.14;21.14;7881738;;579348079
ACIA;353923;2021-03-01;114.99;114.99;114.99;114.99;114.99;0;;42631607
ACIC;774910;2025-03-21;11.86;12.02;11.81;11.93;11.93;220311;;48248630
ACIU;18526119;2025-03-21;2.16;2.20;2.07;2.10;2.10;177793;;100410377
ACIW;1057787;2025-03-21;52.92;53.36;52.20;53.05;53.05;1231430;;105336028
ACLS;670942;2025-03-21;55.50;56.91;54.56;55.90;55.90;1523608;;32154139
ACLX;1342109;2025-03-21;71.18;71.28;68.56;69.33;69.33;1210943;;54944012
ACM;445606;2025-03-21;94.00;94.51;93.03;94.10;94.10;2533298;;132689650
ACMR;7962770;2025-03-21;26.98;27.24;26.62;26.87;26.87;1493513;;63129704
ACN;61372;2025-03-21;298.05;305.60;295.58;305.32;305.32;11728988;;626399210
ACNB;9075814;2025-03-21;41.52;42.75;41.38;42.01;42.01;190174;;10542732
ACOR;9076152;2024-04-11;0.78;0.85;0.61;0.66;0.66;416928;;1242098
ACR;9076068;2025-03-21;23.38;23.38;21.64;21.86;21.86;65764;;7456150
ACRE;3241276;2025-03-21;4.88;4.97;4.82;4.90;4.90;830005;;54856977
ACRHF;16787003;2024-12-09;0.00;0.01;0.00;0.00;0.00;928456;;99860761
ACRO;11817111;2023-12-18;10.45;10.46;10.45;10.45;10.45;2538;;43125000
ACRS;7962714;2025-03-21;1.58;1.62;1.55;1.60;1.60;2615017;;107918821
ACRV;16682740;2025-03-21;5.06;5.40;5.00;5.36;5.36;64763;;31136296
ACRX;113247;2024-01-09;0.78;0.88;0.78;0.86;0.86;241277;;368868
ACST;13774410;2024-10-07;3.11;3.14;3.03;3.11;3.11;12261;;10139861
ACT;353702;2025-03-21;33.77;34.25;33.46;33.72;33.72;335085;;133600000
ACTG;9075846;2025-03-21;3.43;3.44;3.37;3.42;3.42;458343;;96086040
ACTU;18526121;2025-03-21;6.62;6.88;6.60;6.75;6.75;17713;;19531636
ACU;998436;2025-03-21;39.62;39.94;39.62;39.92;39.92;10754;;3754498
ACVA;11795016;2025-03-21;15.42;15.80;15.08;15.31;15.31;4988165;;168765167
ACW;671043;2016-11-28;2.58;2.58;2.58;2.58;2.58;0;;48323007
ACXP;11035138;2025-03-21;0.42;0.43;0.42;0.42;0.42;97861;;22042511
ADAP;10656590;2025-03-21;0.31;0.31;0.28;0.29;0.29;5031812;;1535299242
ADBE;14099;2025-03-21;384.13;389.85;382.45;387.26;387.26;7510875;;435300000
ADC;6480964;2025-03-21;76.27;76.27;75.25;75.47;75.47;2079841;;107248705
ADCT;15112455;2025-03-21;1.66;1.67;1.57;1.61;1.61;567910;;96689617
ADEA;17623435;2025-03-21;13.62;13.83;13.46;13.64;13.64;2944036;;
ADER;12444459;2023-09-25;11.10;11.14;11.07;11.08;11.08;54564;;10305228
ADES;619745;2024-01-31;3.28;3.55;3.21;3.36;3.36;100969;;18487000
ADEX;16875841;2025-03-21;5.38;5.38;5.38;5.38;5.38;0;;71875399
ADI;65917;2025-03-21;203.06;205.27;201.28;204.40;204.40;4888842;;495976483
ADIL;807531;2025-03-21;0.70;0.74;0.69;0.74;0.74;67371;;6574588
ADM;66997;2025-03-21;46.60;46.96;45.98;46.10;46.10;50963267;;479707071
ADMA;976582;2025-03-21;19.64;19.82;19.17;19.80;19.80;8414142;;237615100
ADMP;11035771;2023-09-07;0.75;0.79;0.75;0.78;0.78;118557;;31239
ADMS;9076347;2021-11-24;8.22;8.22;8.22;8.22;8.22;0;;45618000
ADN;16682734;2025-03-21;5.13;5.29;4.90;5.29;5.29;6937;;2636508
ADNT;675558;2025-03-21;13.60;14.08;13.34;13.92;13.92;9947656;;83927513
ADOM;807727;2021-11-16;0.28;0.29;0.27;0.28;0.28;557386;;294317605
ADP;591496;2025-03-21;295.16;295.66;292.73;295.32;295.32;3948169;;406870893
ADPT;1147630;2025-03-21;8.05;8.66;7.80;8.40;8.40;2854330;;148582201
ADPT_delisted;118952;2017-11-01;1.22;1.22;1.22;1.22;1.22;0;;21120029
ADRA;11817231;2020-02-14;34.64;34.64;34.64;34.64;34.64;0;;
ADRT;12444303;2024-10-10;11.30;11.40;11.30;11.40;11.40;3147;;2942180
ADSK;185035;2025-03-21;262.45;268.38;262.45;267.25;267.25;1991179;;213000000
ADT;54871;2025-03-21;7.74;7.89;7.68;7.78;7.78;61624425;;876503261
ADTM;664460;2023-02-09;0.00;0.00;0.00;0.00;0.00;0;;105666495
ADTN;998420;2025-03-21;8.84;9.36;8.76;9.21;9.21;1902488;;79860033
ADUS;1023443;2025-03-21;90.84;91.80;88.96;89.83;89.83;429813;;18172865
ADV;1108279;2025-03-21;1.66;1.80;1.66;1.76;1.76;2423065;;321408856
ADVM;702608;2025-03-21;5.61;5.72;5.09;5.10;5.10;178931;;20802463
ADXS;950904;2025-03-21;0.03;0.03;0.03;0.03;0.03;22;;42633400
AE;191518;2025-02-04;37.97;37.99;37.97;37.98;37.98;6983;;2577872
AEE;68703;2025-03-21;98.93;99.82;98.15;98.91;98.91;3577069;;269906252
AEHA;11817771;2023-02-14;9.92;10.80;8.55;9.96;9.96;1290718;;2625000
AEHR;178053;2025-03-21;8.70;8.98;8.69;8.90;8.90;671550;;29711804
AEI;16682742;2025-03-21;0.85;0.88;0.84;0.85;0.85;35004;;9235119
AEIS;574583;2025-03-21;104.54;105.70;102.08;105.26;105.26;660114;;37721671
AEL;6767439;2024-05-02;56.25;57.29;56.11;56.47;56.47;24215765;;79400008
AEM;2226695;2025-03-21;104.32;104.50;102.64;104.34;104.34;2191686;;501729505
AEMD;11036007;2025-03-21;0.44;0.44;0.41;0.43;0.43;129888;;14457096
AEO;173396;2025-03-21;11.60;12.32;11.52;12.12;12.12;10576250;;172514102
AEP;66050;2025-03-21;106.14;106.65;104.40;105.11;105.11;5622842;;532907715
AEPI;210001;2017-01-30;109.95;109.95;109.95;109.95;109.95;0;;5531474
AER;17685538;2025-03-21;103.58;103.78;101.78;102.21;102.21;1475060;;186783225
AERC;11036438;2023-11-29;0.01;0.01;0.01;0.01;0.01;97033;;15377636
AERG;11795342;2025-03-21;0.75;0.76;0.73;0.73;0.73;14685;;213800472
AERI;9076323;2023-01-03;15.25;15.25;15.25;15.25;15.25;600;;47819936
AES;62329;2025-03-21;13.11;13.16;12.74;13.05;13.05;23651775;;711900547
AESE;11034472;2025-03-21;1.14;1.17;1.14;1.14;1.14;18045;;44106014
AESI;7962586;2025-03-21;18.15;18.33;17.86;18.09;18.09;8552855;;
AET;62217;2018-11-28;212.57;213.36;211.79;212.70;212.70;11862705;;327400000
AEVA;11820016;2025-03-21;4.19;4.26;4.01;4.19;4.19;1210482;;53882801
AEYE;14864220;2025-03-21;11.20;11.60;10.91;11.39;11.39;333956;;12412544
AFAR;14101606;2025-03-13;11.68;11.68;11.68;11.68;11.68;0;;3259510
AFBI;15337141;2025-03-21;17.76;18.20;17.75;18.07;18.07;20929;;6412430
AFCG;10656582;2025-03-21;6.30;6.38;6.26;6.38;6.38;238676;;22596007
AFG;485236;2025-03-21;124.38;125.83;124.01;124.73;124.73;4208303;;83982106
AFI;155205;2022-05-20;0.40;0.42;0.35;0.35;0.35;2996033;;22102447
AFIB;16453507;2025-03-21;0.05;0.05;0.05;0.05;0.05;8976;;29912305
AFL;62581;2025-03-21;108.56;108.82;107.23;108.24;108.24;5311580;;546588291
AFRI;17623437;2025-03-21;8.49;8.53;8.36;8.44;8.44;29255;;
AFRM;1242005;2025-03-21;46.80;50.18;46.52;49.90;49.90;5933105;;318056450
AFSI;822262;2018-11-29;14.75;14.75;14.75;14.75;14.75;726;;197701263
AFTC;13511352;2025-03-21;0.04;0.04;0.04;0.04;0.04;142;;71850644
AG;3307756;2025-03-21;6.91;7.01;6.75;6.92;6.92;26921945;;209396052
AGBA;16787001;2024-10-15;1.23;1.49;1.15;1.40;1.40;4464995;;39596248
AGCO;365265;2025-03-21;93.40;93.84;91.91;93.09;93.09;2767884;;74582014
AGE;11035420;2024-03-26;12.59;12.59;11.10;11.10;11.10;3753;;2500664
AGEN;7962802;2025-03-21;1.64;1.64;1.60;1.61;1.61;733937;;25308841
AGFS;9075942;2023-03-31;3.00;3.00;3.00;3.00;3.00;0;;52192000
AGHI;996261;2020-09-22;0.01;0.01;0.01;0.01;0.01;0;;63481087
AGI;111482;2025-03-21;25.77;26.11;25.33;26.11;26.11;6314961;;116532000
AGIO;737501;2025-03-21;32.35;32.90;31.21;31.30;31.30;1662508;;57296167
AGL;11794922;2025-03-21;4.12;4.53;4.09;4.53;4.53;8519258;;412303066
AGM;6767649;2025-03-21;190.50;192.38;190.24;191.51;191.51;64492;;10833000
AGN;61474;2020-05-08;193.01;193.38;191.64;193.02;193.02;12442653;;329805791
AGNC;445654;2025-03-21;10.27;10.31;10.16;10.17;10.17;26015403;;900421216
AGN_old;442340;2020-05-08;193.01;193.38;191.64;193.02;193.02;12442653;;307605860
AGO;601095;2025-03-21;86.09;87.22;85.17;85.38;85.38;2281530;;50103140
AGR;709430;2024-12-23;36.02;36.02;36.02;36.02;36.02;10;;386911024
AGS;967946;2025-03-21;12.09;12.14;12.09;12.13;12.13;341145;;41258449
AGSS;16867983;2025-03-21;0.19;0.26;0.19;0.26;0.26;601;;94917302
AGTI;11795012;2024-05-07;10.05;10.05;10.05;10.05;10.05;0;;136293374
AGX;529078;2025-03-21;117.81;121.11;117.00;120.60;120.60;359876;;13575116
AGYS;249502;2025-03-21;74.05;74.97;73.28;73.73;73.73;383756;;27963988
AHCO;11795066;2025-03-21;9.85;10.14;9.78;9.99;9.99;9000278;;134867011
AHFD;774716;2025-03-21;0.00;0.00;0.00;0.00;0.00;0;;4881571
AHH;949479;2025-03-21;7.69;7.76;7.60;7.69;7.69;1670525;;79918740
AHL;700634;2019-02-15;42.74;42.74;42.74;42.74;42.74;0;;59862693
AHPI;262963;2025-01-13;0.00;0.00;0.00;0.00;0.00;0;;4014000
AHR;15394176;2025-03-21;29.94;30.00;29.39;29.61;29.61;3563290;;157565295
AHT;10656654;2025-03-21;7.40;7.47;7.21;7.30;7.30;39465;;5520951
AI;1326825;2025-03-21;21.93;23.02;21.77;22.62;22.62;3858033;;132738722
AIB;15337139;2017-10-13;24.98;25.00;24.98;24.98;24.98;2500;;
AIG;251769;2025-03-21;83.27;83.99;82.59;83.18;83.18;15865642;;593332964
AILIM;14159397;2025-03-21;77.00;77.00;77.00;77.00;77.00;50;;269906252
AIM;11035322;2025-03-21;0.13;0.14;0.13;0.14;0.14;333068;;63706446
AIMC;773555;2023-03-27;61.98;61.98;61.98;61.98;61.98;0;;65200000
AIMD;13901101;2025-03-21;0.55;0.57;0.51;0.53;0.53;149837;;15433257
AIN;6767443;2025-03-21;72.43;72.74;70.49;70.85;70.85;847005;0.27;30900000
AINC;819902;2024-07-26;4.97;5.00;4.96;4.97;4.97;209002;;3430500
AIP;12444339;2025-03-21;7.74;7.93;7.67;7.87;7.87;217520;;40948190
AIR;671123;2025-03-21;67.25;68.07;66.66;67.93;67.93;664047;;35907686
AIRC;1234036;2024-06-28;39.08;39.08;39.08;39.08;39.08;0;;145104221
AIRG;11034384;2025-03-21;4.07;4.07;3.88;3.99;3.99;22995;;11558901
AIRI;166965;2025-03-21;3.88;3.99;3.88;3.99;3.99;13649;;3358119
AIRS;11819003;2025-03-21;2.77;2.79;2.58;2.65;2.65;372129;;58574516
AIRTP;11795324;2025-03-21;17.32;17.41;17.31;17.32;17.32;2617;;2725916
AIT;253867;2025-03-21;224.51;226.44;222.85;224.54;224.54;1090716;;38377254
AITX;13626505;2025-03-21;0.00;0.00;0.00;0.00;0.00;159922590;;13308594118
AIV;67201;2025-03-21;8.65;8.69;8.54;8.61;8.61;1613402;;141967654
AIZ;66661;2025-03-21;210.11;212.00;205.91;206.84;206.84;1361698;;50791921
AJBI;663635;2018-11-02;0.00;0.00;0.00;0.00;0.00;310000;;20278888
AJG;66898;2025-03-21;333.17;335.07;330.06;331.79;331.79;2671880;;254700000
AJIA;13901112;2025-03-21;0.00;0.00;0.00;0.00;0.00;0;;109336000
AJRD;516551;2023-07-27;57.98;58.01;57.98;57.99;57.99;3979951;;80500000
AJX;90767;2024-12-02;3.02;3.07;2.97;3.02;3.02;224818;;45420752
AKA;14864216;2025-03-21;13.42;14.39;13.42;13.71;13.71;9548;;10693150
AKAM;69211;2025-03-21;80.87;81.42;80.25;81.04;81.04;3805436;;150317536
AKBA;9075940;2025-03-21;2.02;2.14;2.01;2.13;2.13;8664315;;236231057
AKLI;14159395;2024-07-02;0.43;0.43;0.43;0.43;0.43;0;;78509823
AKOM;13646225;2025-03-21;0.02;0.02;0.02;0.02;0.02;0;;18352613
AKR;664572;2025-03-21;21.29;21.29;20.81;21.09;21.09;1510281;;119679930
AKRO;10384031;2025-03-21;44.28;45.92;43.91;45.22;45.22;2928554;;79620128
AKRX;195622;2020-10-02;0.03;0.03;0.03;0.03;0.03;1185177;;133407696
AKS;671046;2020-03-13;1.55;1.55;1.55;1.55;1.55;2000;;316909268
AKTS;10656630;2024-12-17;0.04;0.04;0.03;0.04;0.04;96597171;;154590918
AKTX;11035519;2025-03-21;1.45;1.55;1.43;1.53;1.53;27531;;49517115523
AKYA;1250889;2025-03-21;1.65;1.75;1.64;1.70;1.70;179811;;49816357
AL;182952;2025-03-21;46.82;47.40;46.23;47.07;47.07;951917;;111376884
ALB;132877;2025-03-21;75.76;77.74;75.13;77.56;77.56;4405568;;117573461
ALBO;7962594;2023-03-02;44.90;44.90;43.99;44.15;44.15;1241282;;15735
ALC;18347619;2025-03-21;90.78;90.88;90.05;90.56;90.56;844085;;494616324
ALCC;11795248;2025-03-21;26.94;27.65;26.15;27.16;27.16;8093336;;122096270
ALCO;798086;2025-03-21;29.20;29.36;28.55;28.81;28.81;99243;;7637657
ALCY;16867985;2025-03-21;11.30;11.30;11.30;11.30;11.30;9;;14970500
ALDX;7962740;2025-03-21;6.62;6.78;6.52;6.58;6.58;675335;;59708654
ALE;445686;2025-03-21;65.60;65.72;65.60;65.69;65.69;613929;;57901153
ALEC;10656440;2025-03-21;1.28;1.39;1.26;1.35;1.35;968000;;99085888
ALEX;664573;2025-03-21;17.31;17.31;16.93;17.13;17.13;1061544;;72711414
ALG;128246;2025-03-21;186.17;186.17;180.39;183.56;183.56;808316;;12063468
ALGM;11794936;2025-03-21;26.16;27.22;26.11;26.57;26.57;3312345;;184125032
ALGN;445691;2025-03-21;165.81;169.45;163.24;168.61;168.61;1877756;;73597648
ALGS;11034448;2025-03-21;11.18;11.88;10.64;10.75;10.75;96625;;6114311
ALGT;735180;2025-03-21;52.42;55.00;51.55;54.96;54.96;601776;;18338274
ALHC;11795128;2025-03-21;17.07;17.76;16.95;17.61;17.61;3358504;;191832332
ALID;13511390;2025-03-21;0.04;0.04;0.04;0.04;0.04;1000;;115495384
ALIM;11035801;2024-09-16;5.54;5.54;5.54;5.54;5.54;0;;54384165
ALIT;10383340;2025-03-21;5.96;6.08;5.88;6.06;6.06;9322758;;476145761
ALJ;344561;2017-07-10;13.32;13.32;13.32;13.32;13.32;0;;71877464
ALJJ;374775;2023-05-25;1.93;1.93;1.89;1.92;1.92;184093;;42409000
ALK;65470;2025-03-21;52.18;52.99;51.41;52.83;52.83;22518175;;126159173
ALKS;445699;2025-03-21;33.79;34.73;33.70;34.60;34.60;4618737;;162614067
ALKT;11795164;2025-03-21;26.15;26.93;26.00;26.55;26.55;3377000;;102232922
ALL;68840;2025-03-21;208.46;210.92;205.51;206.47;206.47;2877299;;265026048
ALLE;69109;2025-03-21;126.25;127.47;125.63;127.06;127.06;2502871;;86929281
ALLK;1872547;2025-03-21;0.25;0.25;0.25;0.25;0.25;389220;;90203245
ALLO;11795212;2025-03-21;1.61;1.64;1.53;1.62;1.62;10013190;;217264738
ALLR;11036325;2025-03-21;0.94;1.05;0.90;0.99;0.99;2473926;;4433587
ALLY;510248;2025-03-21;35.91;36.75;35.55;36.44;36.44;13501028;;307113093
ALMU;13774412;2025-03-21;6.30;6.30;5.90;6.10;6.10;172578;;12247481
ALNA;9076242;2023-12-13;0.00;0.00;0.00;0.00;0.00;96558;;100623730
ALNT;17623439;2025-03-21;23.53;23.82;23.25;23.81;23.81;90416;;
ALNY;325251;2025-03-21;261.82;289.44;261.00;283.34;283.34;3139380;;129457156
ALOT;995248;2025-03-21;9.85;10.00;9.60;9.87;9.87;6420;;7528838
ALPA;12442236;2024-09-09;0.51;0.51;0.45;0.46;0.46;85427;;20905407
ALPC;13511432;2025-03-21;20.00;20.00;20.00;20.00;20.00;0;;11224401
ALPN;819011;2024-09-09;64.97;64.97;64.97;64.97;64.97;2;;68597527
ALR;139220;2017-10-19;50.99;50.99;50.99;50.99;50.99;0;;87577345
ALRM;819790;2025-03-21;56.34;57.02;56.04;56.54;56.54;630109;;49646941
ALRN;815574;2025-01-10;1.96;2.17;1.96;2.11;2.11;63385;;21665941
ALRS;10656542;2025-03-21;18.46;18.97;18.30;18.60;18.60;140257;;25362855
ALSK;899013;2021-07-22;3.38;3.40;3.38;3.40;3.40;879557;;54273804
ALSN;445706;2025-03-21;97.89;97.99;96.12;96.64;96.64;3525355;;85518298
ALT;511510;2025-03-21;5.65;5.87;5.60;5.81;5.81;2026132;;77013658
ALTA;363174;2021-09-30;44.90;45.20;44.08;44.16;44.16;438569;;18873921
ALTG;11817076;2025-03-21;5.23;5.38;5.02;5.10;5.10;393069;;32859690
ALTI;17623441;2025-03-21;2.86;2.93;2.68;2.85;2.85;217040;;95985707
ALTM;1249012;2025-03-05;5.84;5.85;5.84;5.84;5.84;93050357;;153658073
ALTO;10656736;2025-03-21;1.22;1.37;1.20;1.36;1.36;3551839;;76611090
ALTR;686620;2025-03-21;111.50;112.31;111.47;111.75;111.75;1905981;;85794798
ALUR;15539303;2025-03-21;3.87;4.18;3.09;3.58;3.58;74451737;;2579461
ALV;104657;2025-03-21;89.41;90.04;88.58;89.22;89.22;4140863;;77714402
ALVR;11817801;2025-03-21;10.46;12.50;10.10;11.00;11.00;40759;;5043357
ALX;87732;2025-03-21;212.41;214.44;212.00;212.18;212.18;15156;;5107290
ALXN;65359;2021-07-28;182.50;182.50;182.50;182.50;182.50;10;;221019230
ALXO;11819581;2025-03-21;0.74;0.76;0.68;0.71;0.71;766439;;53384145
ALZN;11034644;2025-03-21;1.00;1.03;0.95;1.01;1.01;198497;;6597507
AMAL;10656460;2025-03-21;29.13;29.37;28.73;29.15;29.15;656964;;30687354
AMAM;11795252;2024-03-07;28.00;28.00;28.00;28.00;28.00;0;;44995824
AMAT;67102;2025-03-21;150.29;152.19;149.01;152.12;152.12;15748875;;812440849
AMBA;50129;2025-03-21;53.29;54.74;52.90;54.26;54.26;1183527;;41701953
AMBC;7962678;2025-03-21;8.56;8.94;8.54;8.77;8.77;10492105;;46242182
AMBP;17623443;2025-03-21;2.95;2.95;2.86;2.89;2.89;2677290;;597699586
AMC;1100848;2025-03-21;2.98;3.06;2.95;3.04;3.04;15273335;;431949800
AMCIU;11795308;2023-02-09;10.43;10.43;10.43;10.43;10.43;0;;15000000
AMCR;6475603;2025-03-21;9.66;9.66;9.25;9.44;9.44;61913346;;1445343212
AMCX;445716;2025-03-21;7.21;7.39;7.14;7.20;7.20;1307369;;44135594
AMD;191397;2025-03-21;105.33;107.25;104.33;106.44;106.44;30389806;;1620477962
AME;67669;2025-03-21;174.44;175.65;172.68;174.52;174.52;1421895;;230659382
AMED;904598;2025-03-21;92.72;92.86;91.32;92.38;92.38;1536086;;38368072
AMEH;6767577;2024-02-26;40.82;40.82;40.82;40.82;40.82;0;;55423408
AMG;62475;2025-03-21;167.52;168.99;166.63;168.11;168.11;568774;;29257014
AMGN;65735;2025-03-21;311.82;316.49;311.16;316.04;316.04;9954308;;537204943
AMH;445723;2025-03-21;36.59;36.89;36.22;36.38;36.38;4231065;;370134696
AMHCU;1841754;2021-09-24;14.86;16.28;14.65;16.28;16.28;4386;;
AMK;10384004;2024-09-05;35.24;35.24;35.24;35.24;35.24;0;;74831983
AMKR;693881;2025-03-21;19.08;19.52;18.93;19.42;19.42;14876241;;246731692
AMLX;11795032;2025-03-21;3.68;3.81;3.63;3.65;3.65;1505688;;88602468
AMMJ;11036310;2025-03-21;0.00;0.00;0.00;0.00;0.00;750;;185800915
AMN;683491;2025-03-21;23.86;24.52;23.81;24.08;24.08;1536511;;38189048
AMNB;7962980;2024-04-01;47.76;47.76;47.76;47.76;47.76;0;;10630679
AMOT;126799;2023-08-22;33.41;34.17;33.41;34.08;34.08;168097;;15661000
AMP;67872;2025-03-21;489.14;494.79;483.15;492.64;492.64;1408099;;96118499
AMPE;9076183;2025-03-21;0.00;0.00;0.00;0.00;0.00;59;;1135358
AMPH;6767559;2025-03-21;27.66;28.44;27.66;28.29;28.29;1478691;;47650121
AMPL;1307359;2025-03-21;11.59;11.89;11.51;11.65;11.65;1303314;;129410804
AMPS;10384317;2025-03-21;4.94;4.95;4.93;4.93;4.93;4082158;;160796477
AMPX;16532272;2025-03-21;2.18;3.11;2.07;3.11;3.11;11967036;;117926808
AMPY;10656554;2025-03-21;3.89;3.94;3.73;3.75;3.75;846717;;40332937
AMR;1787093;2025-03-21;122.80;125.87;122.00;125.06;125.06;998890;;13052684
AMRC;6767507;2025-03-21;12.60;13.66;12.53;13.41;13.41;1217864;;52541213
AMRK;259435;2025-03-21;29.03;29.33;27.82;28.42;28.42;758968;;23019185
AMRN;10656436;2025-03-21;0.46;0.47;0.43;0.46;0.46;1463792;;407848000
AMRS;1250896;2023-08-18;0.06;0.06;0.05;0.05;0.05;46746000;;322286529
AMRU;658903;2025-03-21;0.00;0.00;0.00;0.00;0.00;0;;235788132
AMRX;7962754;2025-03-21;8.88;9.00;8.65;8.66;8.66;2177321;;309966341
AMSC;33387;2025-03-21;19.61;20.00;19.10;19.84;19.84;875559;;39459733
AMSF;6767743;2025-03-21;51.35;52.49;51.03;51.72;51.72;404842;;19050315
AMSWA;196458;2024-10-01;11.23;11.23;10.84;10.95;10.95;121470;;33659006
AMT;68339;2025-03-21;213.86;219.61;212.64;216.23;216.23;6244566;;467457256
AMTB;10656428;2025-03-21;21.01;21.29;20.86;21.04;21.04;338118;;41920381
AMTD;356477;2025-03-21;1.13;1.13;1.09;1.13;1.13;9597;;90147355
AMTX;11034035;2025-03-21;1.95;2.04;1.95;2.01;2.01;651392;;53319340
AMV;16363529;2023-05-12;0.52;0.52;0.49;0.50;0.50;460274;;68884765
AMWD;77084;2025-03-21;59.22;59.47;58.31;58.78;58.78;463234;;14834665
AMWL;11795278;2025-03-21;7.80;7.97;7.67;7.81;7.81;46114;;14152996
AMZN;62747;2025-03-21;192.90;196.99;192.52;196.21;196.21;59904631;;10597729352
AN;66437;2025-03-21;163.83;167.31;162.74;166.81;166.81;439580;;39056586
ANAB;7962746;2025-03-21;17.46;18.21;16.93;17.08;17.08;1441705;;30666781
ANDE;6767645;2025-03-21;43.15;43.32;41.62;42.32;42.32;3437656;;34028010
ANDV;378224;2018-09-28;153.39;154.72;150.65;153.50;153.50;23880112;;151125987
ANDX;904346;2019-08-07;34.31;34.38;31.75;32.17;32.17;21465000;;245630444
ANEB;11034356;2025-03-21;1.93;2.01;1.61;1.61;1.61;226622;;41084731
ANET;536189;2025-03-21;81.64;83.84;80.75;83.13;83.13;10639655;;1261122596
ANF;188522;2025-03-21;80.07;80.72;78.00;79.38;79.38;3118247;;50372689
ANGI;647538;2025-03-21;1.59;1.62;1.53;1.56;1.56;2253760;;498450194
ANGO;7962928;2025-03-21;9.78;9.99;9.74;9.92;9.92;636948;;40634249
ANIK;823284;2025-03-21;15.44;15.74;15.29;15.42;15.42;136257;;14175994
ANIP;7962686;2025-03-21;63.45;65.51;63.03;64.26;64.26;519758;;16392000
ANIX;10656712;2025-03-21;3.17;3.18;3.11;3.16;3.16;74944;;32196862
ANNX;11819058;2025-03-21;2.45;2.48;2.33;2.40;2.40;5392279;;73855642
ANRO;15337143;2025-03-21;2.63;2.82;2.58;2.65;2.65;619001;;27072129
ANSS;126145;2025-03-21;320.11;326.27;318.83;324.20;324.20;546239;;87651781
ANTX;16682736;2025-03-21;1.46;1.49;1.42;1.46;1.46;107400;;29878890
ANVS;1253389;2025-03-21;1.77;1.81;1.72;1.75;1.75;211669;;13797242
ANY;1242009;2025-03-21;0.48;0.49;0.46;0.48;0.48;136285;;21238243
ANZU;12444305;2025-03-21;1.40;1.44;1.39;1.43;1.43;27997;;20244865
AOMR;10656646;2025-03-21;9.80;9.84;9.66;9.68;9.68;165684;;23511272
AON;67471;2025-03-21;392.29;395.00;388.94;390.35;390.35;1350457;;216001106
AORT;710985;2025-03-21;24.10;24.60;24.06;24.43;24.43;960407;;42047888
AOS;445771;2025-03-21;66.28;66.82;65.89;66.50;66.50;4059592;;25870069
AOSL;175314;2025-03-21;26.08;26.75;25.71;26.29;26.29;713538;;29414980
AOUT;12444435;2025-03-21;13.30;13.73;13.07;13.14;13.14;48974;;12734792
AP;995247;2025-03-21;2.11;2.24;2.10;2.17;2.17;11365;;20094617
APA;254576;2025-03-21;20.40;20.64;20.23;20.61;20.61;12391673;;1000
APAM;1299451;2025-03-21;40.11;40.49;39.78;40.34;40.34;1314133;;63500000
APC;67564;2019-08-08;72.40;72.95;72.12;72.77;72.77;44791047;;502453426
APD;185217;2025-03-21;290.76;291.68;287.35;291.65;291.65;2873715;;222475666
APDN;11035734;2025-03-21;1.85;1.90;1.69;1.79;1.79;2746056;;1103770
APEI;1234045;2025-03-21;22.50;22.50;21.99;22.18;22.18;131648;;17995753
APG;10383334;2025-03-21;37.21;37.48;36.66;37.14;37.14;1670037;;277558051
APGE;14821527;2025-03-21;39.87;40.64;38.18;39.84;39.84;646507;;
APH;65820;2025-03-21;65.60;67.05;64.64;66.60;66.60;11508309;;1211081107
APHE;12444343;2023-07-06;5.00;5.00;5.00;5.00;5.00;115;;21653326
APIC;34899;2016-11-11;17.38;17.38;17.38;17.38;17.38;0;;30440809
APLD;1342100;2025-03-21;7.12;7.29;6.99;7.07;7.07;18816701;;222903471
APLE;6767417;2025-03-21;13.36;13.36;13.01;13.33;13.33;4400350;;239770392
APLS;1873240;2025-03-21;24.01;24.57;23.90;24.14;24.14;2736427;;125515813
APLT;10656732;2025-03-21;0.49;0.62;0.48;0.57;0.57;4757832;;116356474
APMI;12442250;2023-08-25;10.32;10.32;10.32;10.32;10.32;0;;18750000
APO;817726;2025-03-21;143.33;144.85;141.23;143.41;143.41;4007363;;579000000
APOG;327543;2025-03-21;46.68;46.84;45.85;46.73;46.73;892729;;21943016
APOP;12444371;2021-10-28;13.12;13.37;13.10;13.17;13.17;17433;;53160626
APP;10383326;2025-03-21;301.05;315.27;296.13;314.03;314.03;9505695;;339958231
APPF;959861;2025-03-21;212.02;216.43;212.02;215.37;215.37;235307;;36404757
APPH;11034201;2023-08-01;0.08;0.08;0.07;0.07;0.07;9574535;;131124000
APPN;10383876;2025-03-21;29.19;30.82;28.81;30.79;30.79;882243;;74045111
APPS;826035;2025-03-21;3.30;3.62;3.24;3.52;3.52;2877044;;105006809
APRE;1164127;2025-03-21;2.42;2.44;2.34;2.39;2.39;12997;;5434903
APRN;978546;2023-11-13;12.99;12.99;12.99;12.99;12.99;0;;2903266
APT;11034570;2025-03-21;5.05;5.12;5.02;5.02;5.02;20945;;10873415
APTI;741619;2019-01-10;37.97;37.97;37.97;37.97;37.97;0;;45104489
APTM;17627784;2024-02-09;10.70;10.74;10.70;10.74;10.74;26539;;22644909
APTO;15539305;2025-03-21;3.89;3.95;3.37;3.69;3.69;43514;;650055
APTV;378125;2025-03-21;61.72;62.60;61.09;62.45;62.45;8966148;;229446368
APTX;9076165;2023-12-29;0.09;0.10;0.09;0.10;0.10;231126;;67716000
APU;723175;2019-08-21;31.50;31.59;30.99;31.22;31.22;1896899;;92999704
APVO;819111;2025-03-21;2.58;2.63;2.49;2.57;2.57;36708;;1458445
APXI;14122293;2024-12-16;12.03;12.03;11.90;11.90;11.90;1245;;9910124
APY;1234042;2025-03-21;29.32;29.80;29.18;29.54;29.54;7197876;;190800000
APYX;10656704;2025-03-21;1.22;1.34;1.19;1.26;1.26;75621;;37793886
AQB;11034852;2025-03-21;0.56;0.58;0.54;0.57;0.57;25275;;3865778
AQMS;11033965;2025-03-21;2.01;2.13;2.01;2.13;2.13;13923;;7131786
AQST;9076042;2025-03-21;3.04;3.25;3.01;3.21;3.21;3824257;;98871369
AQUA;6480961;2023-05-24;49.88;49.88;49.88;49.88;49.88;0;;115850000
AR;466098;2025-03-21;40.60;40.95;40.31;40.77;40.77;6346245;;311180000
ARA;84598;2021-01-25;11.48;11.52;11.33;11.52;11.52;9831;;34519163
ARAV;11033773;2025-03-21;0.04;0.04;0.04;0.04;0.04;0;;75727000
ARAY;173115;2025-03-21;1.82;1.87;1.79;1.86;1.86;708668;;102830522
ARBB;17776535;2025-03-21;0.77;0.86;0.77;0.84;0.84;582290;;26437500
ARC;10656688;2024-11-22;3.39;3.39;3.39;3.39;3.39;0;;43262384
ARCB;822441;2025-03-21;70.33;71.93;68.83;71.66;71.66;487729;;23150276
ARCC;10383314;2025-03-21;21.64;21.87;21.55;21.76;21.76;6477606;;671481609
ARCH;646016;2025-01-14;134.83;134.83;134.83;134.83;134.83;0;;18108609
ARCT;11795244;2025-03-21;12.59;12.93;11.60;12.88;12.88;559260;;27119823
ARCW;674718;2025-03-21;0.06;0.06;0.06;0.06;0.06;0;;23377256
ARD;9076317;2023-05-12;24.75;24.75;24.75;24.75;24.75;0;;236370000
ARDX;6767767;2025-03-21;5.43;5.50;5.00;5.13;5.13;8718148;;238356222
ARE;445788;2025-03-21;96.53;97.09;95.41;96.27;96.27;2197849;;173091762
AREC;12444639;2025-03-21;0.52;0.65;0.47;0.50;0.50;10006706;;77421255
ARES;10383304;2025-03-21;145.98;149.04;144.48;147.71;147.71;1749571;;182999515
AREX;919131;2020-12-31;0.01;0.01;0.01;0.01;0.01;164462;;93630390
ARG;442344;2016-05-31;142.95;142.95;142.95;142.95;142.95;0;;72600000
ARGC;13511338;2025-03-21;2.50;2.50;2.50;2.50;2.50;0;;7630000
ARGO;6767761;2023-11-16;29.99;29.99;29.99;29.99;29.99;0;;35100000
ARGX;18580652;2025-03-21;611.07;619.92;609.69;615.02;615.02;250919;;60760957
ARHS;1397113;2025-03-21;9.05;9.45;8.91;9.32;9.32;1195998;;140581034
ARI;498489;2025-03-21;9.97;10.02;9.81;9.85;9.85;2661322;;138871188
ARIS;11795246;2025-03-21;31.50;32.19;30.64;31.90;31.90;1195331;;58465300
ARKO;11795184;2025-03-21;4.01;4.14;4.01;4.13;4.13;1445797;;115771318
ARKR;952460;2025-03-21;9.85;10.40;9.74;9.99;9.99;8102;;3604157
ARL;9075760;2025-03-21;13.54;13.91;12.29;12.31;12.31;12605;;16152043
ARLO;1251690;2025-03-21;10.46;10.74;10.34;10.53;10.53;1401187;;102437935
ARLP;786231;2025-03-21;26.73;26.73;26.10;26.25;26.25;176863;;128428024
ARMK;361112;2025-03-21;33.87;34.58;33.52;34.42;34.42;3300679;;265104846
ARMK_old;692435;2025-03-21;33.87;34.58;33.52;34.42;34.42;3300679;;1385
ARMP;15337145;2025-03-21;1.99;2.30;1.79;1.79;1.79;86622;;36183067
ARNA;826177;2022-03-15;99.99;99.99;99.99;99.99;99.99;107;;61140000
ARNC;1195675;2023-08-17;29.99;30.02;29.98;29.99;29.99;4356209;;100129944
ARO;93605;2016-04-21;0.23;0.23;0.15;0.15;0.15;6199654;;79994458
AROC;998457;2025-03-21;26.36;26.68;26.24;26.41;26.41;2565075;;175268710
AROW;7962934;2025-03-21;26.10;26.53;25.24;25.69;25.69;108951;;16717564
ARPO;1841892;2025-03-21;1.99;2.05;1.91;2.05;2.05;401616;;24647392
ARQL;795983;2020-01-16;20.00;20.00;20.00;20.00;20.00;0;;120733695
ARQQ;18151361;2025-03-21;17.00;18.10;16.50;17.73;17.73;348703;;11545354
ARQT;11795192;2025-03-21;16.62;17.12;16.27;17.01;17.01;1973714;;117044591
ARR;6767791;2025-03-21;18.60;18.69;18.51;18.53;18.53;7357406;;76414932
ARRS;445801;2019-04-04;31.66;31.66;31.66;31.66;31.66;0;;146655682
ARRW;12444407;2024-04-17;10.28;11.59;8.29;10.00;10.00;130279;;8204530
ARRY;6744551;2025-03-21;5.58;5.78;5.55;5.69;5.69;6299010;;152013769
ARTE;11819297;2023-11-03;10.73;10.74;10.73;10.73;10.73;34989;;25156250
ARTNA;7962788;2025-03-21;31.31;31.47;30.50;30.71;30.71;203877;;10297945
ARTW;14122295;2025-03-21;1.69;1.70;1.62;1.70;1.70;16732;;5082459
ARTX;739639;2019-12-19;3.00;3.00;3.00;3.00;3.00;0;;26665240
ARVN;947146;2025-03-21;8.85;8.88;8.51;8.75;8.75;3234174;;68771867
ARW;445806;2025-03-21;104.52;105.47;103.48;104.40;104.40;3013429;;52172303
ARWR;952053;2025-03-21;15.11;15.22;14.69;14.80;14.80;4048281;;126098111
AS;18493381;2025-03-21;28.61;29.17;28.31;28.89;28.89;2002285;;553631196
ASAN;1070494;2025-03-21;13.71;14.59;13.50;14.45;14.45;4061550;;233075029
ASB;1234037;2025-03-21;22.65;22.81;22.28;22.51;22.51;4447355;;166245596
ASC;7962762;2025-03-21;10.37;10.37;9.99;10.01;10.01;1143388;;40455240
ASCB;16532268;2024-10-24;10.96;10.96;10.96;10.96;10.96;0;;25300000
ASCMA;707350;2019-08-30;0.80;1.00;0.80;0.82;0.82;19028;;12503070
ASFH;15394172;2025-03-21;1.00;1.00;1.00;1.00;1.00;0;;81551838
ASGN;1059907;2025-03-21;63.37;64.51;63.08;63.66;63.66;1535572;;43600000
ASH;136913;2025-03-21;55.22;56.45;54.93;56.45;56.45;2566765;;47182862
ASIX;6767781;2025-03-21;22.93;23.12;22.48;23.01;23.01;377810;;26744101
ASLE;11795208;2025-03-21;8.34;8.60;8.15;8.19;8.19;2812742;;53278368
ASM;18515891;2025-03-21;1.86;1.87;1.76;1.79;1.79;2302378;;140565642
ASMB;9076097;2025-03-21;11.00;11.30;10.70;11.01;11.01;25952;;7503385
ASNA;35533;2021-03-08;0.12;0.14;0.10;0.10;0.11;171672;;10090162
ASND;18245363;2025-03-21;161.99;168.40;161.50;165.99;165.99;354265;;60689487
ASO;1271540;2025-03-21;47.03;48.30;46.24;47.23;47.23;4791477;;67004727
ASPI;17623445;2025-03-21;4.16;4.28;4.11;4.19;4.19;1221375;;66686941
ASPN;491354;2025-03-21;6.72;7.08;6.60;7.04;7.04;1495415;;82059182
ASPS;9076048;2025-03-21;0.79;0.84;0.72;0.73;0.73;259557;;27173867
ASPU;652699;2025-03-21;0.18;0.18;0.16;0.17;0.17;29716;;25282947
ASRE;13626507;2025-03-21;0.07;0.08;0.07;0.08;0.08;142298;;82435382
ASRT;11818125;2025-03-21;0.70;0.74;0.69;0.72;0.72;852711;;95773083
ASRV;15585598;2025-03-21;2.43;2.46;2.35;2.40;2.40;28684;;16519267
ASTC;671045;2025-03-21;6.41;6.49;6.41;6.49;6.49;1819;;1701729
ASTE;6767783;2025-03-21;36.37;36.37;35.27;35.62;35.62;345961;;22803976
ASTL;18526123;2025-03-21;6.16;6.20;6.02;6.15;6.15;1286443;0.05;104858802
ASTR;12444679;2024-08-16;0.54;0.54;0.54;0.54;0.54;23;;22894457
ASTS;11795186;2025-03-21;24.22;25.99;24.03;25.71;25.71;6794263;;71845206
ASUR;9075758;2025-03-21;10.36;10.40;9.58;10.07;10.07;184830;;26979485
ASXC;10656670;2024-08-22;0.35;0.35;0.35;0.35;0.35;0;;272842574
ASYS;819674;2025-03-21;4.90;5.17;4.90;5.17;5.17;112833;;14289066
ATAI;16682738;2025-03-21;1.37;1.46;1.33;1.45;1.45;1413840;;198306455
ATAK;16232549;2025-03-21;0.36;0.39;0.35;0.39;0.39;547285;;47336304
ATCC;11794904;2025-03-18;0.00;0.00;0.00;0.00;0.00;50;;
ATCX;11816952;2023-04-19;12.25;12.25;12.25;12.25;12.25;0;;37774971
ATEC;10384215;2025-03-21;10.08;10.19;9.81;9.93;9.93;1751219;;144149232
ATEK;17711156;2025-03-21;6.00;6.00;6.00;6.00;6.00;0;;10145156
ATEN;6767755;2025-03-21;17.15;17.32;16.95;17.31;17.31;2769017;;73973179
ATER;15287362;2025-03-21;2.36;2.46;2.06;2.12;2.12;497450;;8755187
ATEX;10656420;2025-03-21;37.75;38.17;37.02;37.80;37.80;268177;;18586786
ATGE;6767543;2025-03-21;97.71;100.16;96.27;98.81;98.81;872199;;37264816
ATH;6475597;2021-12-31;83.29;84.32;82.17;83.33;83.33;3496445;;191700000
ATHA;12444449;2025-03-21;0.32;0.35;0.31;0.33;0.33;63896;;39042445
ATHX;9076146;2025-03-21;0.00;0.00;0.00;0.00;0.00;6960;;18292000
ATI;442346;2025-03-21;51.69;52.75;51.08;52.04;52.04;22242630;;142166931
ATIF;13511364;2024-12-17;0.64;0.67;0.60;0.64;0.64;110406;;11917452
ATIP;14101602;2025-03-21;1.21;1.21;1.21;1.21;1.21;866;;4411499
ATKR;368117;2025-03-21;62.83;63.62;62.00;62.61;62.61;2776695;;34398716
ATLC;11817581;2025-03-21;50.18;51.95;50.05;50.51;50.51;52498;;15115344
ATLO;9075938;2025-03-21;17.64;17.84;17.50;17.50;17.50;38742;;8915557
ATLX;15585604;2025-03-21;5.59;5.86;5.59;5.70;5.70;97563;;16972841
ATMU;13841927;2025-03-21;37.81;38.10;37.38;37.51;37.51;2081631;;82866170
ATMVU;16905831;2025-03-21;11.31;11.31;11.31;11.31;11.31;0;;7006329
ATNI;7962748;2025-03-21;22.24;22.88;22.14;22.79;22.79;196174;;15481207
ATNM;11819869;2025-03-21;1.39;1.57;1.38;1.55;1.55;617913;;31195891
ATNX;785769;2023-05-24;0.22;0.26;0.20;0.20;0.20;1880202;;6973670
ATO;445830;2025-03-21;150.37;152.04;147.90;148.63;148.63;1904085;;158728197
ATOM;1070617;2025-03-21;5.56;5.74;5.51;5.64;5.64;206908;;30703865
ATOS;11033979;2025-03-21;0.71;0.75;0.71;0.75;0.75;1063016;;125801254
ATR;445832;2025-03-21;144.00;145.46;142.36;144.82;144.82;596270;;66495293
ATRA;9075796;2025-03-21;6.61;6.90;6.52;6.63;6.63;37573;;5858909
ATRC;6767491;2025-03-21;34.53;35.24;33.45;33.54;33.54;956506;;48879604
ATRI;6767741;2024-08-21;459.92;459.92;459.92;459.92;459.92;0;;1759954
ATRO;683677;2025-03-21;24.91;25.38;24.79;25.35;25.35;502039;;35269163
ATRS;9076275;2022-09-07;5.59;5.59;5.59;5.59;5.59;6;;170104000
ATSG;6767609;2025-03-21;22.31;22.34;22.31;22.33;22.33;947336;;65890477
ATUS;997777;2025-03-21;2.62;2.69;2.60;2.68;2.68;4259570;;463230046
ATVCU;11818342;2025-03-14;2.01;2.01;2.01;2.01;2.01;0;;
ATVI;243;2023-10-13;94.42;94.42;94.42;94.42;94.42;0;;786000000
ATW;412984;2017-10-19;9.14;9.14;9.14;9.14;9.14;0;;80458655
ATXG;13841921;2025-03-21;0.79;0.79;0.79;0.79;0.79;1474;;6043769
ATXS;11817855;2025-03-21;6.31;6.44;6.25;6.41;6.41;856291;;56434219
AUB;10384197;2025-03-21;32.45;32.47;31.77;32.01;32.01;3262162;;89826664
AUBN;9076060;2025-03-21;20.65;21.75;20.65;21.75;21.75;2730;;3493699
AUGG;11034015;2025-03-21;0.83;0.85;0.83;0.83;0.83;4646;;85929753
AUGX;1295830;2024-10-02;2.35;2.35;2.35;2.35;2.35;0;;49243752
AUMN;11034901;2025-03-21;0.35;0.35;0.26;0.29;0.29;327578;;15053048
AUPH;13901120;2025-03-21;8.26;8.53;8.23;8.44;8.44;2064739;;137339016
AUR;11795062;2025-03-21;6.95;7.34;6.85;7.23;7.23;14843909;;1740426620
AURA;1873135;2025-03-21;7.45;7.59;7.34;7.50;7.50;282589;;49951466
AURX;16633082;2025-03-21;1.19;1.19;1.19;1.19;1.19;0;;45466238
AUSI;13626503;2025-03-21;0.35;0.35;0.34;0.35;0.35;3450;;115780011
AUTL;15337147;2025-03-21;1.73;1.75;1.56;1.70;1.70;1642963;;266128900
AUVI;11035920;2024-07-05;0.01;0.02;0.01;0.01;0.01;133903;;4285995
AVA;703252;2025-03-21;40.01;40.20;39.43;39.70;39.70;3954964;;80126259
AVAC;10656546;2023-06-07;9.17;9.17;8.77;9.10;9.10;54790;;26030250
AVAH;11820323;2025-03-21;5.40;5.46;5.00;5.29;5.29;591366;;195093866
AVAV;75856;2025-03-21;123.83;125.15;122.47;125.01;125.01;721452;;28218842
AVB;66223;2025-03-21;210.28;211.16;207.94;209.56;209.56;1484864;;142254778
AVD;1340567;2025-03-21;4.67;4.67;4.48;4.54;4.54;578091;;28787829
AVDL;10384271;2025-03-21;8.58;8.67;8.43;8.57;8.57;910639;;96629435
AVDX;11795072;2025-03-21;8.40;8.53;8.23;8.48;8.48;2198705;;204441251
AVEO;809080;2023-01-19;14.99;15.00;14.99;15.00;15.00;247877;;34503000
AVGO;686523;2025-03-21;188.21;192.07;187.37;191.66;191.66;41025798;;4701948717
AVGO_old;378100;2025-03-21;188.21;192.07;187.37;191.66;191.66;41025798;;2764895750
AVGR;896087;2025-03-21;0.47;0.47;0.47;0.47;0.47;0;;3196791
AVHI;13511330;2024-10-29;11.20;11.20;11.20;11.20;11.20;0;;3138321
AVID;6767713;2023-11-07;27.04;27.04;27.04;27.04;27.04;0;;43813000
AVIR;11819048;2025-03-21;3.12;3.29;3.08;3.22;3.22;557682;;85525179
AVLR;989057;2022-10-28;93.48;93.48;93.48;93.48;93.48;0;;87989000
AVMR;15394212;2025-03-21;9.40;9.40;9.40;9.40;9.40;0;;170864381
AVNS;536304;2025-03-21;14.57;14.87;14.52;14.67;14.67;1516077;;46003150
AVNT;1234038;2025-03-21;38.94;39.16;37.48;38.39;38.39;1376662;;91439343
AVNW;208290;2025-03-21;19.58;19.70;19.18;19.65;19.65;104016;;12683983
AVO;1303644;2025-03-21;9.98;10.11;9.71;9.76;9.76;880043;;71071752
AVP;335142;2020-01-03;5.64;5.92;5.05;5.60;5.60;165158531;;443525346
AVPT;11795210;2025-03-21;14.87;15.13;14.85;15.05;15.05;1729547;;201831243
AVRO;9076124;2024-06-21;1.40;1.40;1.40;1.40;1.40;0;;3739649
AVT;884659;2025-03-21;47.50;47.60;46.70;46.99;46.99;7679526;;86504562
AVTE;11795304;2025-03-21;2.44;2.56;2.44;2.52;2.52;76512;;28874513
AVTR;1033572;2025-03-21;16.15;16.63;16.09;16.54;16.54;11535743;;680902572
AVTX;16679903;2025-03-21;7.90;8.19;7.47;7.66;7.66;33870;;1034130
AVXL;436223;2025-03-21;9.83;10.03;9.65;9.74;9.74;2371287;;85064199
AVY;66346;2025-03-21;175.24;175.68;173.02;174.58;174.58;1480316;;78994622
AVYA;934338;2023-02-15;0.28;0.28;0.28;0.28;0.28;0;;85600000
AWI;253579;2025-03-21;139.61;141.30;137.82;141.06;141.06;550305;;43464252
AWK;168302;2025-03-21;141.83;143.75;139.98;141.13;141.13;2584897;;194947313
AWR;6767427;2025-03-21;75.38;76.32;74.67;75.44;75.44;632875;;38156568
AWRE;512152;2025-03-21;1.66;1.69;1.61;1.69;1.69;27492;;21203919
AWX;129218;2025-03-21;2.96;3.33;2.96;3.33;3.33;12026;;3899431
AX;6767487;2025-03-21;63.33;64.47;63.13;64.21;64.21;1092446;;57098476
AXAS;960882;2023-06-22;0.03;0.03;0.03;0.03;0.03;691;;9705000
AXDX;1250895;2025-03-21;1.11;1.24;1.02;1.06;1.06;156458;;23679383
AXGN;822853;2025-03-21;17.85;18.23;17.50;17.72;17.72;452592;;44343785
AXL;980335;2025-03-21;4.53;4.60;4.38;4.45;4.45;5265079;;117581028
AXN;329205;2017-10-16;0.13;0.13;0.12;0.12;0.12;284024;;76209195
AXNX;10383867;2024-11-15;70.98;70.98;70.98;70.98;70.98;0;;51109154
AXON;493957;2025-03-21;550.63;562.28;544.34;560.00;560.00;783043;;76623266
AXP;413080;2025-03-21;267.85;270.56;265.16;270.51;270.51;4191816;;702532111
AXR;13511430;2025-03-21;21.32;21.91;20.93;21.21;21.21;9498;;5287449
AXREF;16318981;2025-03-21;0.37;0.38;0.37;0.37;0.37;11951;;211702894
AXS;971612;2025-03-21;94.37;95.29;93.76;95.00;95.00;2203213;;80786584
AXSM;10383750;2025-03-21;124.75;128.50;124.00;126.79;126.79;789787;;48765403
AXTA;702906;2025-03-21;33.49;33.92;33.30;33.81;33.81;1577080;;218143313
AXTI;704072;2025-03-21;1.69;1.70;1.65;1.68;1.68;186314;;45597995
AY;1300945;2024-12-12;21.99;21.99;21.99;21.99;21.99;10;;116055126
AYI;61705;2025-03-21;264.98;265.09;260.55;264.18;264.18;396259;;30863344
AYRO;11035508;2025-03-21;0.51;0.55;0.51;0.53;0.53;20859;;6812141
AYX;695370;2024-03-18;48.25;48.27;48.25;48.26;48.26;6788733;;72271128
AZEK;1312108;2025-03-21;41.07;41.67;40.67;41.39;41.39;1679389;;143671503
AZI;18202174;2025-03-21;0.65;0.75;0.62;0.67;0.67;361208;;
AZN;15665002;2025-03-21;75.59;75.90;74.67;74.93;74.93;5173076;;
AZO;58197;2025-03-21;3594.29;3617.28;3547.80;3606.34;3606.34;208040;;16782160
AZPN;445871;2025-03-12;264.33;264.33;264.33;264.33;264.33;0;;66775000
AZTR;15204636;2025-03-21;0.33;0.34;0.32;0.33;0.33;675095;;14979354
AZYO;15071398;2025-03-21;3.08;3.15;2.92;2.92;2.92;120834;;40736888
AZZ;82401;2025-03-21;82.53;83.20;80.81;82.44;82.44;610091;;29816258
B;6767521;2025-01-27;47.48;47.48;47.48;47.48;47.48;0;;50940019
BA;70844;2025-03-21;172.06;183.46;170.77;178.11;178.11;26668642;;750074411
BABL;666098;2025-03-21;0.29;0.29;0.29;0.29;0.29;0;;2393798
BAC;71941;2025-03-21;42.16;42.66;41.89;42.47;42.47;62911296;;7604677274
BACA;11818020;2024-09-27;10.64;10.64;10.64;10.64;10.64;4033;;2610371
BAER;15296757;2025-03-21;1.52;1.53;1.37;1.37;1.37;518474;;54218024
BAFN;16633048;2025-03-21;18.20;19.10;17.13;19.00;19.00;12359;;4132986
BAH;182296;2025-03-21;103.60;104.40;101.05;104.14;104.14;5180422;;126645604
BALL;247618;2025-03-21;51.02;51.19;50.34;50.69;50.69;4053141;;282822891
BALY;10384305;2025-03-21;15.99;18.25;15.99;18.25;18.25;451959;;48509873
BANC;7962720;2025-03-21;14.01;14.26;13.85;14.09;14.09;5918683;;57434374
BAND;10656524;2025-03-21;14.79;15.17;14.60;15.10;15.10;239135;;28623772
BANF;6767471;2025-03-21;109.00;112.23;107.36;109.61;109.61;455196;;33228202
BANR;6767591;2025-03-21;64.15;64.51;63.23;63.77;63.77;777532;;34459832
BARK;12442276;2025-03-21;1.36;1.42;1.35;1.40;1.40;1043441;;174914853
BASE;10384327;2025-03-21;14.10;14.49;14.06;14.47;14.47;1086629;;52347954
BATL;637325;2025-03-21;1.16;1.32;1.08;1.32;1.32;108737;;16456563
BATRA;17623447;2025-03-21;43.13;43.59;42.56;42.71;42.71;145338;;
BATRK;17623449;2025-03-21;39.71;40.15;39.36;39.38;39.38;289024;;
BAX;254808;2025-03-21;33.22;33.64;33.00;33.19;33.19;8006270;;511624996
BB;1108872;2025-03-21;4.37;4.40;4.30;4.33;4.33;15408392;;591583200
BBAI;17623451;2025-03-21;2.93;2.99;2.85;2.97;2.97;21501228;;
BBBI;1017398;2025-03-21;50.86;50.86;50.84;50.84;50.84;528;;1824662
BBBY;60362;2023-09-29;0.10;0.11;0.07;0.08;0.08;8823802;;90708000
BBCP;11817699;2025-03-21;5.76;5.77;5.61;5.63;5.63;173662;;53050945
BBDC;10384299;2025-03-21;9.57;9.65;9.56;9.59;9.59;459800;;105408938
BBGI;652265;2025-03-21;6.05;6.05;5.81;5.81;5.81;1289;;1771827
BBIO;3240601;2025-03-21;33.39;35.09;33.09;34.77;34.77;3460867;;190188626
BBLR;15296759;2025-03-21;0.01;0.01;0.01;0.01;0.01;0;;159690447
BBQ;12442262;2022-09-27;17.29;17.29;17.24;17.24;17.24;14040;;10756000
BBRG;350647;2018-05-25;4.05;4.05;4.05;4.05;4.05;0;;15295015
BBSI;684470;2025-03-21;40.92;40.96;40.15;40.82;40.82;235835;;25833116
BBUC;17630802;2025-03-21;26.15;26.74;26.10;26.48;26.48;144883;;
BBVA;18322821;2025-03-21;14.06;14.20;14.04;14.14;14.14;2862039;;5763285465
BBW;10656510;2025-03-21;36.73;37.51;36.18;37.33;37.33;352287;;13439903
BBWI;185942;2025-03-21;29.58;30.56;29.21;30.28;30.28;36594488;;214225864
BBXIA;12444409;2025-03-21;6.73;6.90;6.73;6.90;6.90;1343;;14243207
BBY;71192;2025-03-21;72.56;73.72;71.38;73.56;73.56;6823923;;211369657
BC;121407;2025-03-21;55.28;57.08;55.26;56.63;56.63;1218187;;65838981
BCAB;1822744;2025-03-21;0.36;0.37;0.35;0.35;0.35;306541;;48345573
BCAC;11795290;2019-07-16;3.06;3.11;2.61;2.95;2.95;29998;;
BCBP;9075898;2025-03-21;9.91;10.16;9.82;10.13;10.13;88359;;17162627
BCC;1788784;2025-03-21;98.85;99.53;97.44;99.46;99.46;2108646;;37932989
BCDA;15585608;2025-03-21;2.52;2.83;2.50;2.66;2.66;46618;;4584285
BCEL;11034970;2024-09-25;0.09;0.09;0.09;0.09;0.09;0;;39092167
BCLI;10656718;2025-03-21;1.51;1.53;1.37;1.41;1.41;129307;;5703426
BCML;9075888;2025-03-21;25.19;25.51;24.25;24.95;24.95;57304;;11130147
BCO;494050;2025-03-21;84.98;85.58;82.78;83.83;83.83;1253871;;43139798
BCOR;651518;2023-01-24;27.39;27.75;27.03;27.27;27.27;365553;;48034000
BCOV;9075928;2025-02-04;4.45;4.45;4.45;4.45;4.45;0;;45135653
BCOW;16453505;2025-03-21;9.81;10.10;9.81;10.10;10.10;6239;;5958261
BCPC;700317;2025-03-21;162.40;162.91;160.12;161.17;161.17;749961;;32532724
BCR;71733;2017-12-29;331.24;331.24;331.24;331.24;331.24;0;;72892372
BCRD;13950750;2025-03-21;6.25;6.25;6.25;6.25;6.25;0;;14272558
BCRX;6767589;2025-03-21;7.62;8.10;7.60;7.98;7.98;4928489;;208960020
BCS;18252579;2025-03-21;15.51;15.80;15.42;15.75;15.75;14020663;;14419599565
BCSF;10384309;2025-03-21;16.72;16.83;16.65;16.80;16.80;224012;;64614594
BCTF;13511320;2025-03-21;13.00;13.00;13.00;13.00;13.00;0;;6665415
BCTX;13511394;2025-03-21;4.41;4.57;4.18;4.47;4.47;18752;;3709440
BCYC;10656410;2025-03-21;9.43;9.67;9.08;9.08;9.08;258785;;30001725
BCYP;11817259;2020-01-31;0.01;0.01;0.01;0.01;0.01;1000;;
BDC;1234039;2025-03-21;100.97;102.27;100.32;101.80;101.80;701259;;40269390
BDL;13511304;2025-03-21;24.76;25.20;24.76;25.00;25.00;3610;;1858647
BDN;949484;2025-03-21;4.58;4.62;4.48;4.48;4.48;4688357;;173070657
BDSI;11795286;2022-03-22;5.60;5.60;5.59;5.59;5.59;2090567;;98699857
BDSX;1253248;2025-03-21;0.82;0.88;0.79;0.85;0.85;170491;;145978410
BDTX;15091627;2025-03-21;1.80;1.83;1.67;1.78;1.78;5992995;;56662222
BDX;71373;2025-03-21;231.09;231.27;227.94;230.23;230.23;4260047;;287135421
BE;1059129;2025-03-21;25.00;25.15;23.23;23.95;23.95;7834131;;230398527
BEAM;1253264;2025-03-21;22.60;23.43;22.14;23.30;23.30;2506390;;83688295
BEAT;15296775;2025-03-21;1.96;1.99;1.81;1.98;1.98;82403;;33725467
BEBE;998467;2025-03-21;0.72;0.72;0.72;0.72;0.72;46;;11270293
BECN;6481033;2025-03-21;123.80;123.90;123.73;123.77;123.77;11309385;;61582627
BEDU;17705104;2025-03-21;1.74;1.98;1.49;1.85;1.85;95905;;118904817
BEEM;11033849;2025-03-21;2.14;2.25;2.14;2.21;2.21;69385;;14773901
BELFA;17630804;2025-03-21;73.09;73.48;72.87;72.91;72.91;10372;;
BELFB;7962760;2025-03-21;74.20;74.21;72.36;73.55;73.55;122454;;12538938
BEN;378153;2025-03-21;19.81;19.98;19.62;19.87;19.87;12258513;;525397977
BENF;12442150;2025-03-21;0.34;0.36;0.34;0.34;0.34;150240;;4245622
BEP;1302956;2025-03-21;23.60;23.80;23.46;23.69;23.69;541213;;285180371
BEPC;18418652;2025-03-21;29.08;29.40;28.99;29.37;29.37;839372;;144921168
BERK;998453;2022-11-07;12.44;12.44;12.44;12.44;12.44;0;;14416198
BERY;470977;2025-03-21;69.68;69.83;66.66;68.11;68.11;2105507;;115800000
BF-A;185450;2025-03-21;34.14;34.64;33.99;34.06;34.06;284008;;472669145
BFAM;132997;2025-03-21;125.70;126.11;124.21;124.73;124.73;568415;;57354223
BFC;10384319;2025-03-21;101.96;101.96;100.53;100.53;100.53;69235;;9994639
BFGX;13774416;2023-05-12;12.00;12.00;12.00;12.00;12.00;0;;7950500
BFH;68960;2025-03-21;49.14;50.32;48.65;50.00;50.00;1283835;;49092356
BFIN;9076030;2025-03-21;12.72;13.04;12.72;12.99;12.99;17037;;12460678
BFLD;666100;2023-05-12;0.00;0.00;0.00;0.00;0.00;0;;437503920
BFLY;1253249;2025-03-21;2.65;2.70;2.59;2.64;2.64;4195703;;216496214
BFRG;16409719;2025-03-21;1.77;1.80;1.73;1.76;1.76;66442;;9415525
BFRI;11035600;2025-03-21;1.00;1.02;0.81;0.86;0.86;270897;;8873932
BFS;664571;2025-03-21;35.70;35.91;35.23;35.79;35.79;125181;;24200795
BFST;7962918;2025-03-21;24.54;24.75;24.30;24.45;24.45;173599;;29552358
BG;445920;2025-03-21;73.65;74.68;72.67;73.25;73.25;10328794;;149195908
BGCP;625540;2023-06-30;4.43;4.69;4.41;4.43;4.43;2951608;;375220000
BGFV;1248288;2025-03-21;0.98;1.00;0.96;0.99;0.99;143787;;22687585
BGG;252726;2020-07-20;0.78;0.78;0.78;0.78;0.78;150800;;42453535
BGI;16198963;2025-03-21;1.15;1.19;1.14;1.14;1.14;20260;;
BGLC;15539309;2025-03-21;0.30;0.30;0.28;0.28;0.28;41084;;17967663
BGNE;734219;2024-12-31;184.00;187.42;183.91;184.71;184.71;331608;;106613760
BGRY;11818097;2023-08-14;1.40;1.40;1.40;1.40;1.40;156;;241599990
BGS;327019;2025-03-21;6.87;7.24;6.85;7.09;7.09;3023382;;79138243
BGSF;346052;2025-03-21;3.70;3.73;3.40;3.54;3.54;45614;;11077007
BGSX;11819359;2023-03-16;10.17;10.20;10.17;10.20;10.20;62441;;5000000
BGXX;16905835;2025-03-21;0.04;0.04;0.04;0.04;0.04;4894;;191166318
BH;995149;2025-03-21;220.46;221.00;211.17;211.81;211.81;6347;;2275504
BHAC;12444461;2025-03-21;12.00;12.00;12.00;12.00;12.00;0;;5750000
BHB;7962922;2025-03-21;30.05;30.45;29.22;29.73;29.73;105344;;15317222
BHC;542074;2025-03-21;7.04;7.22;6.96;7.16;7.16;2533825;;367933897
BHE;95106;2025-03-21;40.33;40.77;39.74;40.10;40.10;4435090;;36016624
BHF;696260;2025-03-21;57.15;58.61;57.15;57.98;57.98;861459;;58060494
BHG;16682794;2025-03-21;5.16;5.61;5.16;5.61;5.61;43356;;8284788
BHI;71832;2017-07-05;57.68;57.68;57.68;57.68;57.68;0;17.50;426000000
BHIL;1340566;2025-03-21;0.36;0.40;0.34;0.35;0.35;584668;;6114020
BHLB;998454;2025-03-21;26.20;26.39;25.86;26.12;26.12;1762654;;46404929
BHLL;13511332;2025-03-21;0.11;0.11;0.11;0.11;0.11;204753;;349677625
BHM;15091629;2025-03-21;12.03;12.08;12.03;12.08;12.08;1655;;3961708
BHP;17616590;2025-03-21;48.71;49.23;48.64;49.15;49.15;2242023;;5071530817
BHR;949483;2025-03-21;2.92;2.93;2.79;2.80;2.80;415520;;67046523
BHVN;7962588;2025-03-21;27.76;28.88;27.20;28.54;28.54;1093304;;71043693
BICX;16682744;2025-03-21;0.32;0.32;0.32;0.32;0.32;0;;10890521
BID;136608;2019-10-14;56.99;56.99;56.99;56.99;56.99;0;;46618153
BIG;49609;2024-09-09;0.50;0.50;0.50;0.50;0.50;11553;;29694012
BIGC;10656450;2025-03-21;6.04;6.04;5.83;5.99;5.99;740328;;78600000
BIIB;71079;2025-03-21;141.24;142.18;139.87;140.90;140.90;3421107;;146374937
BILL;1801461;2025-03-21;47.11;48.40;46.69;47.92;47.92;1871542;;101946895
BIMT;13992939;2025-03-21;2.20;2.20;2.20;2.20;2.20;0;;7250750
BIO;130356;2025-03-21;252.58;256.74;250.70;256.68;256.68;1438675;;28011142
BIOF;15539307;2025-03-21;0.12;0.12;0.12;0.12;0.12;70567;;308629508
BIOX;17776537;2025-03-21;4.33;4.40;4.08;4.36;4.36;422612;;62848483
BIPC;17630806;2025-03-21;35.32;35.53;34.92;35.36;35.36;963987;;131872066
BIRD;12442260;2025-03-21;5.27;5.27;5.08;5.14;5.14;48250;;8002456
BIVI;11819222;2025-03-21;1.18;1.25;1.09;1.12;1.12;291908;;18451981
BIXT;15394180;2025-03-21;0.15;0.18;0.14;0.18;0.18;706445;;85782908
BJ;1234040;2025-03-21;108.15;110.50;106.71;110.19;110.19;2623005;;131676982
BJRI;537369;2025-03-21;33.49;34.26;33.15;34.05;34.05;484988;;22718160
BK;467599;2025-03-21;83.62;84.14;82.67;83.55;83.55;9660450;;716320652
BKCC;10656594;2024-03-18;3.70;3.70;3.66;3.68;3.68;143336;;72571907
BKD;732304;2025-03-21;6.10;6.22;6.00;6.02;6.02;2893120;;200189063
BKE;196385;2025-03-21;37.91;39.58;37.62;39.05;39.05;3686733;;50773796
BKH;253495;2025-03-21;60.04;60.56;58.85;59.23;59.23;1314822;;23416396
BKI;889703;2023-09-05;75.76;75.76;75.76;75.76;75.76;0;;155000000
BKKT;12444463;2025-03-21;10.64;12.40;10.29;11.93;11.93;683545;;3275173
BKNG;261036;2025-03-21;4531.33;4645.11;4457.33;4617.26;4617.26;550938;;32815201
BKR;679135;2025-03-21;44.20;44.68;43.69;44.11;44.11;19970509;;990111854
BKS;763488;2019-08-19;6.49;6.49;6.49;6.49;6.49;0;;73206809
BKSY;12444267;2025-03-21;8.49;8.81;8.30;8.71;8.71;866434;;31639985
BKTI;546874;2025-03-21;31.94;31.94;31.06;31.88;31.88;7309;;3563275
BKU;815914;2025-03-21;34.55;34.92;34.23;34.68;34.68;1635438;;74751086
BKUH;11818111;2025-03-21;0.01;0.01;0.01;0.01;0.01;0;;301302983
BL;371763;2025-03-21;49.48;50.39;49.40;50.29;50.29;1301352;;62814333
BLAC;16905833;2025-03-21;1.58;1.71;1.58;1.71;1.71;44896;;4041221
BLBD;7962726;2025-03-21;34.17;34.42;33.30;33.55;33.55;864881;;32111078
BLCM;808260;2024-03-04;0.08;0.09;0.07;0.07;0.07;6059;;30831161
BLCO;13992937;2025-03-21;15.73;15.73;15.47;15.56;15.56;162589;;352470796
BLD;1055096;2025-03-21;300.55;300.90;295.60;298.52;298.52;733434;;29227592
BLDE;12442254;2025-03-21;2.97;3.03;2.94;3.02;3.02;686223;;79694028
BLDR;826504;2025-03-21;126.88;127.00;124.33;126.46;126.46;4152240;;113621373
BLFS;148798;2025-03-21;24.81;25.74;24.19;24.99;24.99;569608;;47000000
BLFY;10656566;2025-03-21;9.20;9.31;9.13;9.24;9.24;144426;;22796274
BLGO;16849637;2025-03-21;0.27;0.29;0.27;0.29;0.29;156567;;
BLI;1250891;2023-10-02;1.00;1.00;1.00;1.00;1.00;0;;71372063
BLIN;11035972;2025-03-21;1.45;1.52;1.36;1.44;1.44;22938;;10442609
BLK;914;2025-03-21;948.00;956.34;938.17;951.73;951.73;5203725;;148128478
BLKB;445967;2025-03-21;63.14;64.38;62.76;63.13;63.13;1231322;;49236495
BLMN;6767511;2025-03-21;7.94;8.08;7.72;7.78;7.78;3621226;;84930752
BLND;12444359;2025-03-21;3.66;3.79;3.60;3.65;3.65;4029440;;241444000
BLNK;11817124;2025-03-21;0.99;1.05;0.98;0.99;0.99;2560057;;101175406
BLOX;252645;2016-11-07;26.45;26.45;26.45;26.45;26.45;0;;59762000
BLPH;11033857;2024-12-18;0.01;0.01;0.01;0.01;0.01;7027;;12231726
BLTE;18557137;2025-03-21;67.81;67.82;66.63;67.28;67.28;17485;;31826549
BLUE;787981;2025-03-21;3.93;3.99;3.86;3.90;3.90;152765;;9722217
BLX;7962710;2025-03-21;37.61;37.83;37.10;37.18;37.18;214263;;36539861
BLZE;3192396;2025-03-21;5.31;5.45;5.27;5.40;5.40;1368047;;54300000
BMAC;11817812;2025-03-21;10.60;10.60;10.60;10.60;10.60;0;;34500000
BMAQ;11034502;2023-04-24;10.55;10.55;10.47;10.47;10.47;10132;;9528537
BMBL;1242698;2025-03-21;4.52;4.60;4.46;4.53;4.53;5657243;;105545604
BMBN;12444539;2025-03-21;25.00;25.00;25.00;25.00;25.00;0;;
BMEA;11795158;2025-03-21;2.76;2.92;2.71;2.87;2.87;993445;;36238687
BMI;252337;2025-03-21;194.18;195.25;187.67;189.49;189.49;912218;;29410893
BMNR;13511392;2025-03-21;0.40;0.48;0.34;0.34;0.34;5200;;39667607
BMO;18151363;2025-03-21;97.03;97.51;95.99;96.70;96.70;1041033;;
BMRA;245138;2025-03-21;0.70;0.71;0.68;0.69;0.69;110167;;18336994
BMRC;9075832;2025-03-21;22.26;24.24;22.03;22.09;22.09;125258;;16116627
BMRN;135371;2025-03-21;71.55;72.06;70.68;71.24;71.24;3083128;;190777052
BMS;687804;2019-06-28;57.25;57.25;57.25;57.25;57.25;0;;91211989
BMTC;9076267;2021-12-31;45.48;46.07;44.78;45.01;45.01;924796;;19891618
BMY;255210;2025-03-21;60.23;61.34;59.84;61.07;61.07;25813206;;2029312023
BNCL;748225;2019-02-28;16.05;16.24;15.97;16.12;16.12;1823104;;74691275
BNED;75409;2025-03-21;9.59;10.11;9.55;9.84;9.84;406134;;34053847
BNET;13841929;2025-03-21;0.07;0.14;0.07;0.14;0.14;75000;;56582169
BNFT;967945;2023-01-24;10.50;10.50;10.50;10.50;10.50;0;;34279464
BNGO;1253246;2025-03-21;3.18;3.32;3.16;3.25;3.25;74448;;1703287
BNL;11794980;2025-03-21;17.06;17.09;16.79;16.86;16.86;2385079;;188798660
BNNR;11820489;2023-05-12;10.29;10.65;10.29;10.29;10.29;59275;;15700000
BNOW;13511436;2023-04-21;0.00;0.00;0.00;0.00;0.00;19305458;;3496187693
BNR;18142772;2025-03-21;5.40;5.71;5.39;5.70;5.70;8192;;
BNS;18149033;2025-03-21;47.73;48.03;47.55;48.00;48.00;2008362;;
BNTC;11036129;2025-03-21;16.50;16.90;15.63;16.11;16.11;166212;;23451475
BOC;17630808;2025-03-21;13.94;14.17;13.89;13.95;13.95;284186;;
BOCH;9076295;2021-09-30;15.49;15.89;15.17;15.17;15.17;431073;;16736000
BOCN;15337151;2024-12-05;11.00;11.76;10.50;10.71;10.71;16589;;23718750
BODY;12444323;2024-03-01;8.73;8.73;8.04;8.14;8.14;18086;;6182811
BOH;998597;2025-03-21;68.50;68.78;67.31;68.44;68.44;2826897;;39760303
BOJA;82963;2019-01-28;16.09;16.09;16.09;16.09;16.09;0;;37548674
BOKF;344670;2025-03-21;102.02;103.36;101.51;102.02;102.02;340170;;64226062
BOLT;11034280;2025-03-21;0.44;0.44;0.41;0.44;0.44;27911;;38273002
BONT;200557;2018-02-05;0.13;0.15;0.08;0.09;0.09;1042422;;2951490
BOOM;953277;2025-03-21;8.46;8.82;8.44;8.77;8.77;206127;;20241851
BOOT;39510;2025-03-21;105.30;107.64;103.47;104.73;104.73;1090117;;30592974
BORR;17630810;2025-03-21;2.35;2.38;2.30;2.33;2.33;4773116;;252582036
BOTJ;15585606;2025-03-21;14.70;15.20;14.43;14.66;14.66;29988;;4543338
BOWL;13703864;2025-03-21;9.97;10.16;9.82;9.96;9.96;269300;;147451496
BOX;47121;2025-03-21;30.05;30.64;29.94;30.37;30.37;2338238;;143789202
BOXL;1017526;2025-03-21;1.48;1.62;1.42;1.62;1.62;32001;;1966086
BPFH;9076319;2021-06-30;14.65;14.86;14.61;14.75;14.75;1387347;;82292450
BPL;669884;2019-11-27;41.46;41.46;41.46;41.46;41.46;0;;153923492
BPMC;781830;2025-03-21;87.95;90.25;86.99;88.72;88.72;1744570;;63906011
BPMP;960880;2022-04-05;17.11;17.11;17.11;17.11;17.11;0;;104800000
BPOP;883509;2025-03-21;89.70;91.72;89.10;91.37;91.37;2671888;;69606726
BPRN;9075930;2025-03-21;30.76;31.31;30.75;31.31;31.31;18877;;6915086
BPTH;14864222;2025-03-21;0.17;0.18;0.15;0.16;0.16;19022;;
BR;143497;2025-03-21;232.38;234.21;230.96;232.90;232.90;1114863;;117018687
BRACU;15141537;2025-01-30;12.00;12.00;12.00;12.00;12.00;0;;2990897
BRBR;1011103;2025-03-21;69.98;71.03;69.50;70.65;70.65;1103981;;128283139
BRBS;12444335;2025-03-21;3.30;3.33;3.30;3.32;3.32;238652;;87789843
BRCC;14864194;2025-03-21;2.13;2.22;2.11;2.19;2.19;679412;;213042989
BRCD;186307;2017-11-20;12.73;12.73;12.73;12.73;12.73;0;;413816134
BRCM;261267;2016-02-09;54.67;54.67;54.67;54.67;54.67;0;;609000000
BRDG;10384245;2025-03-21;10.12;10.13;9.94;10.08;10.08;223567;;123844887
BREW;63411;2020-09-30;16.51;16.51;16.51;16.51;16.51;0;;19545308
BRFH;15394178;2025-03-21;3.27;3.55;3.27;3.48;3.48;10616;;14746172
BRGO;16849645;2025-03-21;0.00;0.00;0.00;0.00;0.00;28907800;;
BRID;33021;2025-03-21;10.05;10.05;9.69;9.69;9.69;1635;;9076832
BRIV;11819944;2023-05-04;10.16;10.19;10.15;10.19;10.19;198019;;17850000
BRK-A;71306;2025-03-21;792675.45;793025.00;781290.00;781680.00;781680.00;2342;;1470577
BRKHU;11819749;2025-01-13;11.50;12.70;11.50;12.60;12.60;500;;28750000
BRKL;7962670;2025-03-21;10.90;10.96;10.74;10.86;10.86;1424701;;89104605
BRKR;1253240;2025-03-21;44.14;44.62;43.51;44.45;44.45;2200741;;151705168
BRKS;531292;2021-11-30;115.73;116.93;112.23;113.10;113.10;1018390;;74347053
BRLIU;16239125;2023-12-22;6.49;6.49;4.99;5.10;5.10;7784;;1814696
BRLT;3172579;2025-03-21;1.49;1.51;1.37;1.48;1.48;60688;;11387936
BRMK;996201;2023-05-31;4.82;4.82;4.82;4.82;4.82;0;;132625008
BRN;13511358;2025-03-21;1.73;1.74;1.68;1.68;1.68;19880;;10053534
BRO;245531;2025-03-21;119.91;120.42;117.89;118.52;118.52;3020698;;285931978
BROG;18025292;2025-03-21;1.20;1.26;1.20;1.26;1.26;3149;;109587853
BROS;1329540;2025-03-21;63.86;65.70;62.01;65.43;65.43;2806047;;53118000
BRP;11795080;2025-03-21;43.01;44.23;42.70;43.89;43.89;1595362;;117592912
BRRE;547113;2025-03-21;9.50;9.50;9.50;9.50;9.50;0;;2450424
BRS;255858;2019-10-31;0.01;0.01;0.01;0.01;0.01;58388;;35918916
BRSP;949489;2025-03-21;5.90;5.96;5.83;5.94;5.94;2950836;;129685185
BRSS;778121;2019-08-07;43.99;43.99;43.99;43.99;43.99;0;;21952777
BRST;16682748;2025-03-21;0.08;0.08;0.08;0.08;0.08;0;;35041443
BRT;7962938;2025-03-21;18.03;18.31;17.75;18.15;18.15;75046;;17982126
BRTX;16682746;2025-03-21;1.68;1.80;1.68;1.76;1.76;36336;;6919919
BRX;108186;2025-03-21;25.85;25.91;25.42;25.60;25.60;3396686;;305932336
BRY;960878;2025-03-21;3.44;3.48;3.33;3.34;3.34;2519802;0.03;54476729
BRZE;10383897;2025-03-21;35.57;37.20;35.10;37.03;37.03;1820577;;103484904
BSAC;18418646;2025-03-21;22.84;23.06;22.68;22.85;22.85;643616;;188446126794
BSBK;12444445;2025-03-21;7.75;7.76;7.65;7.76;7.76;3627;;13074928
BSBR;18418648;2025-03-21;4.72;4.75;4.69;4.73;4.73;1037295;;3799243469
BSET;675839;2025-03-21;16.13;16.13;15.49;15.94;15.94;17704;;8788356
BSGM;16872328;2025-03-21;0.67;0.67;0.53;0.55;0.55;562485;;16278346
BSIG;990127;2024-12-31;26.54;26.72;26.07;26.34;26.34;225918;;37317938
BSM;960876;2025-03-21;15.38;15.38;15.17;15.27;15.27;390203;;211137816
BSPM;543906;2025-03-21;0.00;0.00;0.00;0.00;0.00;0;;2637188
BSQR;101318;2023-12-07;1.89;1.90;1.89;1.89;1.89;22366;;20470000
BSRR;9075826;2025-03-21;28.73;29.18;28.39;28.53;28.53;118031;;13964236
BSTC;822442;2020-12-02;88.53;88.53;88.53;88.53;88.53;0;;7344955
BSTG;148380;2023-07-24;4.45;4.45;4.45;4.45;4.45;0;;12206036
BSVN;11820256;2025-03-21;38.68;39.82;37.92;39.36;39.36;54742;;9448237
BSX;239516;2025-03-21;100.85;101.00;99.30;100.69;100.69;8577660;;1475778104
BSY;1209290;2025-03-21;41.07;42.09;40.95;41.94;41.94;1660717;;303103424
BTAI;818572;2025-03-21;2.33;2.50;2.30;2.33;2.33;472628;;2671773
BTBT;17630812;2025-03-21;2.34;2.37;2.28;2.33;2.33;13115908;;182435019
BTCS;15337149;2025-03-21;1.77;1.82;1.69;1.69;1.69;266104;;20087981
BTCY;13950748;2025-03-21;0.39;0.47;0.39;0.47;0.47;16058;;24751756
BTI;18266282;2025-03-21;41.01;41.02;40.71;40.83;40.83;3246653;;2346057419
BTMD;17630814;2025-03-21;4.12;4.19;3.81;3.86;3.86;230717;;
BTU;918412;2025-03-21;13.58;14.15;13.40;14.00;14.00;11495869;;121567621
BUD;11790995;2025-03-21;63.07;63.40;62.74;62.78;62.78;2131150;;2012000000
BUKS;13511366;2025-03-21;1.74;1.84;1.72;1.76;1.76;193201;;67602396
BUR;17630816;2025-03-21;13.88;13.97;13.78;13.83;13.83;1323865;;219421904
BURL;179036;2025-03-21;232.47;236.94;228.04;233.96;233.96;1279973;;63204621
BURU;16633080;2025-03-21;0.23;0.23;0.21;0.22;0.22;3803428;;3273388
BUSE;6767795;2025-03-21;21.91;22.19;21.72;22.05;22.05;905068;;56958853
BV;977402;2025-03-21;13.25;13.27;13.04;13.11;13.11;747510;;95500000
BVFL;15394182;2025-03-21;15.38;15.72;15.26;15.59;15.59;15572;;11597985
BVH;10656480;2024-01-16;74.99;75.02;74.98;75.00;75.00;660927;;15868000
BVN;18193988;2025-03-21;15.42;15.51;15.17;15.46;15.46;2823190;;0
BVS;1237813;2025-03-21;9.64;9.78;9.46;9.65;9.65;386727;;81943605
BVSN;156413;2020-05-18;4.42;4.44;4.36;4.41;4.41;313635;;5061018
BW;10656446;2025-03-21;0.89;0.91;0.86;0.88;0.88;731210;;94316636
BWA;70746;2025-03-21;28.55;28.84;28.17;28.70;28.70;52554944;;218684028
BWAQ;13810646;2024-07-01;8.20;8.34;4.00;4.24;4.24;285608;;6602246
BWB;9075816;2025-03-21;13.84;13.98;13.75;13.80;13.80;109492;;27596315
BWEN;10656760;2025-03-21;1.43;1.46;1.42;1.44;1.44;32282;;22319652
BWFG;9075916;2025-03-21;29.91;30.23;29.81;30.09;30.09;30042;;7907311
BWLA;287640;2018-10-29;15.30;15.37;15.25;15.33;15.33;2009;;5160971
BWMN;11817639;2025-03-21;24.02;24.55;22.48;24.33;24.33;408323;;17263666
BWV;1342102;2018-04-12;77.11;77.50;76.89;77.50;77.50;1999;;
BWXT;914354;2025-03-21;99.97;100.49;98.08;99.38;99.38;3388040;;91483708
BX;498254;2025-03-21;146.63;149.22;145.69;148.29;148.29;8362360;;729415925
BXC;673388;2025-03-21;80.86;81.81;79.74;80.41;80.41;269059;;8294928
BXMT;2077097;2025-03-21;21.01;21.09;20.60;20.74;20.74;3148274;;171594860
BXP;70579;2025-03-21;68.53;69.01;67.44;68.34;68.34;2870588;;158209602
BY;7962672;2025-03-21;26.41;26.82;26.18;26.64;26.64;449474;;44683741
BYD;899361;2025-03-21;66.80;68.12;66.51;67.96;67.96;1482172;;83746400
BYFC;16849639;2025-03-21;7.09;7.80;7.09;7.51;7.51;6824;;
BYN;13992947;2025-03-05;0.20;0.20;0.15;0.15;0.15;259115;;
BYND;917697;2025-03-21;3.58;3.65;3.46;3.55;3.55;6474621;;76131339
BYON;17630818;2025-03-21;4.92;5.29;4.86;5.14;5.14;3091945;;
BYRN;12444471;2025-03-21;18.60;18.73;17.82;18.21;18.21;2047952;;22646926
BYTS;16787007;2025-03-21;4.18;4.20;4.05;4.05;4.05;672059;;31749319
BZFD;10656758;2025-03-21;2.18;2.27;2.16;2.20;2.20;180988;;36263250
BZH;505724;2025-03-21;21.43;21.75;21.15;21.38;21.38;628859;;31203088
BZUN;1253404;2025-03-21;3.03;3.06;2.92;3.00;3.00;338972;;181202618
C;89126;2025-03-21;71.28;72.25;70.77;71.98;71.98;21682559;;1884479551
CAAS;10656684;2025-03-21;4.60;4.62;4.53;4.53;4.53;45488;;30185702
CABA;11817683;2025-03-21;1.70;1.77;1.66;1.74;1.74;1214440;;48877164
CABO;1053849;2025-03-21;253.10;258.98;251.40;256.05;256.05;253566;;5627529
CAC;7962846;2025-03-21;41.20;41.73;40.80;41.04;41.04;642134;;16864810
CACC;980324;2025-03-21;488.04;499.42;487.81;495.49;495.49;77028;;12031647
CACI;254661;2025-03-21;367.77;369.85;356.77;366.12;366.12;723470;;22419739
CADE;17630820;2025-03-21;29.97;30.38;29.60;30.32;30.32;3357894;;
CADL;16682750;2025-03-21;8.35;8.42;7.85;8.06;8.06;2515029;;47235460
CAG;326285;2025-03-21;25.87;26.27;25.52;25.68;25.68;21442069;;477320462
CAGU;154936;2025-03-21;0.00;0.00;0.00;0.00;0.00;0;;10056392
CAH;159950;2025-03-21;133.21;133.67;131.42;131.89;131.89;5706453;;241567993
CAHO;14101612;2025-03-21;1.90;1.97;1.90;1.90;1.90;750;;37175808
CAI;6767663;2021-11-22;56.01;56.01;55.98;56.00;56.00;207723;;17337000
CAKE;817638;2025-03-21;47.66;48.87;47.25;48.70;48.70;1544366;;51643044
CAL;49132;2025-03-21;16.48;16.78;16.04;16.50;16.50;2766633;;33629058
CALA;817563;2025-03-21;0.00;0.00;0.00;0.00;0.00;27;;3705700
CALB;10656714;2024-08-01;25.09;25.09;25.09;25.09;25.09;0;;8439185
CALD;100006;2018-04-16;36.00;36.00;36.00;36.00;36.00;0;;66460419
CALL;144735;2018-11-14;8.67;8.67;8.67;8.67;8.67;0;;16248299
CALM;776100;2025-03-21;88.21;89.31;86.88;89.20;89.20;1657902;;49036582
CALX;1060039;2025-03-21;35.19;36.12;35.19;35.86;35.86;1157643;;66689039
CAMP;75639;2025-03-21;4.83;5.26;3.98;5.26;5.26;76439;;1652846
CAMT;18572445;2025-03-21;66.70;66.70;65.46;66.05;66.05;300605;;45449306
CANN;16532304;2025-03-21;0.03;0.03;0.03;0.03;0.03;61768;;
CANO;1242697;2024-02-05;2.30;2.30;2.30;2.30;2.30;159142;;2421875
CAPL;998434;2025-03-21;23.81;23.83;23.40;23.61;23.61;110184;;38059702
CAPR;10656754;2025-03-21;14.16;14.16;12.75;12.86;12.86;2658081;;45469908
CAR;980327;2025-03-21;56.21;61.26;55.94;60.65;60.65;1287151;;35110440
CARA;9075844;2025-03-21;5.04;5.70;5.04;5.70;5.70;29455;;4573606
CARE;11818501;2025-03-21;16.41;16.64;16.30;16.48;16.48;109698;;23130924
CARG;645427;2025-03-21;29.50;30.35;29.35;30.11;30.11;1959170;;104415811
CARR;1169063;2025-03-21;65.76;66.22;65.09;66.17;66.17;10793128;;868339902
CARS;650652;2025-03-21;11.23;11.64;11.14;11.64;11.64;2719066;;63847460
CARV;11035484;2025-03-21;1.38;1.42;1.36;1.38;1.38;7273;;5109728
CASA;1007468;2024-04-04;0.04;0.05;0.03;0.04;0.04;28822552;;92504000
CASH;6767715;2025-03-21;72.86;74.22;72.11;74.15;74.15;745165;;23845526
CASI;877522;2025-03-21;2.28;2.28;2.16;2.21;2.21;3457;;13606130
CASS;7962812;2025-03-21;43.26;43.30;42.66;42.86;42.86;104926;;13503248
CASY;188690;2025-03-21;392.66;404.39;391.55;404.00;404.00;491503;;37119004
CAT;253953;2025-03-21;331.21;335.95;329.21;335.78;335.78;6745896;;477932024
CATC;7962900;2024-07-15;73.59;73.59;73.59;73.59;73.59;0;;7847656
CATM;9076297;2021-06-21;39.01;39.01;39.01;39.01;39.01;0;;44959960
CATN;11819741;2023-05-12;2.35;2.35;2.35;2.35;2.35;0;;102166400
CATO;998426;2025-03-21;3.12;3.70;3.12;3.50;3.50;291137;;20537776
CATX;17630822;2025-03-21;2.44;2.59;2.38;2.52;2.52;933338;;
CATY;6767519;2025-03-21;42.98;43.50;42.28;43.28;43.28;2974843;;70285292
CAVA;14101608;2025-03-21;83.33;84.19;81.13;83.85;83.85;3610255;;115594585
CAVM;446086;2018-07-09;86.23;86.23;86.23;86.23;86.23;0;;70022937
CB;378112;2025-03-21;293.05;294.80;289.94;291.43;291.43;3151510;;400412084
CBAN;12444275;2025-03-21;16.23;16.39;16.11;16.29;16.29;123859;;17520136
CBAT;11034221;2025-03-21;0.84;0.84;0.80;0.82;0.82;133863;;89939662
CBAY;6767777;2024-04-01;32.48;32.48;32.48;32.48;32.48;73;;114724381
CBB;618601;2021-09-03;15.49;15.50;15.48;15.48;15.48;3690361;;50920546
CBFV;9075998;2025-03-21;28.29;29.10;27.83;28.09;28.09;28840;;5121107
CBI;111879;2018-05-11;16.39;16.39;16.39;16.39;16.39;0;;102548319
CBIO;9076168;2023-10-30;0.57;0.58;0.48;0.51;0.51;443757;;31545723
CBKCQ;100810;2025-03-21;0.00;0.00;0.00;0.00;0.00;0;;38546330
CBKM;259775;2025-03-21;19.73;19.73;19.73;19.73;19.73;0;;3131933
CBL;10384311;2025-03-21;26.82;27.08;26.34;26.43;26.43;323618;;30935922
CBLI;11819940;2025-03-21;0.00;0.00;0.00;0.00;0.00;28;;15478945
CBLK;896985;2019-10-08;26.00;26.00;26.00;26.00;26.00;0;;73549186
CBM;100602;2019-12-05;59.99;59.99;59.99;59.99;59.99;0;;33724367
CBNK;10656598;2025-03-21;28.64;28.95;27.02;28.60;28.60;164103;;16654041
CBOE;120616;2025-03-21;220.57;223.51;214.77;214.77;214.77;1498822;;104701695
CBRE;378105;2025-03-21;128.74;129.94;126.87;129.78;129.78;3404281;;300037482
CBRG;13511368;2024-11-18;11.46;11.46;11.46;11.46;11.46;151;;
CBRL;37621;2025-03-21;40.33;41.20;39.80;40.38;40.38;2398656;;22263481
CBSH;593216;2025-03-21;61.70;61.86;60.38;61.24;61.24;2941320;;133881257
CBT;1050281;2025-03-21;81.43;82.39;80.84;82.21;82.21;990467;;54221492
CBU;6767453;2025-03-21;57.07;57.77;56.39;57.59;57.59;684662;;52712324
CBUS;17630824;2025-03-21;2.15;2.15;1.90;2.05;2.05;348734;;
CBZ;1333026;2025-03-21;73.00;73.25;72.09;73.00;73.00;571644;;53758439
CC;536512;2025-03-21;14.28;14.40;13.71;14.10;14.10;24923152;;149440788
CCAIU;12442246;2023-08-31;12.33;12.33;12.33;12.33;12.33;0;;8952225
CCAP;10656454;2025-03-21;17.68;17.74;17.60;17.63;17.63;109880;;37061547
CCB;7962838;2025-03-21;84.43;85.29;83.23;84.48;84.48;516396;;15005890
CCBG;7962800;2025-03-21;36.49;36.52;35.78;35.79;35.79;71526;;17054307
CCCC;12444295;2025-03-21;2.15;2.19;2.08;2.12;2.12;1009041;;70989661
CCCS;11794948;2025-03-21;9.01;9.07;8.94;9.00;9.00;11209891;;656781611
CCE;849813;2021-09-28;56.42;56.42;55.23;55.50;55.50;816709;;502596046
CCEL;14122299;2025-03-21;6.24;6.59;6.24;6.58;6.58;17171;;8082159
CCF;90312;2023-11-15;127.49;127.49;127.49;127.49;127.49;0;;9417418
CCH;704561;2025-03-21;13.61;13.74;13.42;13.73;13.73;1597550;;
CCHWF;2265765;2025-03-21;0.04;0.05;0.04;0.05;0.05;375779;;465638304
CCI;378122;2025-03-21;104.69;107.37;103.99;106.39;106.39;9199561;;435431269
CCJ;3240087;2025-03-21;44.64;45.02;44.02;44.53;44.53;2993192;;434175752
CCK;446122;2025-03-21;89.08;89.30;87.14;87.70;87.70;5015806;;117552541
CCL;288836;2025-03-21;20.39;21.53;19.82;20.94;20.94;57931649;;1164202729
CCLP;12444259;2024-04-01;2.44;2.44;2.31;2.42;2.42;3018771;;142496840
CCMP;927135;2022-09-08;173.69;173.69;173.69;173.69;173.69;2844;;29260000
CCNE;7962896;2025-03-21;22.34;22.43;21.99;22.16;22.16;169398;;20980333
CCO;650825;2025-03-21;1.11;1.18;1.10;1.18;1.18;5909364;;490058313
CCOI;125781;2025-03-21;68.49;69.21;67.51;68.31;68.31;825371;;49325993
CCRD;11820248;2025-03-21;20.61;20.76;20.30;20.58;20.58;15150;;7786679
CCRN;7962636;2025-03-21;14.70;15.01;14.70;14.94;14.94;977573;;32812580
CCS;350948;2025-03-21;68.20;69.35;67.18;68.96;68.96;3336617;;30961227
CCSI;11795236;2025-03-21;24.32;24.72;23.42;23.65;23.65;261479;;19525597
CCTC;13511312;2025-03-21;0.40;0.40;0.40;0.40;0.40;0;;806055
CCV;11795338;2023-10-16;10.39;10.40;10.39;10.39;10.39;23136;;55771868
CCXI;795982;2022-11-02;51.99;51.99;51.99;51.99;51.99;113;;71234000
CCYC;11795046;2023-05-12;11.25;11.25;11.25;11.25;11.25;0;;153105464
CDAK;11036274;2023-09-18;0.00;0.00;0.00;0.00;0.00;0;;25159757
CDAQ;18045542;2024-10-29;10.74;10.74;10.74;10.74;10.74;0;;10504750
CDAY;1050283;2025-03-21;57.08;58.51;56.57;58.50;58.50;4629623;;158921563
CDE;529633;2025-03-21;6.23;6.33;6.07;6.21;6.21;26677214;;638557875
CDI;531420;2017-09-28;8.22;8.22;8.22;8.22;8.22;0;;22443000
CDIO;16633054;2025-03-21;0.45;0.45;0.41;0.45;0.45;685356;;52145416
CDK;749032;2022-09-08;54.76;54.76;54.76;54.76;54.76;2874;;121200000
CDLX;9075770;2025-03-21;2.29;2.55;2.28;2.48;2.48;1184593;;52085224
CDMO;97638;2025-02-05;12.49;12.49;12.49;12.49;12.49;0;;63963302
CDNA;171003;2025-03-21;18.58;19.36;18.16;19.32;19.32;778151;;55425899
CDNS;107614;2025-03-21;254.91;266.95;252.06;262.42;262.42;5650075;;274108000
CDP;17630826;2025-03-21;26.90;26.99;26.58;26.75;26.75;1448081;;
CDR;664567;2022-08-22;28.97;29.01;28.97;29.00;29.00;498513;;13288000
CDRE;1397112;2025-03-21;31.91;32.11;30.45;31.17;31.17;604278;;40607988
CDTX;11033880;2025-03-21;23.06;23.50;21.20;22.47;22.47;197853;;10953490
CDW;683318;2025-03-21;166.29;166.64;164.50;165.57;165.57;2053567;;132492273
CDXC;9076016;2025-03-18;7.91;7.92;7.75;7.87;7.87;554833;;77750447
CDXS;1253238;2025-03-21;2.49;2.60;2.43;2.55;2.55;1448752;;82837311
CDZI;1159130;2025-03-21;3.46;3.50;3.34;3.44;3.44;493868;;75184106
CE;109593;2025-03-21;56.43;57.98;55.73;57.10;57.10;26009845;;109332326
CECO;17630828;2025-03-21;23.80;24.44;23.27;24.31;24.31;786976;;
CEG;1867900;2025-03-21;215.78;222.82;212.55;222.48;222.48;3733473;;312847257
CEI;15464865;2024-08-07;0.11;0.11;0.10;0.10;0.10;5426439;;175800468
CEIX;6767527;2025-01-14;100.00;100.90;96.18;99.61;99.61;1658307;;29394466
CELC;1253241;2025-03-21;10.35;10.55;10.07;10.50;10.50;689440;;37129556
CELG;410976;2019-11-22;108.24;108.24;108.24;108.24;108.24;114302;;711714480
CELH;986557;2025-03-21;30.85;33.16;30.85;32.93;32.93;10073955;;235129734
CELU;11795082;2025-03-21;1.75;1.84;1.69;1.82;1.82;89872;;22484239
CEMI;1253180;2023-04-27;0.45;0.46;0.45;0.46;0.46;234926;;32274664
CENN;1247951;2025-03-21;0.92;0.95;0.86;0.88;0.88;137473;;30866614
CENT;239618;2025-03-21;36.06;36.22;33.32;33.67;33.67;3003816;;66996528
CENTA;17630830;2025-03-21;32.16;32.30;30.14;30.46;30.46;1705084;;
CENX;1334621;2025-03-21;19.64;19.80;19.15;19.32;19.32;1518028;;92293344
CEQP;998428;2023-11-03;28.26;28.26;28.26;28.26;28.26;0;;105500000
CERE;10383342;2024-08-01;44.96;44.96;44.96;44.96;44.96;0;;182194722
CERN;259186;2022-09-08;94.92;94.92;94.92;94.92;94.92;1320;;293383000
CERS;1253026;2025-03-21;1.50;1.56;1.48;1.53;1.53;1732322;;185789815
CERT;10383540;2025-03-21;10.40;10.76;10.21;10.73;10.73;1763236;;161017775
CETV;651857;2020-10-13;4.57;4.57;4.57;4.57;4.57;0;;254598523
CETX;178699;2025-03-21;1.59;1.60;1.51;1.51;1.51;39127;;1784575
CETY;16905837;2025-03-21;0.61;0.63;0.60;0.63;0.63;132294;;
CEVA;1335016;2025-03-21;28.47;28.87;27.90;28.35;28.35;723344;;23806655
CF;119051;2025-03-21;76.68;77.13;76.01;76.78;76.78;7512333;;169536803
CFB;11795356;2025-03-03;15.99;15.99;15.99;15.99;15.99;0;;49300685
CFBK;12444609;2025-03-21;22.00;22.20;21.77;22.20;22.20;18535;;6418305
CFFI;9075922;2025-03-21;70.99;73.80;70.78;71.05;71.05;11006;;3239867
CFFN;7962638;2025-03-21;5.73;5.79;5.65;5.74;5.74;1999563;;132786365
CFFS;18025573;2025-03-21;11.28;11.28;11.28;11.28;11.28;0;;23262500
CFG;378202;2025-03-21;40.66;41.41;40.35;41.19;41.19;17061948;;437136981
CFIV;11795312;2023-12-07;10.58;10.58;10.58;10.58;10.58;448;;23751420
CFLT;1334959;2025-03-21;25.83;26.63;25.66;26.50;26.50;4684961;;334016006
CFMS;613117;2023-09-05;2.26;2.26;2.26;2.26;2.26;0;;7316286
CFNB;12444315;2025-03-21;20.47;20.47;20.47;20.47;20.47;0;;10280000
CFR;419929;2025-03-21;122.17;123.28;120.68;122.60;122.60;1824035;;64235032
CFRX;1841922;2023-12-05;0.06;0.06;0.05;0.05;0.05;910216;;491659
CFSB;13714909;2025-03-21;7.67;7.96;7.65;7.96;7.96;3942;;6548575
CFVI;11794976;2025-03-21;7.56;7.79;7.42;7.74;7.74;4812717;;38200000
CFX;1067476;2022-04-04;40.60;40.63;38.88;39.06;39.06;2953345;;159093384
CGA;532888;2024-11-25;1.96;2.00;1.86;1.98;1.98;25600;;14793538
CGBD;10384321;2025-03-21;17.18;17.26;17.10;17.13;17.13;312485;;50956965
CGC;13756720;2025-03-21;1.13;1.14;1.09;1.11;1.11;5417959;;147120088
CGEM;1841135;2025-03-21;8.64;8.76;8.44;8.52;8.52;794957;;58512826
CGEN;18468483;2025-03-21;1.57;1.60;1.56;1.57;1.57;102794;;89541246
CGNX;710555;2025-03-21;30.64;30.94;30.36;30.92;30.92;4096369;;169865714
CGRN;51961;2024-04-22;0.21;0.21;0.21;0.21;0.21;0;;18351000
CGTX;15539311;2025-03-21;0.42;0.47;0.42;0.45;0.45;566540;;61972946
CHAP;960877;2020-10-14;0.04;0.04;0.03;0.04;0.04;153382;;47790146
CHAQ;1872822;2022-11-30;3.04;3.20;3.00;3.20;3.20;14313;;
CHCI;11034674;2025-03-21;7.02;8.79;7.02;7.74;7.74;166633;;9889028
CHCO;6767633;2025-03-21;117.75;119.09;116.84;118.12;118.12;276787;;14668119
CHCT;16239115;2025-03-21;18.33;18.50;18.12;18.21;18.21;475121;;28339419
CHD;378113;2025-03-21;108.35;109.17;106.57;107.15;107.15;2511504;;245969881
CHDN;883031;2025-03-21;110.66;112.35;108.00;112.10;112.10;921215;;73548069
CHE;115043;2025-03-21;598.96;598.96;591.31;594.11;594.11;355264;;14636695
CHEF;350160;2025-03-21;51.53;52.97;51.15;52.52;52.52;743844;;40267948
CHGG;987221;2025-03-21;0.73;0.75;0.69;0.72;0.72;4477443;;105109136
CHH;1059905;2025-03-21;128.69;130.28;125.35;129.52;129.52;568466;;46728074
CHKE;240259;2021-02-11;2.30;2.50;2.07;2.30;2.30;21071;;569130
CHKP;1250715;2025-03-21;227.43;229.87;225.51;227.97;227.97;1071809;;108368523
CHMG;9075924;2025-03-21;49.00;49.36;46.30;46.91;46.91;41777;;4788879
CHMI;9075976;2025-03-21;3.60;3.60;3.54;3.60;3.60;211480;;31625073
CHMX;17590531;2025-03-21;4.42;4.43;4.42;4.43;4.43;300;;28546834
CHNG;987613;2022-10-03;27.49;27.49;27.49;27.49;27.49;3;;326562482
CHPT;1326827;2025-03-21;0.66;0.69;0.63;0.69;0.69;42111826;;442340874
CHRA;9076136;2023-07-17;6.16;6.16;6.16;6.16;6.16;100;;3372200
CHRS;540930;2025-03-21;0.93;1.03;0.89;1.03;1.03;3597910;;115896849
CHRW;378101;2025-03-21;98.45;100.28;98.11;99.95;99.95;7018819;;118705622
CHS;7962724;2024-01-05;7.59;7.59;7.59;7.59;7.59;0;;119457000
CHSP;115723;2019-09-26;27.17;27.17;27.17;27.17;27.17;0;;60765796
CHTH;15091631;2025-03-21;3.00;3.00;3.00;3.00;3.00;2680;;175274045
CHTR;378110;2025-03-21;359.65;364.58;356.04;363.81;363.81;1566793;;141946427
CHUY;7962718;2024-10-11;37.48;37.48;37.48;37.48;37.48;0;;17230284
CHWY;951287;2025-03-21;32.02;33.97;31.86;33.86;33.86;8451997;;408245332
CHX;17630832;2025-03-21;29.32;29.80;29.18;29.54;29.54;7197876;;
CI;378114;2025-03-21;321.71;324.00;316.01;316.65;316.65;3530037;;273678464
CIA;9076050;2025-03-21;5.12;5.29;5.05;5.13;5.13;129761;;49907355
CIDM;620342;2025-03-21;3.39;3.59;3.38;3.54;3.54;23864;;15979558
CIE;546550;2017-12-14;0.38;0.38;0.38;0.38;0.38;0;;29916693
CIEN;49697;2025-03-21;64.60;65.62;63.74;65.56;65.56;2511240;;142145676
CIFR;11795276;2025-03-21;2.91;2.96;2.84;2.92;2.92;13746150;;361529468
CIGI;13901136;2025-03-21;122.84;123.38;121.12;122.67;122.67;144903;;
CIIG;11818460;2023-04-28;8.48;10.47;7.97;8.75;8.75;2530690;;35937501
CIK;113301;2025-03-21;2.91;2.93;2.89;2.91;2.91;998651;;119185812
CIM;6767699;2025-03-21;13.58;13.74;13.50;13.54;13.54;1329709;;80922573
CINC;11795120;2023-02-24;29.06;29.06;29.06;29.06;29.06;0;;40806123
CINF;248488;2025-03-21;145.63;146.70;143.60;145.62;145.62;3566739;;156523953
CING;16682756;2025-03-21;4.18;4.30;3.82;3.96;3.96;129615;;3212233
CIO;949487;2025-03-21;5.05;5.11;4.98;5.06;5.06;412435;;40358240
CION;15141539;2025-03-21;10.88;10.96;10.82;10.84;10.84;515595;;53026694
CIR;7962768;2023-10-18;56.00;56.00;56.00;56.00;56.00;0;;20392000
CIT;335466;2022-01-03;51.36;54.33;51.36;53.50;53.50;32810120;;99169700
CITE;17594153;2025-01-10;11.85;11.85;11.85;11.85;11.85;407;;
CIVB;9075840;2025-03-21;19.44;20.00;19.17;19.53;19.53;72613;;15479485
CIVI;1071164;2025-03-21;35.43;35.53;34.60;34.79;34.79;4321978;;100091389
CIX;9075834;2025-03-21;21.66;22.55;21.65;22.16;22.16;9115;;12318557
CJAX;15539313;2025-03-21;2.40;2.40;2.40;2.40;2.40;0;;13998639
CJJD;16239113;2025-03-03;1.57;1.60;1.52;1.52;1.52;5775;;1743362
CKP;669154;2016-05-23;10.14;10.14;10.14;10.14;10.14;0;;41896400
CKPT;15394184;2025-03-21;4.05;4.07;4.05;4.07;4.07;980428;;700000
CKX;15585610;2025-03-21;11.98;11.98;11.64;11.85;11.85;1978;;2027032
CL;255327;2025-03-21;90.11;91.36;89.99;90.30;90.30;8916094;;811536437
CLAR;569146;2025-03-21;3.90;3.94;3.87;3.89;3.89;252447;;38362162
CLAY;13950768;2023-12-21;9.79;12.00;9.43;10.66;10.66;29418;;2778912
CLB;17630834;2025-03-21;15.21;15.53;15.16;15.33;15.33;809311;;46664413
CLBK;883513;2025-03-21;15.11;15.20;14.93;15.01;15.01;386447;;104730129
CLBR;11820094;2025-03-21;10.61;10.67;10.61;10.63;10.63;39657;;42914358
CLBS;798466;2022-09-14;0.65;0.65;0.38;0.43;0.43;26946654;;60533000
CLBT;18567604;2025-03-21;18.81;19.29;18.73;19.23;19.23;944358;;239470062
CLC;57096;2017-07-10;83.00;83.00;83.00;83.00;83.00;0;;48567471
CLCT;512060;2021-02-08;91.92;91.92;91.92;91.92;91.92;0;;9275874
CLDR;890662;2021-10-11;15.99;15.99;15.99;15.99;15.99;0;;292214572
CLDT;849434;2025-03-21;7.53;7.56;7.25;7.43;7.43;778844;;48974708
CLDX;10384243;2025-03-21;19.62;19.96;19.40;19.64;19.64;1356153;;66383811
CLEV;13511410;2025-03-21;1.61;1.61;1.61;1.61;1.61;100;;14027834
CLF;754906;2025-03-21;9.12;9.48;9.04;9.42;9.42;20965988;;494481275
CLFD;824450;2025-03-21;31.16;31.85;31.09;31.27;31.27;116235;;14131537
CLGX;896316;2021-06-08;80.00;80.00;80.00;80.00;80.00;0;;73618482
CLH;857873;2025-03-21;196.39;197.17;193.72;196.43;196.43;505385;;53856836
CLINU;11818244;2023-12-22;4.90;5.40;4.80;4.80;4.80;2039;;23000000
CLIR;11034840;2025-03-21;0.77;0.80;0.77;0.77;0.77;28471;;50234407
CLLS;18544062;2025-03-21;1.27;1.30;1.27;1.30;1.30;99277;;72093873
CLMB;17630836;2025-03-21;114.26;117.40;112.28;117.38;117.38;57035;;
CLMT;11795110;2025-03-21;13.48;13.48;12.57;12.72;12.72;3140072;;80388555
CLNE;260313;2025-03-21;1.73;1.73;1.62;1.67;1.67;5967249;;223605152
CLNN;15112461;2025-03-21;4.28;4.31;4.14;4.14;4.14;30198;;7979726
CLOEU;15394186;2025-01-15;11.53;11.58;11.48;11.54;11.54;0;;18102942
CLOV;10656494;2025-03-21;3.59;3.73;3.54;3.72;3.72;4654713;;510906708
CLPR;9075836;2025-03-21;3.69;3.86;3.63;3.72;3.72;1933002;;16146546
CLPT;11819814;2025-03-21;13.38;13.60;13.09;13.38;13.38;203918;;27632332
CLR;101392;2022-11-22;74.27;74.28;74.25;74.27;74.27;3536778;;357575000
CLRB;99062;2025-03-21;0.38;0.39;0.34;0.37;0.37;1303276;;46079875
CLRD;13626509;2025-03-21;0.00;0.00;0.00;0.00;0.00;0;;26173811
CLS;18452180;2025-03-21;94.45;96.63;91.61;95.95;95.95;2894022;;115959118
CLSD;9076074;2025-03-21;1.00;1.01;0.96;1.00;1.00;120284;;75843504
CLSK;998456;2025-03-21;7.60;7.76;7.27;7.44;7.44;83686668;;280807606
CLST;16682752;2025-03-21;11.60;11.66;11.60;11.66;11.66;1322;;4342427
CLUBQ;9076357;2023-01-23;0.00;0.00;0.00;0.00;0.00;5870;;27381231
CLVS;9076216;2023-01-03;0.08;0.08;0.08;0.08;0.08;1639;;144625000000
CLVT;1328920;2025-03-21;4.26;4.28;4.01;4.09;4.09;7235818;;691638374
CLW;7962784;2025-03-21;24.17;24.62;23.99;24.26;24.26;266539;;16175161
CLX;218764;2025-03-21;145.53;147.29;144.32;144.84;144.84;1550019;;123189867
CLXT;9076139;2023-05-31;6.16;7.77;6.01;6.30;6.30;254056;;494069
CMA;378118;2025-03-21;58.79;59.40;57.79;59.05;59.05;5436642;;132669896
CMAX;11818914;2024-11-27;0.53;0.54;0.40;0.42;0.42;893330;;3814971
CMBM;998419;2025-03-21;0.75;0.79;0.75;0.79;0.79;43096;;28243808
CMC;980334;2025-03-21;46.16;47.40;45.86;46.59;46.59;4733988;;113641513
CMCA;13950752;2024-06-11;11.02;11.07;11.02;11.05;11.05;5455;;
CMCL;17630838;2025-03-21;11.50;11.60;11.14;11.25;11.25;141787;;19188073
CMCO;899253;2025-03-21;18.70;18.70;18.27;18.46;18.46;730708;;28612530
CMCSA;106366;2025-03-21;36.24;36.88;36.08;36.75;36.75;54534311;;3781022601
CMD;52478;2021-06-02;80.37;80.37;80.37;80.37;80.37;0;;42314213
CME;378116;2025-03-21;266.48;267.78;263.02;263.35;263.35;7214637;;359020000
CMG;80874;2025-03-21;48.44;48.70;47.79;48.53;48.53;19443683;;1355337000
CMI;120498;2025-03-21;322.19;322.84;318.08;322.10;322.10;1241505;;137481164
CMLS;659310;2025-03-21;0.44;0.47;0.43;0.45;0.45;264754;;17229777
CMND;667728;2025-03-21;1.25;1.30;1.10;1.12;1.12;383313;;333000
CMP;638470;2025-03-21;10.07;10.07;9.85;9.97;9.97;946407;;41504100
CMPO;17643948;2025-03-21;11.43;11.43;11.02;11.30;11.30;1548540;;
CMPR;889944;2025-03-21;43.49;44.24;42.48;43.32;43.32;329128;;24820543
CMPS;10656498;2025-03-21;2.94;3.13;2.92;3.10;3.10;1905180;;92673132
CMPX;1872767;2025-03-21;2.21;2.34;2.21;2.31;2.31;1021094;;138282498
CMRE;6767749;2025-03-21;10.51;10.55;10.12;10.16;10.16;958053;;121983112
CMRO;692525;2019-08-22;0.02;0.02;0.02;0.02;0.02;25000;;14614165
CMRX;9076022;2025-03-21;8.49;8.52;8.49;8.50;8.50;3192531;;89936053
CMS;378117;2025-03-21;73.85;74.31;73.02;73.50;73.50;4947223;;298794638
CMT;776098;2025-03-21;14.92;15.11;14.77;14.96;14.96;64326;;8895735
CMTG;10384237;2025-03-21;4.09;4.21;4.05;4.13;4.13;2547623;;139362657
CMTL;48404;2025-03-21;1.91;1.96;1.87;1.94;1.94;375526;;29346599
CMTV;12444685;2025-03-21;17.70;17.70;17.55;17.55;17.55;2563;;5577794
CNA;446249;2025-03-21;49.20;49.56;48.74;48.74;48.74;1738253;;270861659
CNBKA;9076333;2021-11-12;115.20;115.30;115.20;115.29;115.29;11365;;5567909
CNC;378107;2025-03-21;59.48;59.81;58.47;58.90;58.90;7828216;;496044000
CNCE;7962872;2023-03-06;8.37;8.37;8.37;8.37;8.37;0;;49731000
CNDA;11817870;2025-03-21;10.61;10.61;10.61;10.61;10.61;0;;28009750
CNDB;15042553;2024-03-26;9.64;10.35;6.20;6.58;6.58;9554;;
CNDT;716302;2025-03-21;2.93;3.06;2.88;3.05;3.05;2497114;;161830138
CNET;16232555;2025-03-21;1.57;1.60;1.49;1.49;1.49;3269;;1801127
CNFR;847219;2025-03-21;0.70;0.78;0.67;0.71;0.71;3607;;12222881
CNGLU;11818753;2025-03-21;10.01;10.01;10.01;10.01;10.01;1;;3229370
CNHI;14159399;2024-05-17;11.61;11.68;11.40;11.45;11.45;6638056;;1257481824
CNK;760762;2025-03-21;26.31;26.31;25.90;26.05;26.05;4633651;;184148
CNLPL;11818303;2025-03-21;51.81;51.81;51.81;51.81;51.81;400;;366785030
CNM;1298294;2025-03-21;48.13;48.41;47.51;48.27;48.27;4940049;;198673143
CNMD;1375480;2025-03-21;58.33;60.62;58.03;59.64;59.64;598842;;30908835
CNND;546895;2025-03-21;179.00;179.00;179.00;179.00;179.00;0;;1887102
CNNE;6767635;2025-03-21;17.33;18.97;17.09;18.74;18.74;2190341;;62794359
CNNX;208611;2018-01-03;17.20;17.40;17.09;17.15;17.15;85771;;29163121
CNO;1234043;2025-03-21;40.91;41.25;40.51;40.99;40.99;3678947;;100877837
CNOB;7962750;2025-03-21;23.43;23.79;23.03;23.55;23.55;433471;;38374263
CNP;378108;2025-03-21;35.89;36.19;35.51;35.77;35.77;8498160;;651729244
CNR;1145421;2025-03-21;72.07;74.18;70.13;73.32;73.32;2026208;;127449000
CNS;820401;2025-03-21;78.74;80.00;78.50;78.92;78.92;549621;;50969757
CNSL;897291;2024-12-27;4.72;4.72;4.72;4.72;4.72;0;;118467780
CNST;9076321;2021-07-15;33.99;33.99;33.99;33.99;33.99;0;;47838738
CNTA;11817394;2025-03-21;16.09;16.64;15.74;15.75;15.75;1555583;;131845476
CNTG;1253237;2024-10-24;0.15;0.15;0.15;0.15;0.15;100;;27595835
CNTQ;11795274;2022-10-10;14.00;14.00;14.00;14.00;14.00;2;;15812500
CNTX;11035980;2025-03-21;0.77;0.85;0.75;0.77;0.77;60567;;89704194
CNTY;9075876;2025-03-21;1.80;1.85;1.75;1.80;1.80;81191;;30682603
CNVR;521210;2014-12-10;34.44;34.44;34.44;34.44;34.44;621;;64444183
CNX;976576;2025-03-21;31.84;32.14;31.51;31.73;31.73;2775649;;148842396
CNXC;1234046;2025-03-21;44.50;45.29;43.88;44.93;44.93;1031936;;64398533
CNXN;6767753;2025-03-21;61.69;61.84;60.33;61.62;61.62;724004;;26160014
CNXR;145641;2018-04-27;0.34;0.34;0.34;0.34;0.34;400;;23255102
CNXT;706764;2025-03-21;28.18;28.21;28.06;28.08;28.08;109434;;100000000
COCO;1334644;2025-03-21;35.45;35.80;35.28;35.51;35.51;697142;;56986193
CODA;511749;2025-03-21;6.65;6.87;6.53;6.69;6.69;21493;;11230248
CODI;705587;2025-03-21;19.51;19.62;19.07;19.17;19.17;695831;;75652286
CODQL;13950756;2024-12-03;0.60;0.60;0.60;0.60;0.60;0;;167645373
CODX;1346268;2025-03-21;0.46;0.51;0.43;0.46;0.46;165334;;31929752
COF;378103;2025-03-21;172.67;175.31;171.48;174.82;174.82;5065296;;381327698
COFS;12444269;2025-03-21;28.71;28.99;27.84;28.51;28.51;86991;;8968784
COGT;808945;2025-03-21;7.23;7.33;7.12;7.16;7.16;1663460;;110461729
COHN;14864196;2025-03-21;8.40;8.40;8.01;8.40;8.40;7227;;2054674
COHR;365654;2025-03-21;67.10;68.69;66.20;68.24;68.24;2643728;;24542000
COHU;6767585;2025-03-21;16.58;16.91;16.25;16.56;16.56;942654;;46710033
COIN;1202161;2025-03-21;185.57;190.72;183.75;189.86;189.86;7301816;;253879467
COKE;156024;2025-03-21;1306.58;1317.99;1293.85;1300.63;1300.63;163967;;8717784
COL;378209;2018-11-26;141.70;142.98;141.04;141.04;141.04;15441162;;164629890
COLB;6481027;2025-03-21;24.45;24.82;24.23;24.72;24.72;3923325;;209649030
COLD;6480942;2025-03-21;21.82;22.10;21.21;21.29;21.29;2299765;;284393914
COLL;7962642;2025-03-21;29.74;30.53;29.25;30.05;30.05;2287760;;31485523
COLM;446285;2025-03-21;75.43;77.39;74.21;76.57;76.57;2336340;;55342827
COMM;446289;2025-03-21;5.40;5.61;5.38;5.60;5.60;8728866;;216557148
COMP;10384283;2025-03-21;9.01;9.43;8.95;9.39;9.39;9157799;;517671325
CONE;1055097;2022-03-25;90.36;90.36;90.36;90.36;90.36;1;0.52;124200000
CONN;230908;2024-09-13;0.02;0.02;0.01;0.01;0.01;80175;;24885975
CONX;11818933;2024-07-26;4.00;4.00;4.00;4.00;4.00;1;;18928585
COO;186450;2025-03-21;79.95;82.80;78.66;81.71;81.71;3687407;;199981183
COOK;11817823;2025-03-21;1.75;1.82;1.71;1.78;1.78;303406;;130648819
COP;378120;2025-03-21;102.41;102.96;101.34;101.92;101.92;55054779;;1272380205
COR;187024;2025-03-21;268.10;271.07;266.38;267.43;267.43;6526152;;193917082
CORR;949494;2024-02-26;0.12;0.19;0.02;0.02;0.02;3600700;;15272267
CORT;724383;2025-03-21;56.74;59.14;56.33;58.66;58.66;1921010;;105503432
CORZ;17643950;2025-03-21;8.39;8.57;8.14;8.51;8.51;14238729;;294122589
COSM;16346726;2025-03-21;0.51;0.51;0.47;0.49;0.49;50314;;17606312
COST;217867;2025-03-21;888.75;909.77;883.96;909.26;909.26;3435821;;443683357
COT;727266;2024-11-08;24.68;26.02;23.64;24.21;24.21;11416369;;160395822
COTV;146741;2018-08-27;44.74;44.74;44.74;44.74;44.74;0;;93275782
COTY;376164;2025-03-21;5.58;5.60;5.49;5.56;5.56;7238708;;869898360
COUP;811353;2023-02-28;80.97;80.97;80.97;80.97;80.97;0;;76040000
COUR;10384223;2025-03-21;7.04;7.16;7.02;7.13;7.13;2306277;;160205628
COVS;43077;2017-07-27;2.45;2.45;2.45;2.45;2.45;0;;40865897
COWN;6767735;2023-03-01;38.99;38.99;38.99;38.99;38.99;0;;28411000
COYA;15287364;2025-03-21;6.32;6.68;6.20;6.68;6.68;49791;;16724998
CP;102322;2025-03-21;73.27;73.55;71.81;71.96;71.96;6560181;;933713487
CPA;6481072;2025-03-21;93.96;95.25;93.42;94.37;94.37;336752;;42039814
CPAAU;11816976;2023-08-11;10.26;10.26;10.26;10.26;10.26;0;;35700000
CPB;249099;2025-03-21;38.03;38.47;37.86;38.08;38.08;10759030;;298181866
CPE;628030;2024-04-11;35.76;35.76;35.76;35.76;35.76;0;;66508277
CPF;7962886;2025-03-21;27.12;27.23;26.70;27.00;27.00;636755;;27065570
CPHC;12444457;2025-03-21;18.74;18.95;18.74;18.93;18.93;1866;;5039155
CPHI;11036232;2025-03-21;0.24;0.25;0.21;0.24;0.24;929189;;19253363
CPIX;15112459;2025-03-21;4.90;4.95;4.55;4.59;4.59;85495;;13968394
CPK;6767505;2025-03-21;124.76;126.84;122.73;124.07;124.07;251103;;22982417
CPLG;949495;2022-03-03;15.98;15.98;15.98;15.98;15.98;0;;58523473
CPN;113443;2018-03-09;15.25;15.25;15.25;15.25;15.25;0;;360543323
CPNG;10383300;2025-03-21;22.97;23.42;22.79;23.34;23.34;5692919;;1805487508
CPRI;38287;2025-03-21;20.20;20.68;20.02;20.21;20.21;11403219;;117909795
CPRT;287342;2025-03-21;53.21;53.97;53.06;53.63;53.63;5952365;;966092956
CPRX;2077094;2025-03-21;23.25;24.48;23.17;24.23;24.23;4924150;;121449655
CPS;530203;2025-03-21;16.64;17.28;15.97;16.69;16.69;726382;;17326531
CPSH;15141541;2025-03-21;1.66;1.82;1.65;1.78;1.78;49610;;14525960
CPSI;497906;2024-03-01;9.95;10.05;9.15;9.19;9.19;534996;;14200000
CPSR;11795306;2025-03-21;23.61;23.62;23.58;23.60;23.60;9200;;
CPSS;10656612;2025-03-21;8.81;9.21;8.51;8.92;8.92;51458;;21443198
CPT;446323;2025-03-21;119.53;119.83;117.41;119.21;119.21;1695227;;106757212
CPTN;16682754;2025-01-07;3.25;3.25;3.25;3.25;3.25;0;;16043207
CPTP;13934882;2025-03-21;9.65;9.65;9.65;9.65;9.65;0;;6599912
CPUH;11818350;2023-08-01;10.76;10.77;10.31;10.36;10.36;35883;;21562500
CPXX;436095;2016-07-13;30.24;30.24;30.24;30.24;30.24;0;;41222270
CQCQ;16222798;2023-05-12;0.75;0.75;0.75;0.75;0.75;0;;35540000
CQH;704560;2018-12-18;32.07;32.07;32.07;32.07;32.07;0;;231700000
CQP;704562;2025-03-21;61.91;62.26;60.90;61.89;61.89;975718;;484048123
CR;355869;2025-03-21;151.57;152.93;150.41;152.73;152.73;1784474;;57236301
CRAI;7962654;2025-03-21;177.13;181.01;174.46;175.92;175.92;63088;;6791557
CRAWA;14821529;2025-03-21;43.00;46.80;43.00;46.80;46.80;2386;;3551929
CRAY;941302;2019-09-25;35.01;35.01;35.01;35.01;35.01;0;;41414306
CRBG;10383312;2025-03-21;32.14;32.56;31.93;32.40;32.40;9304478;;555995957
CRBP;9076112;2025-03-21;5.91;5.93;5.65;5.75;5.75;428332;;12232228
CRBU;1253332;2025-03-21;1.00;1.05;0.95;1.04;1.04;1140634;;93004602
CRC;822165;2025-03-21;44.20;44.52;43.37;43.76;43.76;13082251;;90778229
CRCT;10384052;2025-03-21;5.30;5.37;5.08;5.36;5.36;418798;;212544238
CRD-A;823170;2025-03-21;11.09;11.37;10.85;11.09;11.09;164699;;49360184
CRDF;798464;2025-03-21;3.70;3.88;3.65;3.75;3.75;3856505;;66524294
CRDO;1342111;2025-03-21;44.92;46.63;43.57;46.34;46.34;3273357;;169801216
CREG;11035827;2025-03-21;0.69;0.75;0.67;0.73;0.73;15131;;8765857
CRESY;17733531;2025-03-21;10.92;11.14;10.77;11.11;11.11;204023;;596355320
CREX;11035494;2025-03-21;2.13;2.13;1.95;2.04;2.04;26743;;10446659
CRGE;12442248;2025-03-21;0.85;0.85;0.70;0.70;0.70;13439;;212858000
CRGY;11795044;2025-03-21;11.58;11.65;11.29;11.46;11.46;15314941;;258473395
CRH;14159401;2025-03-21;95.84;96.30;92.85;94.65;94.65;37706913;;676475037
CRI;933049;2025-03-21;40.65;41.79;40.24;40.89;40.89;7507070;;36010750
CRIS;168118;2025-03-21;2.75;2.75;2.65;2.66;2.66;10484;;8466957
CRK;2077096;2025-03-21;19.76;20.09;19.57;19.92;19.92;3511841;;292919009
CRL;187129;2025-03-21;162.94;167.94;162.68;167.28;167.28;1628307;;51141607
CRM;85017;2025-03-21;276.21;281.85;274.05;280.62;280.62;9749397;;961000000
CRMD;10656600;2025-03-21;10.69;11.17;10.68;10.91;10.91;1070219;;60677204
CRMT;7962804;2025-03-21;47.32;48.08;46.63;47.59;47.59;122015;;8261869
CRMZ;15337153;2025-03-21;2.75;2.75;2.61;2.70;2.70;3215;;10722401
CRNC;1171317;2025-03-21;9.27;9.77;9.20;9.57;9.57;1379431;;43198993
CRNX;6767709;2025-03-21;34.09;35.29;33.51;34.42;34.42;2323007;;93048538
CRON;14159405;2025-03-21;1.83;1.85;1.78;1.79;1.79;2332688;;382530780
CROX;128143;2025-03-21;103.20;106.61;100.84;104.59;104.59;4128805;;56056159
CRR;534434;2019-12-20;0.30;0.34;0.27;0.30;0.30;945733;;29361204
CRS;993068;2025-03-21;182.05;184.72;180.51;183.81;183.81;1435206;;49948637
CRSP;791051;2025-03-21;40.71;41.68;40.41;41.22;41.22;1537694;;85774474
CRSR;1243777;2025-03-21;9.77;10.09;9.57;10.07;10.07;1459790;;104855199
CRTO;884751;2025-03-21;35.88;37.79;35.88;36.88;36.88;748450;;54343496
CRUS;674434;2025-03-21;98.57;100.10;97.27;99.79;99.79;2445130;;53144927
CRVL;6481075;2025-03-21;106.27;108.19;105.60;107.86;107.86;292339;;51359138
CRVO;17643952;2025-03-21;12.09;16.94;12.04;14.29;14.29;7329829;;8253741
CRVS;808943;2025-03-21;4.09;4.32;4.00;4.31;4.31;686035;;64257251
CRWD;1039026;2025-03-21;358.91;372.19;353.03;362.24;362.24;8008355;;247873415
CRWS;256343;2025-03-21;3.85;3.86;3.83;3.86;3.86;14458;;10393741
CRZO;628031;2019-12-20;8.16;8.33;7.72;7.83;7.83;30962889;;92610357
CSAN;17946819;2025-03-21;5.47;5.54;5.46;5.50;5.50;888571;;1874070932
CSBB;12444763;2025-03-21;42.00;42.00;42.00;42.00;42.00;70;;2641847
CSBR;241725;2025-03-21;9.90;10.17;9.46;9.58;9.58;32621;;13826904
CSC;218339;2017-04-10;69.01;69.01;69.01;69.01;69.01;0;;141046304
CSCO;82202;2025-03-21;60.17;60.40;59.42;60.30;60.30;62172550;;3978292432
CSGP;486790;2025-03-21;78.52;78.72;77.35;78.46;78.46;4382268;;410125610
CSGS;366036;2025-03-21;60.06;60.36;59.59;59.81;59.81;1141127;;28839469
CSII;178927;2023-05-11;20.00;20.00;20.00;20.00;20.00;4300;;39663565
CSL;446361;2025-03-21;335.88;337.10;328.64;336.29;336.29;1502968;;44558131
CSLM;18120262;2025-01-21;11.71;11.71;11.60;11.69;11.69;4192;;9515937
CSLT;494803;2022-02-17;2.05;2.05;2.05;2.05;2.05;0;;157918739
CSOD;747052;2021-10-15;57.49;57.49;57.49;57.49;57.49;0;;66199581
CSPI;13511408;2025-03-21;16.98;17.28;16.84;16.98;16.98;20779;;9880413
CSPR;1011102;2022-01-24;6.67;6.79;6.61;6.78;6.78;9956131;;41448753
CSR;949709;2025-03-21;64.05;64.50;63.38;63.78;63.78;208206;;16726594
CSRA;378123;2018-04-04;41.23;41.23;41.23;41.23;41.23;0;;163923601
CSS;702391;2020-03-03;9.39;9.40;9.39;9.40;9.40;44995;;8880297
CSSE;11034684;2024-07-02;0.12;0.12;0.10;0.11;0.11;22227534;;21249105
CST;42704;2017-06-28;48.53;48.53;48.53;48.53;48.53;0;;75924747
CSTA;18073612;2024-01-12;11.09;11.10;11.09;11.10;11.10;6204;;12243843
CSTE;9075936;2025-03-21;2.92;2.93;2.68;2.75;2.75;137597;;34549050
CSTL;1252818;2025-03-21;19.86;21.01;19.76;20.52;20.52;605350;;28514109
CSTM;17643954;2025-03-21;11.49;11.60;11.24;11.35;11.35;1981585;;143523308
CSTR;9075788;2024-04-12;20.10;20.10;20.10;20.10;20.10;172;;20813615
CSU;122647;2021-11-12;32.47;33.95;32.46;33.54;33.54;12686;;6443646
CSV;1067471;2025-03-21;38.10;38.37;37.87;38.30;38.30;177304;;15649702
CSWC;10656418;2025-03-21;22.20;22.35;22.11;22.30;22.30;371895;;50581840
CSWI;49347;2025-03-21;290.77;293.23;283.78;292.79;292.79;448969;;16783080
CSX;248102;2025-03-21;29.69;29.83;29.46;29.57;29.57;25269696;;1894616582
CTAS;331923;2025-03-21;192.13;192.40;189.91;191.17;191.17;2574596;;403298633
CTGO;11820311;2025-03-21;9.82;9.85;9.46;9.65;9.65;171835;;12248487
CTHR;2115965;2025-03-21;0.98;1.01;0.98;1.01;1.01;5960;;3034496
CTIC;809274;2023-06-26;9.09;9.09;9.09;9.09;9.09;0;;114694000
CTKB;10384235;2025-03-21;4.00;4.29;4.00;4.20;4.20;2770913;;128097379
CTLP;234192;2025-03-21;7.58;7.92;7.53;7.91;7.91;683895;;73034575
CTLT;1169061;2024-12-18;63.48;63.48;63.48;63.48;63.48;0;;181511586
CTM;15337155;2025-03-21;1.22;1.27;1.18;1.23;1.23;2440784;;80391874
CTMX;789985;2025-03-21;0.65;0.67;0.62;0.67;0.67;665779;;80099889
CTNT;15271640;2025-03-21;1.68;1.69;1.60;1.64;1.64;17998;;3214952
CTO;10656492;2025-03-21;18.88;19.01;18.67;18.88;18.88;432255;;31842639
CTOS;11795070;2025-03-21;4.73;4.79;4.65;4.79;4.79;850951;;225650684
CTRA;378102;2025-03-21;28.92;29.01;28.52;28.72;28.72;20629313;;764151477
CTRE;1342064;2025-03-21;28.86;29.00;28.59;28.64;28.64;3150786;;187661893
CTRN;9075964;2025-03-21;19.72;21.09;19.72;21.05;21.05;291411;;8710024
CTS;923326;2025-03-21;42.36;42.70;41.80;42.37;42.37;313450;;30041311
CTSH;128066;2025-03-21;76.41;76.95;75.50;76.42;76.42;9461273;;494615514
CTSO;9075980;2025-03-21;1.04;1.14;0.97;0.98;0.98;221158;;54679569
CTT;949486;2022-09-14;10.48;10.48;10.19;10.37;10.37;1926671;;48522000
CTV;12444393;2025-02-21;3.14;3.14;3.14;3.14;3.14;0;;148473428
CTVA;1169062;2025-03-21;61.54;61.94;61.16;61.72;61.72;6878415;;685556000
CTXR;998532;2025-03-21;1.57;1.59;1.50;1.52;1.52;56070;;8593433
CTXS;131663;2022-11-02;103.90;103.90;103.90;103.90;103.90;33;;126735000
CUB;727716;2025-03-21;10.24;10.24;10.24;10.24;10.24;22275;;31768576
CUBE;117529;2025-03-21;41.73;41.99;41.39;41.61;41.61;2022201;;227880222
CUBI;7962764;2025-03-21;51.40;51.96;50.60;51.55;51.55;704265;;31467244
CUE;9075892;2025-03-21;0.95;1.01;0.94;0.98;0.98;91842;;63350327
CUK;10383308;2025-03-21;18.34;19.19;17.81;18.67;18.67;3056384;;1164202729
CULL;15394188;2025-03-21;10.19;10.28;10.10;10.18;10.18;15414;;7247375
CULP;209337;2025-03-21;5.48;5.48;5.08;5.37;5.37;23396;;12559129
CUO;884109;2020-05-19;8.63;8.63;8.63;8.63;8.63;0;;1671304
CURI;11034490;2025-03-21;2.98;3.04;2.87;3.00;3.00;172784;;55479190
CURO;9076070;2024-07-24;0.04;0.04;0.04;0.04;0.04;0;;41002000
CURV;11817689;2025-03-21;6.94;6.95;5.69;5.75;5.75;688349;;104756572
CUTR;1253252;2025-03-12;0.09;0.11;0.09;0.10;0.10;17604605;;20185926
CUZ;446395;2025-03-21;29.69;29.91;29.25;29.57;29.57;2956554;;167660480
CVA;821325;2021-11-30;20.26;20.26;20.26;20.26;20.26;0;;133009182
CVAC;3307754;2025-03-21;2.98;2.98;2.83;2.89;2.89;973222;;223988675
CVBF;6767555;2025-03-21;18.59;18.81;18.39;18.70;18.70;2580848;;139617917
CVCO;890460;2025-03-21;509.48;514.01;502.60;512.89;512.89;193105;;8013148
CVCY;9075946;2024-03-28;19.63;20.00;19.38;19.89;19.89;34540;;11831694
CVEO;14159403;2025-03-21;21.32;21.43;20.88;21.19;21.19;159284;;13653647
CVGI;773452;2025-03-21;1.47;1.52;1.40;1.41;1.41;537994;;34640434
CVGW;7962756;2025-03-21;24.10;24.39;23.80;24.06;24.06;254194;;17801574
CVI;6767465;2025-03-21;21.82;21.82;21.10;21.20;21.20;1598021;;100530599
CVII;11795050;2024-08-19;9.99;9.99;9.99;9.99;9.99;12988;;91564261
CVKD;15071396;2025-03-21;19.47;19.88;19.23;19.37;19.37;31373;;1879710
CVLG;7962776;2025-03-21;22.49;22.71;21.96;22.55;22.55;125322;;26550403
CVLT;1067483;2025-03-21;159.88;162.73;159.31;161.52;161.52;660282;;43997606
CVLY;9075932;2024-07-01;24.04;24.04;24.04;24.04;24.04;0;;9662378
CVM;10656752;2025-03-21;0.28;0.28;0.25;0.26;0.26;1667663;;77211541
CVMCA;14864206;2024-06-12;19.00;19.00;19.00;19.00;19.00;0;;
CVNA;717670;2025-03-21;180.00;194.58;177.78;190.95;190.95;6004122;;213166351
CVRX;11819316;2025-03-21;12.12;12.72;11.80;12.49;12.49;380641;;26036032
CVS;256275;2025-03-21;68.46;68.69;67.01;67.05;67.05;17882265;;1260795063
CVSI;150939;2025-03-21;0.03;0.03;0.03;0.03;0.03;144905;;184263663
CVT;1328921;2023-06-15;8.52;8.52;8.52;8.52;8.52;0;;485772963
CVV;11034170;2025-03-21;3.16;3.16;3.02;3.08;3.08;32214;;6881838
CVX;248396;2025-03-21;164.49;164.88;163.11;164.75;164.75;21193670;;1760598537
CW;1057791;2025-03-21;324.79;325.77;321.68;325.31;325.31;650759;;37658818
CWAN;11794954;2025-03-21;26.38;26.89;26.29;26.49;26.49;5390151;;198046275
CWBC;12444735;2025-03-21;18.10;18.29;17.97;18.00;18.00;116143;;8909279
CWBHF;15337157;2025-03-21;0.10;0.10;0.10;0.10;0.10;76657;;158009541
CWBR;9076174;2025-01-23;0.41;0.41;0.41;0.41;0.41;0;;2906926
CWCO;9075784;2025-03-21;27.37;27.67;26.44;26.50;26.50;927891;;15828929
CWEN;904225;2025-03-21;29.94;30.14;29.73;29.90;29.90;1448054;;35000000
CWGL;12444355;2025-03-21;5.96;5.96;5.96;5.96;5.96;285;;20607254
CWH;744377;2025-03-21;16.63;17.27;16.51;16.88;16.88;2133317;;44666000
CWK;6767523;2025-03-21;10.37;10.53;10.22;10.44;10.44;3997324;;229726875
CWRL;662568;2020-07-24;0.00;0.00;0.00;0.00;0.00;0;;4655338
CWST;6481007;2025-03-21;109.88;110.78;109.02;110.46;110.46;587085;;63358475
CWT;939565;2025-03-21;46.30;46.53;45.46;46.07;46.07;1038497;;59488444
CXAI;16633052;2025-03-21;0.96;0.98;0.94;0.95;0.95;257309;;16460126
CXDO;14821531;2025-03-21;5.40;5.51;5.24;5.51;5.51;127209;;27901072
CXM;1340853;2025-03-21;8.71;8.88;8.56;8.66;8.66;3298238;;254382809
CXO;378119;2021-01-15;69.12;69.12;64.60;65.60;65.60;18053801;;196304640
CXP;949490;2021-12-07;19.25;19.29;19.25;19.28;19.28;4070256;;114869125
CXW;949493;2025-03-21;20.38;20.38;19.95;20.01;20.01;2325584;;108864211
CXXIF;16212273;2025-03-21;0.15;0.15;0.15;0.15;0.15;10255;;120047814
CY;526074;2020-04-16;23.82;23.82;23.82;23.82;23.82;2;;373644219
CYAN;65022;2025-03-21;0.42;0.42;0.42;0.42;0.42;0;;7155858
CYBR;18515895;2025-03-21;346.23;352.75;342.70;351.76;351.76;440596;;49426711
CYCA;660121;2025-03-21;0.02;0.02;0.02;0.02;0.02;1000;;470237826
CYCC;899362;2025-03-21;0.30;0.32;0.29;0.32;0.32;297176;;6287205
CYCN;14821533;2025-03-21;2.85;2.85;2.70;2.75;2.75;3553;;2545223
CYDY;11819534;2025-03-21;0.23;0.24;0.22;0.22;0.22;1211437;;1228232000
CYH;7962806;2025-03-21;2.63;2.64;2.58;2.60;2.60;2691904;;138923216
CYIG;947023;2020-09-29;0.04;0.04;0.04;0.04;0.04;0;;29839168
CYN;14864226;2025-03-21;4.52;4.79;4.36;4.56;4.56;52593;;1751906
CYNK;665931;2022-09-19;0.00;0.00;0.00;0.00;0.00;0;;291450000
CYRP;986073;2022-09-27;0.00;0.00;0.00;0.00;0.00;0;;15593000
CYRX;6767765;2025-03-21;5.67;5.78;5.47;5.69;5.69;397749;;49910391
CYTH;15271642;2025-03-21;0.69;0.70;0.65;0.70;0.70;35265;;28768055
CYTK;6481053;2025-03-21;42.72;47.00;42.70;45.43;45.43;3725459;;118410689
CZFS;11817935;2025-03-21;58.99;58.99;56.93;57.60;57.60;22036;;4759471
CZNC;9075792;2025-03-21;20.47;20.71;20.41;20.41;20.41;67069;;15466068
CZOO;1341562;2024-05-21;6.04;6.04;6.04;6.04;6.04;5332;;376467
CZR;821879;2025-03-21;27.80;27.86;26.73;27.36;27.36;9417727;;212013306
CZWI;12444747;2025-03-21;14.70;14.73;14.55;14.56;14.56;19199;;9989536
D;189087;2025-03-21;54.80;55.28;54.21;54.55;54.55;7808186;;852050458
DAC;18474527;2025-03-21;83.10;83.33;80.95;81.28;81.28;105132;;18987616
DAIO;15585612;2025-03-21;2.45;2.50;2.42;2.50;2.50;6258;;9236019
DAKT;9075856;2025-03-21;12.49;12.78;12.46;12.55;12.55;1041246;;49893293
DAL;231789;2025-03-21;46.00;46.96;45.36;46.77;46.77;16973087;;645962006
DALN;652799;2025-03-21;5.85;5.85;5.66;5.84;5.84;23742;;5352490
DALS;11819277;2023-07-28;10.30;10.32;10.30;10.32;10.32;2248;;25650000
DAN;980331;2025-03-21;14.13;14.31;13.97;14.14;14.14;2780532;;145037398
DAR;1234767;2025-03-21;29.95;30.28;29.57;29.82;29.82;1858632;;158873042
DARE;16633056;2025-03-21;2.90;2.99;2.88;2.90;2.90;21295;;8700389
DASH;1200821;2025-03-21;190.72;194.40;187.20;190.62;190.62;72943986;;336847000
DATA;711049;2019-08-19;169.53;169.53;169.53;169.53;169.53;0;;87462564
DAVA;3239137;2025-03-21;21.14;21.98;21.00;21.58;21.58;461808;;59031432
DAVE;17643956;2025-03-21;86.21;90.68;83.05;90.57;90.57;277749;;
DAWN;11795166;2025-03-21;8.23;8.30;8.11;8.23;8.23;1688303;;101354516
DB;18526125;2025-03-21;23.90;24.30;23.90;24.23;24.23;2522766;;1945125755
DBD;770497;2025-03-21;42.71;43.49;42.10;42.64;42.64;269625;;37595784
DBDR;11795222;2025-03-21;11.43;11.43;11.02;11.30;11.30;1548540;;102311981
DBI;596024;2025-03-21;3.86;4.24;3.62;4.04;4.04;3182256;;47928175
DBRG;949488;2025-03-21;9.31;9.47;9.20;9.23;9.23;4845513;;174461883
DBTX;1866071;2023-09-25;4.91;4.91;4.91;4.91;4.91;0;;25017851
DBVT;11818480;2025-03-21;4.97;5.24;4.51;4.99;4.99;20861;;19300305
DBX;808182;2025-03-21;26.11;26.64;26.00;26.50;26.50;13858797;;339200000
DC;10656560;2025-03-21;2.77;2.84;2.71;2.80;2.80;3438790;;94430454
DCGO;11795198;2025-03-21;2.71;2.75;2.63;2.67;2.67;1439244;;101982549
DCI;50564;2025-03-21;67.19;67.59;66.45;67.21;67.21;2799042;;119517825
DCO;7962708;2025-03-21;59.04;59.40;57.67;58.83;58.83;271317;;14813470
DCOM;11795242;2025-03-21;28.15;28.33;27.82;27.93;27.93;1203490;;43638375
DCP;11794930;2023-06-20;41.69;41.69;41.69;41.69;41.69;0;;208400000
DCPH;785694;2024-07-12;25.59;25.59;25.59;25.59;25.59;600;;86475972
DCT;11794996;2023-03-30;18.99;18.99;18.99;18.99;18.99;0;;132748831
DCTH;15539315;2025-03-21;14.10;14.15;13.50;13.72;13.72;468763;;33403138
DD;546332;2025-03-21;76.49;76.49;74.66;75.17;75.17;4390302;;418049127
DDD;545133;2025-03-21;2.52;2.62;2.43;2.58;2.58;9161709;;135620168
DDE;157094;2019-03-28;2.61;2.70;2.60;2.64;2.64;293581;;33283210
DDOG;963381;2025-03-21;101.25;105.56;100.63;105.03;105.03;4918965;;342764016
DDS;949971;2025-03-21;356.55;361.18;353.21;353.25;353.25;752393;;15904195
DE;373449;2025-03-21;473.60;475.70;468.30;472.43;472.43;1672623;;271413927
DEA;949499;2025-03-21;10.54;10.63;10.39;10.44;10.44;1993178;;107970559
DEC;18557139;2025-03-21;13.63;13.64;13.22;13.28;13.28;460921;;
DECK;1054410;2025-03-21;113.76;118.33;112.10;117.86;117.86;5489417;;151773639
DEI;1057794;2025-03-21;16.11;16.24;15.90;15.98;15.98;3104545;;167446350
DELL;59180;2025-03-21;98.08;98.42;96.40;97.57;97.57;8858628;;726000000
DEN;919129;2023-11-02;88.66;88.66;88.66;88.66;88.66;0;;51817000
DENN;986862;2025-03-21;3.98;3.98;3.88;3.91;3.91;1693922;;51611066
DEO;16281422;2025-03-21;106.90;107.44;106.42;107.04;107.04;781495;;555550000
DERM;16682786;2025-03-21;5.55;5.75;5.48;5.74;5.74;50615;;6000000
DESP;17643958;2025-03-21;19.23;19.26;19.21;19.23;19.23;3241153;;66648804
DESTQ;175862;2023-02-07;0.00;0.00;0.00;0.00;0.00;0;;14226121
DEVV;658900;2022-08-22;0.00;0.00;0.00;0.00;0.00;0;;8042516
DFCO;1077526;2025-03-21;0.01;0.01;0.01;0.01;0.01;1;;97050443
DFH;11795084;2025-03-21;23.87;24.36;23.20;23.44;23.44;850030;;93437001
DFIN;6767673;2025-03-21;44.11;44.76;43.77;44.56;44.56;935985;;28609147
DFNS;11795108;2021-08-26;10.73;13.29;9.99;12.85;12.85;4776596;;
DFODQ;824643;2021-06-02;0.04;0.04;0.04;0.04;0.04;224649;;91940015
DFPH;11795216;2025-03-21;1.00;1.00;1.00;1.00;1.00;0;;75490489
DFS;378127;2025-03-21;162.98;165.34;161.63;164.83;164.83;1941909;;251604129
DFT;446473;2017-09-28;66.31;66.31;66.31;66.31;66.31;0;;77902189
DG;80798;2025-03-21;81.17;84.14;80.51;83.66;83.66;6944826;;219925670
DGICA;7962826;2025-03-21;18.37;18.50;18.12;18.23;18.23;161954;;35638834
DGII;6767763;2025-03-21;28.66;29.20;28.52;28.91;28.91;682837;;36899190
DGX;341807;2025-03-21;166.47;167.55;165.88;167.11;167.11;1420281;;110978069
DH;11795148;2025-03-21;2.76;2.87;2.65;2.81;2.81;1804120;;112911325
DHCA;18045536;2024-03-14;9.86;9.86;6.39;7.70;7.70;51723;;12382842
DHHC;10656656;2025-03-21;3.52;3.74;3.22;3.39;3.39;745255;;58602388
DHI;378124;2025-03-21;127.34;129.44;125.95;128.84;128.84;7670327;;315122486
DHIL;7962818;2025-03-21;143.26;145.81;143.04;143.66;143.66;42994;;2787492
DHR;89750;2025-03-21;210.73;212.56;208.39;211.36;211.36;6156315;;714709852
DHT;6767607;2025-03-21;11.02;11.02;10.64;10.67;10.67;2974306;;159983104
DHX;653310;2025-03-21;1.61;1.67;1.45;1.47;1.47;217028;;48922271
DIA;1171654;2025-03-21;416.05;420.00;414.19;419.62;419.62;2182377;0.80;
DIBS;12444327;2025-03-21;3.01;3.01;2.84;2.96;2.96;313290;;35402431
DICE;11795052;2023-08-14;47.55;47.55;47.55;47.55;47.55;0;;47193122
DIN;545516;2025-03-21;24.90;25.36;24.41;24.45;24.45;628213;;15253787
DINO;13992941;2025-03-21;33.71;33.90;33.35;33.53;33.53;16410716;;188407343
DIOD;6481047;2025-03-21;44.86;45.70;44.36;45.30;45.30;960314;;46333930
DIS;261356;2025-03-21;98.38;99.89;97.75;99.46;99.46;14748899;;1807788865
DISH;741324;2024-01-09;5.77;5.77;5.77;5.77;5.77;5326;;533008000
DIST;16875837;2025-03-21;11.11;11.11;11.11;11.11;11.11;0;;3200170
DIT;1079780;2025-03-21;120.54;122.97;116.97;121.96;121.96;326;;645462
DJCO;1076497;2025-03-21;392.54;399.87;391.37;396.80;396.80;16544;;1377426
DK;823947;2025-03-21;17.44;17.59;16.93;16.94;16.94;2518737;;62513232
DKDCA;13511360;2025-03-21;0.57;0.64;0.52;0.54;0.54;67235;;27987427
DKL;11795024;2025-03-21;43.45;43.96;43.00;43.67;43.67;1133898;;53667523
DKNG;1085359;2025-03-21;37.99;39.59;37.59;39.49;39.49;9564092;;403844000
DKS;179423;2025-03-21;188.67;196.01;186.52;195.45;195.45;3641483;;81474609
DLA;13511316;2024-07-01;0.58;0.58;0.58;0.58;0.58;336038;;7051153
DLB;357388;2025-03-21;81.02;81.04;79.87;80.79;80.79;1813260;;96377077
DLHC;10656686;2025-03-21;4.68;4.84;4.55;4.69;4.69;104797;;14386468
DLPH;928642;2020-10-02;17.02;17.02;17.02;17.02;17.02;0;;86349731
DLTH;50213;2025-03-21;2.20;2.20;2.05;2.09;2.09;51298;;35177154
DLTR;378128;2025-03-21;64.11;67.19;63.16;66.75;66.75;4897398;;215038638
DLX;639822;2025-03-21;16.10;16.14;15.86;16.02;16.02;579297;;44430803
DM;1306306;2025-03-21;2.42;2.49;2.20;2.23;2.23;256026;;33341419
DMAC;15287366;2025-03-21;5.05;5.10;4.90;4.98;4.98;74722;;42855660
DMLP;1016069;2025-03-21;30.15;30.34;29.85;30.12;30.12;145591;;47339756
DMRC;110139;2025-03-21;14.00;14.50;13.95;14.31;14.31;314441;;21548579
DMTK;1253392;2024-07-26;0.06;0.07;0.06;0.07;0.07;55775;;34962994
DMYS;11818408;2023-04-05;10.22;10.27;10.22;10.25;10.25;54056;;24150000
DNAY;1253399;2025-03-21;0.39;0.39;0.39;0.39;0.39;33;;1775839
DNB;125293;2025-03-21;8.45;8.99;8.32;8.73;8.73;12447903;;441516369
DNKN;101599;2020-12-15;106.48;106.48;106.48;106.48;106.48;0;;82417076
DNLI;6481079;2025-03-21;14.39;14.64;14.21;14.43;14.43;1554243;;145215391
DNMR;10656526;2025-03-21;0.25;0.30;0.15;0.21;0.21;31112;;120795476
DNN;3239401;2025-03-21;1.54;1.55;1.46;1.50;1.50;71943636;;890970371
DNOW;558120;2025-03-21;16.07;16.17;15.76;16.03;16.03;5734929;;105687410
DNTH;17643960;2025-03-21;20.17;20.59;19.41;19.49;19.49;239200;;
DNUT;10383932;2025-03-21;5.56;5.58;5.40;5.50;5.50;2554638;;170300000
DO;14122301;2024-09-04;13.99;13.99;13.99;13.99;13.99;0;;102481240
DOC;998407;2025-03-21;20.29;20.39;19.95;20.03;20.03;7260287;;238911308
DOCN;1202261;2025-03-21;35.93;37.10;35.71;36.89;36.89;1543220;;92067799
DOCS;11794940;2025-03-21;61.53;63.07;60.26;62.99;62.99;4032522;;187637106
DOCU;810159;2025-03-21;83.94;88.36;83.50;88.06;88.06;5026737;;202489720
DOLE;17643962;2025-03-21;14.07;14.16;13.73;13.78;13.78;1386652;;95040517
DOMA;12444377;2024-09-27;6.28;6.28;6.28;6.28;6.28;0;;14185669
DOMH;16453509;2025-03-21;4.30;4.38;3.97;4.13;4.13;206468;;6276138
DOMO;770174;2025-03-21;8.28;8.38;8.09;8.29;8.29;465701;;39107575
DOOR;6767539;2024-05-15;132.84;132.84;132.84;132.84;132.84;0;;21983958
DORM;742104;2025-03-21;125.57;126.55;124.25;125.45;125.45;345109;;30581562
DOUG;10656588;2025-03-21;1.77;1.79;1.75;1.75;1.75;419598;;88737838
DOV;336327;2025-03-21;180.00;181.35;177.63;179.64;179.64;1241179;;137225409
DOW;378129;2025-03-21;36.25;36.36;35.81;36.17;36.17;13215107;;703831931
DOX;6480936;2025-03-21;88.12;88.71;87.36;88.27;88.27;2964402;;112890564
DPLO;349954;2020-02-07;4.00;4.01;4.00;4.00;4.00;744968;;75973963
DPLS;17162499;2025-03-21;0.00;0.00;0.00;0.00;0.00;73503314;;9106286677
DPW;1241825;2024-09-09;0.21;0.22;0.20;0.21;0.21;972327;;38846318
DPZ;338660;2025-03-21;460.96;464.25;456.75;461.40;461.40;705735;;34296712
DRD;17776539;2025-03-21;14.33;14.49;13.98;14.21;14.21;869890;;864588711
DRE;446513;2022-10-03;48.20;48.20;48.20;48.20;48.20;0;;389199000
DRFS;13774418;2025-03-21;0.00;0.00;0.00;0.00;0.00;30;;
DRH;6767561;2025-03-21;7.85;7.91;7.65;7.90;7.90;5130684;;208089563
DRI;108420;2025-03-21;199.08;200.38;195.55;199.93;199.93;2512042;;117146786
DRIO;1253255;2025-03-21;0.69;0.71;0.67;0.69;0.69;181074;;27570013
DRNA;9076345;2021-12-28;38.22;38.22;38.22;38.22;38.22;0;;77747134
DRQ;113753;2024-09-06;15.95;16.18;15.41;15.41;15.41;403631;;34452230
DRRX;9076018;2025-03-21;0.80;0.85;0.80;0.85;0.85;28432;;31041981
DRS;14122309;2025-03-21;33.17;33.43;32.75;33.00;33.00;1431518;;265157699
DRTS;18515893;2025-03-21;2.61;2.68;2.60;2.61;2.61;21600;;70380570
DRTT;963028;2025-03-21;0.73;0.73;0.69;0.73;0.73;43300;;189629164
DRVN;1340510;2025-03-21;17.31;17.47;17.11;17.41;17.41;1036546;;163836640
DS;816790;2022-12-30;0.20;0.21;0.16;0.17;0.17;8197130;;92385019
DSAQ;11819727;2025-03-21;11.68;11.68;11.68;11.68;11.68;0;;8472283
DSGN;11817491;2025-03-21;4.60;4.76;4.50;4.65;4.65;190517;;56762678
DSGR;17643964;2025-03-21;28.96;29.14;28.62;28.65;28.65;80816;;
DSKE;770175;2024-04-01;8.30;8.30;8.29;8.29;8.29;1229021;;45521935
DSP;11819624;2025-03-21;12.06;12.49;12.01;12.46;12.46;368322;;16335498
DSS;15585614;2025-03-21;1.02;1.10;0.78;1.00;1.00;603140;;7066772
DSWL;16532274;2025-03-21;2.38;2.38;2.32;2.34;2.34;14636;;15935239
DT;1251549;2025-03-21;49.24;49.91;48.77;49.82;49.82;4516101;;299350033
DTC;11795352;2025-03-21;0.21;0.22;0.20;0.21;0.21;1006460;;59233855
DTE;378131;2025-03-21;136.66;138.22;135.54;137.11;137.11;3713702;;207242390
DTEA;1241347;2025-03-21;0.53;0.55;0.52;0.55;0.55;13549;;26426055
DTGI;13511324;2025-03-21;0.01;0.01;0.01;0.01;0.01;10100;;179734434
DTI;17643966;2025-03-21;2.83;2.83;2.64;2.64;2.64;107131;;
DTIL;1078151;2025-03-21;5.46;5.46;5.10;5.45;5.45;104250;;7671059
DTM;1234768;2025-03-21;98.92;99.10;96.60;96.98;96.98;4875464;;101358534
DTOC;12444691;2025-03-21;5.25;5.25;5.25;5.25;5.25;211;;18628680
DTRM;80268;2019-06-14;0.17;0.19;0.17;0.18;0.18;80325;;15245441
DTSS;11035228;2025-03-21;2.10;2.23;2.09;2.20;2.20;16942;;7489402
DUK;191249;2025-03-21;119.98;120.91;118.38;119.10;119.10;5698144;;776461008
DUO;17685542;2025-03-21;0.35;0.35;0.33;0.33;0.33;1965653;;2470804706
DUOL;1271648;2025-03-21;300.70;312.00;294.82;309.30;309.30;866322;;40097826
DUOT;16682758;2025-03-21;6.14;6.26;5.87;6.17;6.17;60228;;7689969
DV;2077098;2025-03-21;14.34;14.38;13.96;14.08;14.08;3258656;;166011725
DVA;349826;2025-03-21;148.24;149.76;147.19;148.15;148.15;1026718;;80000000
DVAX;138695;2025-03-21;13.65;13.84;13.56;13.82;13.82;3307153;;124070829
DVN;122079;2025-03-21;35.97;36.28;35.77;36.15;36.15;12054928;;649000000
DWACU;1254331;2024-03-25;51.30;63.88;51.30;61.35;61.35;5231;;30026769
DWSN;9076100;2025-03-21;1.36;1.46;1.36;1.46;1.46;8530;;30983437
DX;949498;2025-03-21;14.06;14.21;13.97;14.04;14.04;7973864;;90468433
DXC;740485;2025-03-21;16.97;17.09;16.19;16.43;16.43;27597138;;181048561
DXCM;352596;2025-03-21;74.17;74.48;72.73;73.80;73.80;5524557;;390772018
DXLG;178401;2025-03-21;1.85;1.88;1.75;1.76;1.76;642251;;53524864
DXPE;674720;2025-03-21;86.18;87.14;84.68;87.00;87.00;315840;;15695088
DXYN;11035908;2025-03-21;0.50;0.57;0.50;0.51;0.51;399;;14676000
DY;252287;2025-03-21;157.21;159.24;155.69;156.24;156.24;563789;;28979138
DYAI;16682760;2025-03-21;1.41;1.42;1.36;1.41;1.41;19881;;29477639
DYN;1154967;2025-03-21;12.14;12.42;11.69;12.08;12.08;2327731;;113121357
DYNT;286288;2025-03-21;0.13;0.13;0.13;0.13;0.13;1003;;8810332
DZSI;202955;2025-03-21;0.00;0.01;0.00;0.00;0.00;256130;;38789398
EA;372651;2025-03-21;142.27;145.22;142.00;144.30;144.30;9239477;;262272821
EACO;12444289;2025-03-21;43.01;43.01;43.01;43.01;43.01;0;;4861590
EAF;910562;2025-03-21;1.01;1.01;0.96;0.99;0.99;6453259;;257263710
EAI;11795160;2025-03-21;21.28;21.39;21.20;21.27;21.27;13769;;430412580
EAR;1253401;2024-02-26;70.50;70.50;70.50;70.50;70.50;0;;20745838000
EARN;18081187;2025-03-21;5.76;5.77;5.68;5.70;5.70;525796;;28800345
EAST;646929;2025-01-27;1.05;1.05;0.78;0.95;0.95;2521652;;4991065
EAT;980378;2025-03-21;142.10;146.76;139.56;144.81;144.81;1241925;;44406857
EB;909936;2025-03-21;2.30;2.33;2.25;2.31;2.31;1304900;;94629442
EBAY;104109;2025-03-21;66.18;66.18;65.21;65.78;65.78;15319820;;466000000
EBC;10384201;2025-03-21;16.26;16.61;16.23;16.59;16.59;6650532;;212992318
EBF;90209;2025-03-21;20.88;20.91;20.22;20.23;20.23;2099423;;26003854
EBIX;147655;2023-12-27;1.71;1.72;1.05;1.16;1.16;12284786;;30866000
EBMT;10656742;2025-03-21;16.91;16.96;16.73;16.90;16.90;38858;;7977177
EBS;1063681;2025-03-21;5.69;5.76;5.55;5.72;5.72;2014569;;54337026
EBSB;9076335;2022-02-28;24.15;24.15;24.15;24.15;24.15;1;;50470710
EBTC;7962932;2025-03-21;38.65;39.47;38.65;38.88;38.88;84054;;12458981
EBZT;13511372;2025-03-21;0.15;0.15;0.14;0.15;0.15;10350;;30896653
ECA;897579;2025-03-21;42.09;42.25;41.35;41.46;41.46;22206405;;259822447
ECHO;9076325;2021-11-23;48.24;48.24;48.24;48.24;48.24;0;;26185818
ECL;378133;2025-03-21;249.87;251.30;247.23;251.00;251.00;3020154;;282997058
ECOM;9076331;2022-11-15;23.09;23.09;23.09;23.09;23.09;0;;28815362
ECOR;9076127;2025-03-21;8.00;8.19;7.95;8.00;8.00;113970;;7193092
ECPG;6767719;2025-03-21;34.18;35.52;33.95;34.79;34.79;476808;;23691291
ECVT;17643968;2025-03-21;6.48;6.64;6.36;6.40;6.40;1353850;;
ECYT;760760;2018-12-21;23.99;23.99;23.99;23.99;23.99;0;;82088638
ED;378121;2025-03-21;108.22;109.36;107.36;107.80;107.80;4366960;;346711639
EDIT;1253292;2025-03-21;1.30;1.33;1.26;1.31;1.31;2901421;;82976284
EDNT;1242007;2025-03-21;0.00;0.00;0.00;0.00;0.00;204;;466201
EDR;11794934;2025-03-21;28.85;29.60;28.56;29.25;29.25;38272399;;291936777
EDSA;13511370;2025-03-21;2.56;2.60;2.45;2.50;2.50;34459;;6936404
EDU;17708500;2025-03-21;51.12;51.49;49.97;50.20;50.20;738776;;1647514863
EDUC;13511286;2025-03-21;1.25;1.34;1.25;1.26;1.26;8934;;8583601
EDXC;13643362;2025-03-21;0.01;0.01;0.01;0.01;0.01;662858;;
EE;14159409;2025-03-21;29.04;29.41;28.81;29.17;29.17;325741;;
EEFT;484269;2025-03-21;107.36;109.09;106.83;108.01;108.01;787959;;43742542
EEI;55609;2019-12-31;15.45;15.45;15.45;15.45;15.45;0;;4330001
EEP;569369;2018-12-20;10.43;10.43;10.43;10.43;10.43;0;;326517110
EEX;10656572;2025-03-21;4.03;4.07;3.90;3.93;3.93;120652;;200046674
EE_delisted;709578;2025-03-21;29.04;29.41;28.81;29.17;29.17;325265;;40787627
EFC;10384297;2025-03-21;13.38;13.44;13.20;13.23;13.23;2006592;;90678492
EFOI;807596;2025-03-21;2.12;2.12;1.96;2.01;2.01;18676;;5260741
EFSC;6767611;2025-03-21;55.12;55.73;54.58;55.03;55.03;2940055;;36979376
EFSI;12444431;2025-03-21;32.50;33.16;32.38;32.66;32.66;319290;;3549581
EFTR;11035440;2025-03-21;0.00;0.00;0.00;0.00;0.00;0;;4704409
EFX;378137;2025-03-21;242.67;244.66;239.37;244.00;244.00;1389836;;124023838
EG;741323;2025-03-21;353.19;356.25;352.18;352.42;352.42;1348246;;42934097
EGAN;233349;2025-03-21;4.79;4.95;4.76;4.83;4.83;132582;;28130920
EGBN;7962666;2025-03-21;21.47;22.12;21.16;21.37;21.37;762819;;30204202
EGGF;11818690;2023-12-27;9.90;12.22;9.90;11.98;11.98;4327;;5625000
EGHT;36662;2025-03-21;2.13;2.20;2.12;2.16;2.16;1597573;;131693671
EGLE;14814691;2024-04-09;62.60;62.60;62.60;62.60;62.60;0;;11072851
EGLT;286194;2019-03-01;0.01;0.01;0.01;0.01;0.01;0;;9360968
EGP;899359;2025-03-21;175.66;176.01;172.15;173.11;173.11;1053804;;52024019
EGRX;7962898;2025-03-21;1.02;1.49;1.02;1.49;1.49;314;;13059153
EGY;699964;2025-03-21;3.91;3.96;3.87;3.90;3.90;1654174;;103743163
EHAB;15204638;2025-03-21;9.20;9.28;8.98;9.05;9.05;587933;;50479951
EHC;117690;2025-03-21;98.81;99.02;96.88;97.10;97.10;833020;;100709106
EHTH;979798;2025-03-21;7.30;7.33;7.13;7.17;7.17;236945;;29942604
EIG;6767745;2025-03-21;50.01;50.50;48.87;49.20;49.20;968922;;24357217
EIGI;74731;2021-02-10;9.49;9.50;9.49;9.49;9.49;1172736;;141653878
EIGR;1841446;2024-04-10;1.90;1.90;1.66;1.73;1.73;130212;;1480797
EIX;378134;2025-03-21;58.58;59.14;58.09;58.17;58.17;11619960;;385023526
EJH;17766098;2025-03-21;1.01;1.06;1.00;1.06;1.06;1200300;;20443634
EKSO;11035456;2025-03-21;0.45;0.50;0.44;0.50;0.50;161747;;24824762
EL;172930;2025-03-21;67.85;68.23;66.08;66.95;66.95;5832018;;359715445
ELA;12442292;2025-03-21;5.45;5.50;5.10;5.35;5.35;46588;;25995847
ELAN;1094920;2025-03-21;10.49;10.68;10.32;10.53;10.53;4152540;;494613940
ELDN;11035129;2025-03-21;3.37;3.55;3.30;3.51;3.51;310372;;59881775
ELEV;14864198;2025-03-21;0.28;0.31;0.28;0.30;0.30;4197077;;59215795
ELF;6480982;2025-03-21;61.64;63.32;60.35;62.85;62.85;2297422;;56398608
ELMD;187864;2025-03-21;24.46;24.93;24.42;24.73;24.73;66653;;8556844
ELME;17643970;2025-03-21;17.04;17.25;16.96;17.10;17.10;1230331;;
ELOX;1841823;2025-03-21;0.00;0.00;0.00;0.00;0.00;0;;218
ELS;446592;2025-03-21;68.58;68.96;67.99;68.47;68.47;1643737;;191142869
ELSE;15296763;2025-03-21;4.45;4.58;4.41;4.58;4.58;8860;;3449021
ELTP;13841931;2025-03-21;0.45;0.47;0.45;0.46;0.46;322772;;1068273108
ELV;378099;2025-03-21;432.28;436.33;424.97;427.19;427.19;3028504;;227351871
ELVG;16633060;2025-03-21;0.02;0.02;0.02;0.02;0.02;0;;414448757
ELVN;17643972;2025-03-21;20.64;21.41;20.55;21.08;21.08;412594;;
ELVT;9076081;2023-02-27;1.86;1.87;1.86;1.87;1.87;535974;;31068846
ELY;434282;2022-09-06;22.01;22.09;21.21;21.33;21.33;2101266;;184700000
ELYM;1841133;2025-03-21;1.25;1.31;1.22;1.30;1.30;213407;;67223760
ELYS;360213;2025-03-21;0.00;0.00;0.00;0.00;0.00;55;;33898731
EMAN;10656696;2023-10-18;2.07;2.07;2.07;2.07;2.07;0;;81993294
EMBC;10384229;2025-03-21;12.99;13.12;12.69;12.82;12.82;1305958;;58134434
EMC;261451;2025-03-21;26.81;26.91;26.80;26.89;26.89;5036;;1956842060
EMCGU;14508675;2025-03-21;12.11;12.11;12.11;12.11;12.11;0;;4520024
EME;446597;2025-03-21;393.85;395.89;390.44;395.14;395.14;1251436;;45472621
EMIS;952850;2020-12-09;7.81;7.81;7.81;7.81;7.81;0;;60852478
EMKR;11034437;2025-02-28;3.09;3.10;3.09;3.10;3.10;120529;;9080833
EML;9076004;2025-03-21;26.25;26.49;26.25;26.47;26.47;19884;;6135278
EMLD;15539319;2024-08-01;10.99;10.99;10.94;10.96;10.96;19889;;14349106
EMMS;654077;2025-03-21;2.50;2.50;2.50;2.50;2.50;0;;13399132
EMN;122948;2025-03-21;88.67;89.38;87.42;88.69;88.69;2389762;;115168382
EMP;12442238;2025-03-21;21.32;21.35;21.31;21.31;21.31;10226;;430412580
EMR;255983;2025-03-21;110.66;113.13;109.93;113.11;113.11;9203575;;563900000
EMX;18515897;2025-03-21;1.96;1.96;1.90;1.92;1.92;303570;;
EMYB;12444419;2025-03-21;15.74;15.74;15.74;15.74;15.74;0;;7643137
ENB;1300947;2025-03-21;44.10;44.17;43.58;43.87;43.87;2806924;;2179049670
ENBL;998439;2021-12-02;6.99;7.12;6.87;7.05;7.05;701615;;435866139
ENBP;15394190;2025-03-21;16.35;16.35;16.30;16.30;16.30;606;;5640530
ENCP;16633066;2025-03-21;0.10;0.10;0.08;0.09;0.09;2077533;;146741306
ENDP;530918;2024-05-01;0.00;0.00;0.00;0.00;0.00;9967;;233681000
ENDP_old;378135;2024-05-01;0.00;0.00;0.00;0.00;0.00;9967;;115354393
ENER;12444469;2023-12-26;10.55;10.57;10.54;10.56;10.56;822076;;25995000
ENFN;11795262;2025-03-21;11.07;11.13;11.07;11.10;11.10;1203693;;129000840
ENG;58098;2025-03-21;0.02;0.02;0.01;0.02;0.02;27439;;5156583
ENLC;10383418;2025-01-31;14.12;14.12;14.12;14.12;14.12;56;;457073081
ENO;11820464;2025-03-21;22.43;22.46;22.35;22.43;22.43;4071;;8435900
ENPH;917156;2025-03-21;61.25;62.88;60.58;61.54;61.54;5232504;;132470505
ENR;674540;2025-03-21;29.69;29.91;29.36;29.53;29.53;968420;;72191936
ENS;35886;2025-03-21;95.95;96.59;94.66;96.26;96.26;1820148;;39428485
ENSC;15204640;2025-03-21;3.56;3.56;3.30;3.45;3.45;23465;;1405134
ENSG;1023444;2025-03-21;128.53;129.39;127.26;128.24;128.24;1445488;;57455374
ENSV;11036090;2025-03-21;0.04;0.04;0.03;0.03;0.03;181297;;58182785
ENTA;7962656;2025-03-21;6.34;6.49;6.21;6.31;6.31;309607;;21332544
ENTG;6480934;2025-03-21;96.87;97.46;95.67;96.35;96.35;4047223;;151126743
ENTX;15042557;2025-03-21;1.91;1.98;1.91;1.95;1.95;19531;;36832220
ENV;978454;2024-11-25;63.14;63.14;63.14;63.14;63.14;0;;55345924
ENVA;625336;2025-03-21;96.20;97.98;95.51;97.43;97.43;417226;;25793634
ENVI;11795106;2015-10-26;4.10;4.10;4.09;4.10;4.10;172992;;
ENVX;10384207;2025-03-21;7.81;8.52;7.73;8.45;8.45;4661225;;191273833
ENZ;50379;2025-03-21;0.50;0.52;0.47;0.49;0.49;91934;;52402804
ENZB;818574;2018-10-01;0.00;0.00;0.00;0.00;0.00;250;;5592010
ENZN;15296765;2025-03-21;0.10;0.11;0.10;0.11;0.11;1000;;74214603
EOG;100699;2025-03-21;123.54;125.17;122.99;125.17;125.17;9716136;;553926330
EOLS;7962828;2025-03-21;13.15;13.30;12.96;13.03;13.03;661092;;63586753
EOSE;12442242;2025-03-21;4.17;4.43;4.09;4.39;4.39;3668380;;226599297
EOSS;11795318;2025-03-21;0.00;0.00;0.00;0.00;0.00;0;;604781560
EP;17643974;2025-03-21;5.60;6.30;5.41;6.20;6.20;152118;;31381647
EPAC;89259;2025-03-21;42.89;42.95;41.86;42.25;42.25;809673;;54400216
EPAM;923418;2025-03-21;170.61;176.68;169.50;175.30;175.30;1280308;;56888128
EPAY;989883;2022-09-16;56.99;56.99;56.99;56.99;56.99;592;;42759000
EPC;6767485;2025-03-21;29.41;29.69;29.16;29.41;29.41;1101441;;48228669
EPD;469948;2025-03-21;34.10;34.14;33.64;33.85;33.85;5727023;;2165699962
EPE;716965;2020-10-01;0.06;0.07;0.04;0.06;0.06;56522;;254819737
EPIX;13511420;2025-03-21;1.59;1.60;1.57;1.58;1.58;85038;;44388550
EPM;516432;2025-03-21;5.04;5.05;4.98;4.98;4.98;283364;;34253898
EPR;701414;2025-03-21;51.33;51.56;50.71;51.39;51.39;1115336;;76064543
EPRT;949674;2025-03-21;31.80;32.23;31.55;31.73;31.73;5713827;;187691457
EPSN;15337161;2025-03-21;7.11;7.11;6.75;6.84;6.84;67174;;22008766
EPZM;138374;2022-09-08;1.47;1.47;1.47;1.47;1.47;7960;;144201000
EQ;1841921;2025-03-21;0.81;0.81;0.75;0.77;0.77;29786;;35430763
EQBK;7962924;2025-03-21;40.15;40.87;39.28;39.28;39.28;465516;;15252852
EQC;6767493;2025-03-21;1.60;1.62;1.59;1.60;1.60;2017390;;107421250
EQH;10383318;2025-03-21;51.67;52.60;51.26;52.55;52.55;12672442;;307819522
EQIX;378138;2025-03-21;846.00;848.65;831.78;834.59;834.59;1621064;;97332005
EQM;1071166;2020-06-16;22.27;22.47;20.00;21.43;21.43;21473114;;200457630
EQNR;18580656;2025-03-21;25.68;25.76;25.53;25.67;25.67;2926503;;2944733144
EQR;421306;2025-03-21;69.85;70.19;68.92;69.81;69.81;2964606;;379705225
EQRX;1334626;2023-11-09;2.34;2.34;2.34;2.34;2.34;0;;474295855
EQT;378136;2025-03-21;53.18;53.50;52.66;52.88;52.88;12810540;;597441000
ERAS;11817312;2025-03-21;1.48;1.59;1.40;1.53;1.53;8896972;;283265716
ERES;12444411;2025-03-21;7.44;7.79;7.29;7.64;7.64;1156261;;74678769
ERIC;18508051;2025-03-21;8.20;8.25;8.11;8.17;8.17;21603194;;3086495752
ERIE;446629;2025-03-21;410.12;416.77;405.52;409.94;409.94;280262;;46191610
ERII;6767695;2025-03-21;15.93;16.31;15.93;16.11;16.11;1028168;;54955305
ERNA;15141545;2025-03-21;0.26;0.27;0.26;0.26;0.26;70077;;52244929
ERS;543790;2017-05-09;7.00;7.00;7.00;7.00;7.00;0;;8250455
ES;378141;2025-03-21;61.45;62.09;60.55;60.93;60.93;4461944;;366785030
ESAB;10383561;2025-03-21;118.91;119.09;116.93;118.96;118.96;443471;;60529964
ESAC;15464895;2025-03-21;1.65;1.78;1.65;1.73;1.73;45887;;49261845
ESBA;11795086;2025-03-21;7.95;7.95;7.95;7.95;7.95;0;;161851000
ESCA;918449;2025-03-21;14.65;14.87;14.65;14.79;14.79;32988;;13671940
ESE;6767463;2025-03-21;159.48;159.48;156.84;159.44;159.44;369797;;25806033
ESGR;446639;2025-03-21;332.00;332.87;331.65;332.05;332.05;185990;;14885357
ESI;687589;2025-03-21;25.89;26.00;24.86;25.23;25.23;40230566;;242452327
ESI_delisted;114707;2025-03-21;0.00;0.00;0.00;0.00;0.00;0;;23988384
ESL;758715;2019-03-14;122.49;122.49;122.49;122.49;122.49;0;;29692498
ESLT;18580654;2025-03-21;411.00;420.00;408.91;410.83;410.83;150528;;44547673
ESMT;11794990;2024-01-25;23.07;23.11;23.05;23.05;23.05;22259473;;166359810
ESNT;1055099;2025-03-21;55.35;56.02;55.02;55.59;55.59;3053144;;103835368
ESOA;13626511;2025-03-21;9.55;9.64;9.40;9.42;9.42;131709;;16756684
ESP;230667;2025-03-21;26.50;26.80;26.25;26.68;26.68;18694;0.25;2796758
ESPR;9075982;2025-03-21;1.61;1.72;1.60;1.69;1.69;5007360;;197848886
ESQ;7962956;2025-03-21;72.65;73.66;71.36;72.18;72.18;244897;;8431454
ESRT;949500;2025-03-21;8.10;8.13;7.91;7.97;7.97;2065508;;167712308
ESRX;107733;2018-12-20;95.57;95.87;92.11;92.33;92.33;31612912;;563860000
ESS;378140;2025-03-21;301.30;303.51;295.85;300.06;300.06;849323;;64325080
ESSA;9075950;2025-03-21;19.01;19.05;18.75;18.88;18.88;29047;;10154664
ESTA;1253256;2025-03-21;38.74;39.87;37.67;39.67;39.67;493686;;28845813
ESTC;917843;2025-03-21;93.68;97.24;91.95;97.21;97.21;1137428;;104412817
ESTE;638141;2023-11-01;21.17;21.17;21.17;21.17;21.17;0;;78535881
ES_old;446632;2025-03-21;61.45;62.09;60.55;60.93;60.93;4461944;;90579979
ET;767563;2025-03-21;18.82;18.82;18.45;18.60;18.60;15110338;;3431214964
ETD;993675;2025-03-21;27.13;27.59;27.06;27.57;27.57;1013027;;25429960
ETEC;546873;2025-03-21;19.63;19.63;19.63;19.63;19.63;5;;18214437
ETFC;378132;2020-10-02;49.26;49.26;49.26;49.26;49.26;1;;221096380
ETM;550551;2022-12-15;0.25;0.25;0.24;0.24;0.24;1038211;;141086242
ETN;124922;2025-03-21;291.74;296.25;289.49;295.44;295.44;3186939;;392000000
ETNB;11795138;2025-03-21;8.59;8.81;8.46;8.52;8.52;9169292;;145984182
ETON;15141547;2025-03-21;14.52;14.63;14.15;14.22;14.22;224152;;26817535
ETR;354347;2025-03-21;83.50;84.39;83.39;83.88;83.88;9091578;;430412580
ETRN;980328;2024-07-22;12.42;12.42;12.42;12.42;12.42;0;;435013000
ETST;13950760;2025-03-21;0.16;0.16;0.12;0.12;0.12;164744;;302664571
ETSY;469839;2025-03-21;44.65;45.35;44.22;45.11;45.11;10928699;;107072348
ETWO;11795102;2025-03-21;2.20;2.31;2.15;2.24;2.24;2690720;;309346106
EU;17643976;2025-03-21;1.65;1.69;1.55;1.65;1.65;2602604;;186261281
EUBG;16633058;2025-03-21;0.34;0.34;0.34;0.34;0.34;100;;1701181423
EV;200412;2025-03-21;24.22;24.40;24.22;24.40;24.40;466;;114661000
EVA;900872;2021-12-31;71.69;72.00;70.06;70.42;70.42;107817;;45015000
EVBG;914618;2024-08-19;35.00;35.00;35.00;35.00;35.00;448;;41616027
EVBN;9075954;2025-03-21;39.06;39.13;38.51;38.71;38.71;19216;;5567382
EVC;652141;2025-03-21;2.03;2.19;2.02;2.16;2.16;500520;;90976288
EVCM;1251883;2025-03-21;9.89;10.18;9.79;10.08;10.08;170598;;183389354
EVER;11820055;2025-03-21;27.57;29.07;27.56;28.71;28.71;1099271;;35084240
EVEX;17643978;2025-03-21;3.41;3.65;3.31;3.58;3.58;760625;;
EVFM;988215;2025-03-21;0.01;0.01;0.01;0.01;0.01;974941;;100328686
EVGO;1311761;2025-03-21;2.68;2.79;2.62;2.76;2.76;11003833;;306323073
EVGR;14122303;2025-02-12;12.09;12.09;11.95;11.95;11.95;4449;;8071457
EVH;146041;2025-03-21;9.80;9.97;9.56;9.58;9.58;1990081;;116591148
EVI;258455;2025-03-21;18.24;19.10;17.00;18.00;18.00;143263;;12755642
EVLO;807946;2025-03-21;0.00;0.00;0.00;0.00;0.00;0;;5578767
EVLV;11795320;2025-03-21;3.03;3.09;3.00;3.07;3.07;860494;;157550036
EVOP;977613;2023-03-24;33.99;33.99;33.99;33.99;33.99;0;;47979393
EVR;1059906;2025-03-21;201.45;207.40;201.45;206.84;206.84;616176;;39121736
EVRG;995321;2025-03-21;67.92;68.42;66.93;67.45;67.45;3396594;;230009344
EVRI;917372;2025-03-21;13.68;13.70;13.65;13.68;13.68;2242001;;86437717
EVTC;961219;2025-03-21;36.79;37.35;36.44;37.24;37.24;1053318;;63614077
EVTL;18508055;2025-03-21;4.15;4.37;4.15;4.30;4.30;142262;;69542515
EW;108955;2025-03-21;70.62;70.94;69.82;70.46;70.46;7046116;;587900000
EWBC;335579;2025-03-21;89.14;90.75;88.52;89.99;89.99;4266726;;138439815
EWCZ;11795140;2025-03-21;3.97;4.06;3.83;3.99;3.99;1056208;;43291967
EWTX;11795280;2025-03-21;23.61;24.17;23.23;23.61;23.61;1784750;;95205283
EXA;177765;2017-11-17;24.24;24.24;24.24;24.24;24.24;0;;15014528
EXAS;41775;2025-03-21;44.47;45.82;44.00;45.62;45.62;3145250;;185755406
EXC;378142;2025-03-21;44.54;44.77;43.57;43.80;43.80;15455099;;1005217157
EXDW;13511288;2025-03-21;0.45;0.45;0.45;0.45;0.45;0;;
EXE;378111;2025-03-21;109.04;109.58;107.07;107.35;107.35;51374365;;232699939
EXEL;289286;2025-03-21;36.92;37.99;36.68;36.96;36.96;7278366;;279881450
EXFY;11795272;2025-03-21;3.21;3.27;3.20;3.25;3.25;367500;;81768429
EXLS;6480967;2025-03-21;46.05;46.59;45.44;46.34;46.34;2876151;;162304673
EXP;110585;2025-03-21;214.79;218.21;212.27;218.16;218.16;635492;;33287642
EXPD;378143;2025-03-21;114.53;116.39;114.15;116.30;116.30;3643740;;138032017
EXPE;112653;2025-03-21;172.15;174.40;170.06;173.81;173.81;4405979;;128857074
EXPI;795710;2025-03-21;9.76;10.08;9.71;9.96;9.96;8252946;;154133385
EXPO;1084550;2025-03-21;79.37;79.52;78.30;78.90;78.90;590289;;50818234
EXPR;50957;2025-01-02;0.00;0.00;0.00;0.00;0.00;90;;3746725
EXR;130051;2025-03-21;145.57;145.57;143.38;143.80;143.80;1767348;;211998129
EXTN;9076355;2022-10-28;4.58;4.58;4.58;4.58;4.58;0;;33191000
EXTR;187330;2025-03-21;14.81;14.92;14.63;14.89;14.89;1599303;;132755304
EYE;6767565;2025-03-21;12.57;13.09;12.37;13.02;13.02;2552140;;78783482
EYEN;11820171;2025-03-21;1.30;1.42;1.28;1.38;1.38;255914;;1080520
EYPT;232734;2025-03-21;6.00;6.39;5.93;6.25;6.25;1123716;;68728760
EZGO;18198293;2025-03-21;0.42;0.43;0.40;0.40;0.40;44723;;5675172
EZOO;12444399;2025-03-21;0.62;0.62;0.62;0.62;0.62;0;;119956826
EZPW;7962816;2025-03-21;13.88;14.36;13.77;14.25;14.25;1526263;;54938585
F;249937;2025-03-21;9.91;10.12;9.83;10.00;10.00;240187947;;3963447704
FA;10384203;2025-03-21;13.92;13.96;13.49;13.51;13.51;1255242;;173512611
FAF;1008640;2025-03-21;65.14;65.83;64.79;64.80;64.80;1031652;;102800000
FANG;896740;2025-03-21;156.80;158.73;156.16;158.50;158.50;7771994;;289440898
FARM;968243;2025-03-21;2.15;2.25;2.11;2.20;2.20;310494;;21353940
FARO;740727;2025-03-21;29.03;29.27;27.69;28.21;28.21;697709;;18981676
FAST;339017;2025-03-21;75.11;75.35;74.36;74.73;74.73;8777775;;573419704
FAT;11819495;2025-03-21;3.02;3.12;2.99;3.00;3.00;37490;;17792689
FATE;1872622;2025-03-21;0.92;0.94;0.90;0.91;0.91;1157387;;114597425
FBC;9076327;2022-11-30;37.09;37.73;36.19;37.54;37.54;18816855;;53330518
FBHS;378152;2022-12-14;63.05;64.02;61.17;61.90;61.90;2252890;;135747434
FBIO;3241649;2025-03-21;1.68;1.74;1.66;1.71;1.71;131135;;27604934
FBIZ;9075864;2025-03-21;48.08;48.14;47.49;47.49;47.49;62038;;8301126
FBK;6767691;2025-03-21;46.61;47.50;46.38;47.22;47.22;551692;;46678175
FBMS;7962650;2025-03-21;34.61;35.17;34.50;35.05;35.05;496688;;31251167
FBNC;6767689;2025-03-21;40.23;40.60;39.89;40.52;40.52;530067;;41359298
FBP;6767541;2025-03-21;18.25;18.88;18.24;18.86;18.86;8043329;;163866701
FBRT;10384281;2025-03-21;13.06;13.12;12.92;13.01;13.01;1078061;;82214630
FBRX;809598;2025-03-21;7.22;8.95;7.22;8.17;8.17;111536;;1461934
FC;702498;2025-03-21;28.37;28.77;28.23;28.49;28.49;423889;;13195664
FCAP;18081189;2025-03-21;38.00;38.19;38.00;38.04;38.04;5225;;3352003
FCAUS;943836;2020-07-10;9.61;9.98;9.48;9.98;9.97;8460971;;1632654
FCBC;7962836;2025-03-21;38.37;38.80;37.60;38.22;38.22;78671;;18326672
FCBP;6767413;2021-07-21;29.40;29.40;28.79;29.10;29.10;46205;;11614333
FCCO;9075956;2025-03-21;22.25;22.34;21.89;22.11;22.11;44158;;7671056
FCCY;9076301;2022-01-06;26.77;27.93;26.77;27.79;27.79;608600;;10289434
FCEL;197812;2025-03-21;5.17;5.25;5.02;5.14;5.14;1298268;;21143772
FCF;998470;2025-03-21;15.70;15.82;15.43;15.58;15.58;5349991;;101852168
FCFS;1067474;2025-03-21;116.51;117.28;114.21;116.87;116.87;571533;;44760746
FCN;1057788;2025-03-21;160.71;161.07;158.88;160.54;160.54;1377425;;35922453
FCNCA;446741;2025-03-21;1847.03;1887.78;1828.32;1851.20;1851.20;135836;;13577248
FCPT;623532;2025-03-21;28.32;28.35;27.96;28.11;28.11;1899598;;99970872
FCRD;10656690;2023-03-09;4.68;4.78;4.53;4.54;4.54;286432;;29922000
FCS;147401;2016-09-20;19.86;19.86;19.86;19.86;19.86;0;;114830584
FCUV;12444441;2025-03-21;4.42;4.89;4.27;4.89;4.89;13275;;7113960
FCX;378154;2025-03-21;39.96;40.37;39.21;40.25;40.25;21614566;;1437073006
FDBC;9075818;2025-03-21;43.31;43.90;42.90;43.33;43.33;20626;;5767515
FDC;520475;2019-08-05;31.69;31.69;31.69;31.69;31.69;0;;946000000
FDMT;11795260;2025-03-21;3.68;3.94;3.58;3.92;3.92;1297264;;49778127
FDOC;15091633;2025-03-21;30.00;30.00;30.00;30.00;30.00;0;;9152228
FDP;6767683;2025-03-21;29.82;30.16;29.32;29.65;29.65;1771146;;47940300
FDS;91248;2025-03-21;425.78;433.50;423.56;432.86;432.86;539702;;37988845
FDUS;10656462;2025-03-21;20.36;20.57;20.34;20.52;20.52;389543;;33914652
FDX;259098;2025-03-21;219.81;231.87;217.22;230.33;230.33;9405265;;239598919
FE;422040;2025-03-21;39.57;39.84;39.35;39.56;39.56;7361215;;576697425
FEAM;13691214;2025-03-21;4.20;4.39;4.03;4.33;4.33;20603;;3003026
FEIM;118109;2025-03-21;16.92;17.25;16.02;16.26;16.26;54998;;9676513
FELE;124153;2025-03-21;96.83;97.26;94.97;95.56;95.56;1757790;;45717687
FEMFF;16453511;2025-03-21;0.03;0.03;0.02;0.02;0.02;64800;;
FEMY;16453513;2025-03-21;1.60;1.70;1.52;1.60;1.60;435325;;22232799
FENC;9075862;2025-03-21;6.50;6.77;6.45;6.67;6.67;182090;;27432234
FERG;13511454;2025-03-21;160.77;162.91;159.32;162.33;162.33;3873714;0.83;201940271
FET;124637;2025-03-21;20.77;21.16;20.43;20.52;20.52;91529;;12349129
FF;824527;2025-03-21;4.11;4.17;4.11;4.15;4.15;484661;;43763243
FFBC;6767551;2025-03-21;24.70;24.97;24.46;24.75;24.75;1031618;;95423752
FFIC;7962962;2025-03-21;13.12;13.22;12.95;12.96;12.96;1705252;;33776688
FFIE;12444353;2025-03-21;1.25;1.29;1.25;1.26;1.26;3332102;;45332020
FFIN;998435;2025-03-21;35.59;35.98;35.17;35.70;35.70;1541199;;142977406
FFIV;60283;2025-03-21;266.88;268.80;262.75;268.40;268.40;1281982;;57652256
FFNTF;16786999;2025-03-21;0.02;0.02;0.02;0.02;0.02;4000;;
FFNW;9076024;2025-03-21;22.65;22.75;22.60;22.64;22.64;84939;;9227938
FFWM;9075802;2025-03-21;4.77;4.89;4.69;4.83;4.83;719030;;82365388
FG;14159411;2025-03-21;34.52;34.99;34.08;34.70;34.70;2596158;;126773653
FGBI;9075974;2025-03-21;8.42;8.54;8.24;8.24;8.24;22007;;12504717
FGEN;781665;2025-03-21;0.34;0.35;0.30;0.32;0.32;2329349;;100916956
FGF;15141551;2025-03-21;18.30;18.30;18.12;18.12;18.12;995;;1264226
FGI;15539317;2025-03-21;0.84;0.90;0.77;0.90;0.90;14925;;9563914
FGMCU;12444477;2025-03-21;9.75;9.75;9.75;9.75;9.75;0;;10404336
FGNV;16318983;2025-03-21;0.10;0.10;0.10;0.10;0.10;0;;50389011
FGP;825012;2021-03-30;0.83;0.89;0.83;0.86;0.86;95566;;97152665
FHB;210774;2025-03-21;24.16;24.52;23.95;24.13;24.13;2297626;;126422898
FHI;821505;2025-03-21;39.56;39.86;39.15;39.38;39.38;6650948;;81311971
FHLTU;15296769;2024-05-28;11.15;11.15;11.15;11.15;11.15;0;;5936447
FHN;1234769;2025-03-21;19.07;19.32;18.86;19.29;19.29;11494654;;521769746
FHTX;11819153;2025-03-21;4.11;4.45;3.92;4.05;4.05;215970;;55612239
FI;378146;2025-03-21;220.32;221.62;217.34;218.09;218.09;3528625;;561288944
FIAC;17162794;2024-11-06;2.01;2.01;2.01;2.01;2.01;5897;;7467578
FIBK;6767459;2025-03-21;28.47;28.82;28.09;28.70;28.70;2539316;;104531312
FICO;446774;2025-03-21;1841.84;1859.70;1818.35;1853.29;1853.29;214597;;24418138
FIGS;11795136;2025-03-21;4.37;4.37;4.18;4.33;4.33;4032202;;162520213
FIHL;17643980;2025-03-21;15.45;15.93;15.41;15.59;15.59;1431646;;111730209
FINW;12444710;2025-03-21;17.15;17.44;17.15;17.44;17.44;22864;;13211160
FIP;15585618;2025-03-21;5.26;5.37;5.16;5.30;5.30;1384306;;113941865
FIS;88558;2025-03-21;74.16;74.44;73.12;73.35;73.35;6822664;;529691586
FISI;9075822;2025-03-21;25.52;25.77;25.28;25.37;25.37;1130105;;20077893
FIT;642125;2021-01-14;6.93;6.93;6.93;6.93;6.93;1751;;272468352
FITB;378145;2025-03-21;39.15;39.58;38.84;39.48;39.48;20957466;;665618316
FIVE;902627;2025-03-21;74.56;78.12;73.21;76.24;76.24;2591623;;55049358
FIVN;901361;2025-03-21;29.27;30.29;29.04;30.14;30.14;1318542;;75809562
FIX;1014353;2025-03-21;350.57;356.33;346.21;352.15;352.15;709822;;35553062
FIXX;9076087;2024-03-25;0.92;0.97;0.90;0.93;0.93;400555;;3232225
FIZZ;199147;2025-03-21;39.70;39.76;38.90;39.08;39.08;438749;;93620246
FKWL;286530;2025-03-21;5.62;5.69;5.34;5.55;5.55;45895;;11784280
FKYS;12444425;2025-03-21;15.00;15.00;15.00;15.00;15.00;202;;6218781
FL;47224;2025-03-21;15.50;16.52;15.38;16.13;16.13;5031762;;94888861
FLAG;12444745;2023-09-12;8.43;8.70;6.65;8.00;8.00;65379;;4128024
FLDM;1253027;2022-04-05;4.05;4.05;3.66;3.71;3.71;526846;;76652000
FLEX;116586;2025-03-21;35.61;36.71;35.26;36.40;36.40;8689761;;383103055
FLFV;14864200;2024-06-21;8.99;8.99;2.03;2.56;2.56;862380;;
FLGC;16633064;2025-03-21;0.65;0.66;0.62;0.62;0.62;82524;;13366535
FLGT;1252817;2025-03-21;16.68;17.14;16.68;17.09;17.09;4193603;;30829454
FLIC;9075854;2025-03-21;12.06;12.29;11.88;12.07;12.07;339512;;22635334
FLIR;367930;2021-05-14;57.34;57.34;57.34;57.34;57.34;6;;131932461
FLJ;18199819;2024-05-29;0.77;0.90;0.71;0.82;0.82;527869;;2837892046400
FLL;10656578;2025-03-21;4.14;4.30;4.05;4.28;4.28;317447;;35875647
FLLC;667668;2020-03-06;9.95;9.95;9.95;9.95;9.95;0;;86264000
FLME;16682816;2024-02-14;12.23;12.23;11.70;12.10;12.10;94373;;35937500
FLNC;1329471;2025-03-21;5.30;5.48;5.24;5.38;5.38;2933453;;181549155
FLNG;17643982;2025-03-21;22.95;23.16;22.34;22.37;22.37;440027;;54087768
FLNT;9076084;2025-03-21;2.10;2.15;2.02;2.04;2.04;19562;;16876774
FLO;531177;2025-03-21;18.06;18.34;18.02;18.16;18.16;16476618;;210844731
FLOC;18580658;2025-03-21;24.26;25.81;24.26;25.12;25.12;4887516;;
FLOW;918101;2025-03-21;30.52;30.64;30.52;30.64;30.64;1410;;41971004
FLR;378148;2025-03-21;36.99;37.87;36.90;37.66;37.66;4847600;;168786393
FLS;378147;2025-03-21;50.53;50.83;49.68;50.57;50.57;1899873;;131745177
FLT;740486;2024-03-22;306.40;306.52;303.20;303.26;303.26;334906;;71853599
FLUG;362943;2018-01-17;0.19;0.19;0.19;0.19;0.19;1000;;38387227
FLUT;15539321;2025-03-21;237.76;243.68;236.60;241.00;241.00;5441441;;178035332
FLUX;13730832;2025-03-21;1.63;2.19;1.53;1.95;1.95;248205;;16682465
FLWS;247341;2025-03-21;5.63;5.88;5.53;5.80;5.80;769954;;63601165
FLXN;9076343;2021-11-19;9.12;9.12;9.12;9.12;9.12;0;;50265000
FLXS;248318;2025-03-21;38.45;38.83;37.68;38.30;38.30;26424;;5269367
FLYW;1326823;2025-03-21;10.04;10.18;9.88;9.96;9.96;2690753;;121719438
FMAO;939566;2025-03-21;23.91;25.00;23.82;24.25;24.25;58186;;13700311
FMBH;743187;2025-03-21;35.65;35.77;34.79;35.02;35.02;177959;;22220438
FMBI;1143185;2022-03-11;21.51;21.51;21.51;21.51;21.51;1;;112898000
FMBM;15585616;2025-03-21;19.31;19.31;19.31;19.31;19.31;0;;3520434
FMC;378149;2025-03-21;41.42;42.25;40.86;41.51;41.51;36394732;;124840902
FMCB;11795230;2025-03-21;1001.60;1003.00;1001.60;1003.00;1003.00;17;;699798
FMCC;815910;2025-03-21;5.18;5.44;4.98;5.44;5.44;3300314;;650059553
FMFG;15071400;2025-03-21;18.00;18.00;18.00;18.00;18.00;0;;3175347
FMIV;12444271;2023-07-14;10.35;10.37;10.35;10.36;10.36;813;;8400377
FMNB;7962852;2025-03-21;13.13;13.20;12.82;12.95;12.95;396025;;37614636
FMSA;645665;2018-06-01;5.63;5.63;5.63;5.63;5.63;0;;45023461
FN;6767421;2025-03-21;216.16;222.79;215.24;220.70;220.70;650918;;35989630
FNA;10384233;2025-03-21;13.02;13.04;13.01;13.01;13.01;943269;;83894974
FNB;446814;2025-03-21;13.46;13.60;13.32;13.54;13.54;4610954;;359717581
FNCB;12444423;2024-07-01;6.75;6.75;6.75;6.75;6.75;0;;19795670
FNCH;15464867;2025-03-21;13.80;14.03;13.65;14.00;14.00;3374;;1605763
FND;693510;2025-03-21;82.67;84.37;80.82;84.18;84.18;2118360;;107395508
FNF;1249831;2025-03-21;63.86;64.55;63.34;63.53;63.53;5229211;;274989699
FNGR;13626513;2025-03-21;1.47;1.68;1.46;1.56;1.56;454756;;57141186
FNHC;1322470;2022-12-13;0.01;0.01;0.01;0.01;0.01;17312;;17462000
FNJN;679470;2020-07-24;1.54;1.54;1.54;1.54;1.54;0;;27703002
FNKO;694474;2025-03-21;7.11;7.34;6.92;7.30;7.30;1717013;;
FNLC;9075794;2025-03-21;24.62;25.13;24.62;25.08;25.08;53347;;11195768
FNMA;10656456;2025-03-21;6.26;6.54;6.16;6.39;6.39;8510618;;1158087567
FNRN;12444646;2025-03-21;9.95;10.19;9.95;10.19;10.19;200;;15184687
FNSR;198959;2019-09-24;23.77;23.77;23.77;23.77;23.77;0;;120108027
FNVT;13511396;2024-11-11;11.65;11.68;11.62;11.62;11.62;9879;;9085832
FNWB;9076010;2025-03-21;10.30;10.36;10.25;10.25;10.25;5350;;8821205
FNWD;12444381;2025-03-21;28.39;29.00;28.39;28.94;28.94;4006;;4313819
FOA;12444405;2025-03-21;21.82;21.99;21.16;21.19;21.19;102022;;10711688
FOCS;6767419;2023-08-31;52.99;52.99;52.99;52.99;52.99;0;;65883284
FOE;350054;2022-04-21;21.97;22.01;21.96;22.01;22.01;1249272;;82719000
FOLD;143587;2025-03-21;9.00;9.19;8.93;9.01;9.01;2904549;;300116081
FONR;512339;2025-03-21;13.93;13.93;13.71;13.84;13.84;4540;;6505283
FOR;627775;2025-03-21;22.19;22.19;21.70;21.73;21.73;204649;;50675397
FORA;18025575;2025-03-21;2.05;2.19;2.05;2.06;2.06;8903;;31016379
FORD;257294;2025-03-21;3.60;3.95;3.60;3.79;3.79;8832;;1101069
FORG;10384213;2023-08-24;23.21;23.21;23.21;23.21;23.21;0;;88757000
FORL;13511326;2025-03-21;11.34;11.34;11.34;11.34;11.34;15;;
FORM;931024;2025-03-21;31.90;32.00;30.75;31.11;31.11;1548151;;77565827
FORR;506742;2025-03-21;10.18;10.20;9.17;9.43;9.43;99409;;18981000
FOSL;419656;2025-03-21;1.28;1.35;1.24;1.27;1.27;466843;;53258663
FOUR;1248148;2025-03-21;87.17;89.34;87.05;88.56;88.56;1261306;;51502825
FOX;885908;2025-03-21;49.28;50.09;49.20;49.70;49.70;3099589;;453427858
FOXF;1057789;2025-03-21;24.59;25.32;24.33;25.02;25.02;965621;;41683905
FOXX;18126557;2025-03-21;5.05;5.05;4.57;4.77;4.77;16671;;7280597
FOX_old;242;2025-03-21;49.28;50.09;49.20;49.70;49.70;3099589;;1856929453
FPAC;11795240;2023-03-10;10.21;10.21;10.21;10.21;10.21;0;;69750000
FPAY;11035567;2025-03-21;1.59;1.59;1.33;1.33;1.33;156774;;21461489
FPH;882941;2025-03-21;5.55;5.56;5.40;5.40;5.40;96773;;148711886
FPI;1249733;2025-03-21;10.95;11.03;10.80;10.95;10.95;502244;;45894404
FPRX;378616;2021-04-16;38.00;38.00;38.00;38.00;38.00;0;;46572029
FR;949678;2025-03-21;54.65;54.97;53.34;53.51;53.51;1614828;;132393216
FRAF;12444429;2025-03-21;36.53;36.55;35.05;35.73;35.73;56323;;4408901
FRANQ;202677;2021-08-04;0.15;0.15;0.15;0.15;0.15;0;;3032839
FRBK;1169746;2024-08-28;0.00;0.01;0.00;0.01;0.01;57369;;58928000
FRD;543788;2025-03-21;17.05;17.20;16.63;17.20;17.20;17192;;6970536
FRED;51800;2020-06-19;0.01;0.01;0.01;0.01;0.01;307;;35239125
FREE;15091641;2024-08-05;4.87;4.87;4.87;4.87;4.87;0;;43444240
FREQ;1872881;2023-11-03;0.29;0.32;0.28;0.30;0.30;309159;;35800821
FREVS;17685540;2025-03-21;16.09;16.09;16.09;16.09;16.09;0;;7459193
FREY;17643984;2025-03-21;1.56;1.56;1.46;1.49;1.49;2317135;;139705234
FRG;10384279;2023-08-30;29.88;29.88;29.88;29.88;29.88;0;;37147507
FRGE;15539323;2025-03-21;0.61;0.65;0.58;0.62;0.62;735501;;188142822
FRGI;625539;2023-10-30;8.49;8.49;8.49;8.49;8.49;0;;25110630
FRHC;10383371;2025-03-21;135.47;135.47;131.27;134.05;134.05;42842;;60620217
FRLA;17162845;2025-01-27;11.20;11.20;11.20;11.20;11.20;0;;
FRME;6767583;2025-03-21;40.60;40.90;39.92;40.24;40.24;1578426;;58535244
FRO;6767425;2025-03-21;16.52;16.66;16.08;16.10;16.10;2600424;;222622889
FROG;1205634;2025-03-21;33.44;34.10;33.32;33.98;33.98;597763;;112878051
FRP;710987;2017-07-11;15.95;15.95;15.95;15.95;15.95;0;;27265406
FRPH;7962766;2025-03-21;28.21;28.70;27.84;28.24;28.24;87169;;19087334
FRPT;546551;2025-03-21;86.06;88.89;85.48;86.64;86.64;9168850;;48718620
FRSGU;11818834;2023-03-07;10.14;10.15;10.14;10.14;10.14;4533;;22243955
FRSH;881925;2025-03-21;15.06;15.59;15.02;15.54;15.54;2527711;;17029528
FRST;10656638;2025-03-21;10.02;10.40;9.90;9.93;9.93;386354;;24722734
FRT;378144;2025-03-21;96.88;96.93;94.70;95.10;95.10;1661413;;85680614
FRTA;9076209;2022-03-18;24.00;24.00;24.00;24.00;24.00;0;;67000000
FRX_delisted;564852;2014-07-01;99.00;99.00;99.00;99.00;99.00;0;;266669865
FRZA;15585620;2024-12-11;0.16;0.21;0.16;0.20;0.20;23472;;15754774
FSBC;10656502;2025-03-21;28.21;28.73;27.67;28.00;28.00;118389;;21329235
FSBW;9075842;2025-03-21;36.70;37.62;36.70;37.11;37.11;30303;;7762827
FSCT;897042;2020-08-17;28.99;28.99;28.99;28.99;28.99;0;;49712035
FSFG;9076038;2025-03-21;24.81;26.03;24.81;26.03;26.03;15919;;6914573
FSI;16682766;2025-03-21;5.18;5.65;5.12;5.21;5.21;29162;;12450532
FSII;1841923;2021-12-23;10.05;10.16;9.69;9.80;9.80;289188;;
FSK;10383338;2025-03-21;20.41;20.74;20.31;20.74;20.74;6616405;;
FSLR;260908;2025-03-21;128.80;131.65;127.80;131.32;131.32;4503135;;107062105
FSLY;996256;2025-03-21;6.85;7.20;6.80;7.11;7.11;7425556;;142300000
FSNB;12442282;2025-03-21;10.49;10.49;10.49;10.49;10.49;0;;62500000
FSP;949683;2025-03-21;1.82;1.88;1.78;1.88;1.88;886090;;103566715
FSR;3307749;2018-04-11;209.01;209.01;209.01;209.01;209.01;0;;
FSRX;12444351;2023-12-07;10.34;10.34;10.34;10.34;10.34;372;;27170668
FSS;968229;2025-03-21;74.90;75.99;74.23;75.36;75.36;2090182;;61097074
FSTR;9075984;2025-03-21;20.27;20.54;20.26;20.51;20.51;78387;;10752633
FSTX;10656668;2023-03-09;7.12;7.12;7.12;7.12;7.12;0;;21856193
FSUN;14864228;2025-03-21;37.43;39.23;37.09;38.08;38.08;76330;;27753918
FTAI;11794988;2025-03-21;105.54;107.97;102.54;107.23;107.23;1451571;;102550975
FTCH;1242699;2023-12-19;0.64;0.64;0.64;0.64;0.64;0;;390772558
FTCI;10656540;2025-03-21;2.66;2.84;2.61;2.81;2.81;31702;;12776718
FTCO;12444261;2025-03-21;4.91;5.25;4.85;5.15;5.15;148260;;24173209
FTDR;952705;2025-03-21;37.31;38.32;37.00;38.09;38.09;1298535;;74745629
FTEK;144208;2025-03-21;0.96;0.97;0.95;0.97;0.97;17380;;30708273
FTHM;15287368;2025-03-21;0.95;1.02;0.95;0.98;0.98;49990;;22620255
FTI;637893;2025-03-21;29.08;29.52;29.08;29.36;29.36;11409086;;420571563
FTII;12444301;2025-03-21;11.48;11.48;11.48;11.48;11.48;0;;14375000
FTI_old;378150;2025-03-21;29.08;29.52;29.08;29.36;29.36;11409086;;303343524
FTK;1145423;2025-03-21;9.00;9.00;8.54;8.68;8.68;253283;;29827989
FTLF;1340516;2025-03-21;13.64;13.64;13.23;13.48;13.48;17117;;9196482
FTNT;130256;2025-03-21;97.32;98.73;95.94;98.65;98.65;5726149;;768974062
FTPAU;11817896;2023-03-15;10.12;10.12;10.11;10.12;10.12;2007;;
FTRE;15112463;2025-03-21;8.68;8.94;8.65;8.77;8.77;8023596;;90200000
FTV;378151;2025-03-21;73.88;74.87;73.28;74.79;74.79;4733135;;340290131
FUBO;11819690;2025-03-21;3.01;3.18;3.00;3.18;3.18;11827156;;341476595
FUEL;63100;2017-09-11;2.60;2.60;2.60;2.60;2.60;0;;46993632
FUL;256748;2025-03-21;53.11;53.80;52.60;53.57;53.57;1026276;;54675121
FULC;12442272;2025-03-21;3.06;3.17;2.97;3.15;3.15;1228809;;53979306
FULT;1234770;2025-03-21;18.13;18.26;17.87;18.02;18.02;5356643;;182199510
FUN;11795018;2025-03-21;37.00;37.48;36.35;37.44;37.44;2018330;;51252360
FUNC;9076046;2025-03-21;31.27;31.50;30.74;30.88;30.88;21220;;6473375
FUSB;15141549;2025-03-21;13.49;13.50;13.43;13.50;13.50;5432;;5762262
FUSN;15296767;2024-06-04;21.55;21.55;21.55;21.55;21.55;0;;85059965
FUST;13511322;2025-03-21;0.50;0.50;0.50;0.50;0.50;0;;13297143
FUV;13774414;2024-04-30;0.40;0.43;0.38;0.38;0.38;116027;;9451015
FVAM;12444517;2022-10-17;10.13;10.13;10.00;10.00;10.00;519323;;10663352
FVCB;12444277;2025-03-21;10.29;10.29;10.07;10.18;10.18;46226;;18380848
FVE;10656750;2023-03-20;1.32;1.32;1.32;1.32;1.32;0;;31662000
FVRR;18290033;2025-03-21;25.36;26.10;25.26;25.69;25.69;507417;;35844114
FWAC;15394202;2025-03-21;3.97;4.12;3.88;4.10;4.10;31345;;42600000
FWAV;16532280;2025-03-21;0.00;0.00;0.00;0.00;0.00;650000;;390687459
FWRD;1801460;2025-03-21;20.74;21.40;20.23;21.25;21.25;757594;;28954411
FWRG;11795174;2025-03-21;16.58;16.72;16.32;16.34;16.34;1850940;;60700090
FXLV;11034159;2025-03-21;0.09;0.09;0.09;0.09;0.09;50;;97100453
FXNC;18081191;2025-03-21;22.30;22.49;22.05;22.27;22.27;44015;;
FYBR;388949;2025-03-21;35.93;35.99;35.60;35.79;35.79;8580074;;249701000
G;446906;2025-03-21;48.98;49.95;48.80;49.90;49.90;3071100;;175669364
GABC;7962624;2025-03-21;38.10;38.58;37.93;38.20;38.20;722226;;37419332
GAIA;1291281;2025-03-21;4.15;4.30;4.05;4.09;4.09;65518;;25072638
GAIN;10656466;2025-03-21;13.48;13.57;13.24;13.40;13.40;286994;;36837381
GALT;10656744;2025-03-21;1.53;1.59;1.46;1.59;1.59;1247949;;62761825
GAMB;17643986;2025-03-21;13.05;13.48;12.88;13.20;13.20;626611;;34762899
GAMCU;15204646;2024-08-13;11.61;15.69;8.78;8.78;8.78;17039;;9287981
GAME;16867991;2025-03-21;0.80;0.86;0.75;0.78;0.78;360256;;32635995
GAMZ;847387;2019-02-28;0.00;0.00;0.00;0.00;0.00;360;;58180130
GAN;15112465;2025-03-21;1.78;1.81;1.78;1.79;1.79;94434;;45796224
GANX;15539327;2025-03-21;2.30;2.43;2.30;2.34;2.34;126185;;26525068
GATEU;12444387;2025-03-21;9.96;13.99;9.96;12.01;12.01;11941;;1010391
GATO;11817105;2025-01-16;14.40;14.40;14.40;14.40;14.40;0;;69376647
GATX;1234771;2025-03-21;154.67;155.45;152.66;154.91;154.91;304699;;35600000
GAU;18557143;2025-03-21;1.30;1.30;1.25;1.25;1.25;689958;;
GBCI;1059909;2025-03-21;44.25;44.61;43.62;44.30;44.30;1829461;;113403941
GBDC;10383985;2025-03-21;15.00;15.17;14.99;15.12;15.12;1644152;;265498597
GBIO;11818654;2025-03-21;0.50;0.51;0.47;0.50;0.50;861472;;67007864
GBLI;7962894;2025-03-21;36.00;36.00;35.50;36.00;36.00;3583;0.35;13687842
GBNY;16532282;2025-03-21;15.48;15.50;15.45;15.50;15.50;3239;;2241801
GBT;687412;2022-11-02;68.49;68.49;68.49;68.49;68.49;74;;65594792
GBTG;15112467;2025-03-21;7.64;7.64;7.50;7.61;7.61;1319350;;478412635
GBX;87143;2025-03-21;54.30;54.87;53.50;53.84;53.84;647486;;31359165
GCBC;7962976;2025-03-21;23.40;24.00;22.35;22.50;22.50;96613;;17026828
GCI;651516;2025-03-21;3.08;3.11;3.04;3.06;3.06;2048615;;147369070
GCMG;11795088;2025-03-21;13.31;13.38;13.17;13.33;13.33;859197;;189146980
GCO;51883;2025-03-21;22.63;22.72;21.68;22.09;22.09;681637;;11212311
GCP;9076351;2022-10-06;32.01;32.01;32.01;32.01;32.01;0;;74000000
GCT;15585626;2025-03-21;14.51;15.22;14.51;15.06;15.06;1420980;;40684546
GD;234391;2025-03-21;264.53;265.29;260.19;263.41;263.41;3226752;;270350795
GDDY;647209;2025-03-21;178.83;181.41;177.03;180.33;180.33;3085018;;141355906
GDEN;6767711;2025-03-21;27.44;27.55;26.74;27.32;27.32;619001;0.25;26511007
GDHG;18202176;2025-03-21;1.25;1.72;1.25;1.41;1.41;2986921;;4323604
GDI;668481;2021-10-04;50.97;51.36;50.54;50.74;50.74;1620574;;49207850
GDNSF;2265771;2025-03-21;0.44;0.44;0.43;0.44;0.44;4751;;339336633
GDOT;786096;2025-03-21;7.55;7.87;7.53;7.83;7.83;10891776;;54229674
GDP;9076277;2021-12-31;23.02;23.02;23.02;23.02;23.02;0;;13641000
GDRX;1243191;2025-03-21;4.71;4.89;4.60;4.64;4.64;3709352;;383609648
GDS;1333028;2025-03-21;28.65;28.73;27.27;27.67;27.67;3741147;;1524432991
GDYN;11795206;2025-03-21;16.24;16.28;15.64;16.26;16.26;2415198;;83838356
GE;244314;2025-03-21;202.60;204.31;200.82;204.13;204.13;7856532;;1082294004
GECC;14159413;2025-03-21;10.03;10.20;10.01;10.14;10.14;10887;;11544415
GEF;998535;2025-03-21;55.55;55.88;54.20;55.03;55.03;324209;;47437086
GEG;11034375;2025-03-21;1.99;2.00;1.94;2.00;2.00;17587;;28341552
GEHC;6475602;2025-03-21;81.15;81.83;80.15;81.49;81.49;4304576;;457298310
GEL;767446;2025-03-21;14.89;15.48;14.89;15.46;15.46;3398451;;122464318
GEN;427444;2025-03-21;27.41;27.46;26.78;27.18;27.18;19939331;;616301369
GENC;543904;2025-03-21;13.36;13.67;12.87;12.87;12.87;52378;;14657702
GENI;18544068;2025-03-21;9.82;10.44;9.79;10.41;10.41;6292600;;18500000
GENK;14864202;2025-03-21;6.01;6.19;5.89;6.19;6.19;27329;;5375058
GEO;365061;2025-03-21;28.78;29.03;28.00;28.23;28.23;4267279;;140379419
GEOS;357500;2025-03-21;7.41;7.58;7.38;7.42;7.42;67592;;12776752
GEPC;665991;2022-12-22;0.00;0.00;0.00;0.00;0.00;3000;;156109790
GERN;793173;2025-03-21;1.72;1.89;1.71;1.82;1.82;26062785;;636904470
GES;181484;2025-03-21;11.90;12.27;11.67;11.97;11.97;6524747;;51456841
GETR;13511376;2025-03-21;0.01;0.02;0.01;0.02;0.02;19523;;97197681
GETY;1801463;2025-03-21;2.18;2.25;2.18;2.19;2.19;1439072;;412567845
GEVI;16239117;2025-03-21;1.20;1.35;1.11;1.35;1.35;80199;;36302150
GEVO;1059126;2025-03-21;1.31;1.32;1.25;1.31;1.31;3892830;;239407448
GFF;358146;2025-03-21;70.64;71.23;69.79;70.80;70.80;1203490;;47530099
GFGY;12444465;2025-03-21;3000.00;3000.00;3000.00;3000.00;3000.00;0;;30606
GFL;18382374;2025-03-21;47.44;48.01;47.36;47.82;47.82;715455;;381570455
GFOR;11820195;2025-03-21;0.17;0.19;0.15;0.16;0.16;279010;;44947588
GFS;18580660;2025-03-21;37.28;38.90;37.01;38.63;38.63;8360937;;552912823
GFX;12444367;2023-08-24;10.23;10.23;10.23;10.23;10.23;5411;;12833579
GGB;18544064;2025-03-21;2.98;3.00;2.96;2.96;2.96;6850421;;719956830
GGG;103052;2025-03-21;82.66;82.66;81.16;82.17;82.17;2274529;;169493970
GGP;442374;2018-08-28;22.06;22.06;22.06;22.06;22.06;0;;162323967
GGP_old;378155;2018-08-28;22.06;22.06;22.06;22.06;22.06;0;;317392132
GGROU;15204648;2025-03-21;4.35;4.35;4.35;4.35;4.35;0;;15490480
GH;882847;2025-03-21;43.93;46.38;43.50;46.10;46.10;2055877;;123421441
GHC;716648;2025-03-21;947.66;947.75;935.42;939.81;939.81;87144;;4339983
GHDX;776327;2019-11-08;63.44;63.44;63.44;63.44;63.44;0;;37587598
GHIX;15296771;2024-12-05;10.18;10.18;10.18;10.18;10.18;0;;19154977
GHL;9075994;2023-11-30;15.00;15.00;14.99;14.99;14.99;865883;;18802352
GHLD;11795282;2025-03-21;13.76;14.63;13.20;14.43;14.43;19730;;61903846
GHM;9075968;2025-03-21;30.79;31.05;30.43;30.87;30.87;110020;;10902937
GHML;445621;2017-06-12;0.45;0.45;0.45;0.45;0.45;0;;34206313
GHRS;18382376;2025-03-21;11.79;12.62;11.79;12.50;12.50;166136;;52028145
GIA;10656740;2025-03-21;0.58;0.63;0.55;0.55;0.55;5051;;21825475
GIC;17643988;2025-03-21;22.43;22.62;22.17;22.37;22.37;161701;;
GIDYL;146177;2020-10-07;0.00;0.00;0.00;0.00;0.00;0;;88093659
GIFI;15042559;2025-03-21;6.56;6.80;6.56;6.65;6.65;27979;;16346253
GIG;12444365;2025-03-21;10.13;10.13;10.13;10.13;10.13;21;;250073489
GIII;183672;2025-03-21;26.11;26.86;25.58;26.20;26.20;2797359;;43886707
GILD;239284;2025-03-21;105.16;107.42;104.92;107.08;107.08;26392838;;1245346062
GIMO;252563;2017-12-27;38.50;38.50;38.50;38.50;38.50;0;;37328845
GIS;78526;2025-03-21;58.40;59.26;58.10;58.64;58.64;48516485;;547600534
GKIN;13643368;2025-03-21;0.00;0.00;0.00;0.00;0.00;0;;47994825
GKOS;6767497;2025-03-21;98.24;102.38;98.03;102.26;102.26;1041067;;56567386
GL;378226;2025-03-21;127.63;128.84;126.04;126.83;126.83;1697265;;83848424
GLAD;10656504;2025-03-21;27.45;27.54;27.23;27.33;27.33;88171;;22329852
GLBZ;15394192;2025-03-21;5.02;5.23;5.02;5.23;5.23;4711;;2900681
GLDD;7962880;2025-03-21;9.14;9.31;8.78;9.11;9.11;1312070;;67282528
GLG;12444455;2023-10-27;0.07;0.07;0.06;0.06;0.06;9472583;;28009026
GLGI;178127;2025-03-21;1.04;1.05;1.04;1.04;1.04;12156;;28279701
GLNG;1333934;2025-03-21;37.73;38.27;37.43;37.76;37.76;2148148;;104578080
GLOB;18418654;2025-03-21;127.93;132.17;127.14;130.68;130.68;1121132;;44029319
GLOP;18544066;2023-07-12;8.64;8.64;8.63;8.63;8.63;1006421;;51687865
GLP;861498;2025-03-21;55.06;55.06;52.94;53.11;53.11;295654;;33995563
GLPI;447206;2025-03-21;50.66;50.83;50.06;50.20;50.20;1893362;;274832506
GLRE;7962916;2025-03-21;13.29;13.44;13.15;13.22;13.22;202745;;34564176
GLRP;998463;2023-02-09;0.00;0.00;0.00;0.00;0.00;0;;32385089
GLSI;12444317;2025-03-21;11.16;11.29;11.00;11.11;11.11;45843;;13144653
GLST;15204644;2025-03-21;3.51;6.00;3.51;4.01;4.01;1021;;
GLT;10656628;2024-11-04;21.03;22.80;20.07;21.05;21.05;338806;;3498825
GLTO;15042561;2025-03-21;4.14;7.30;4.14;6.10;6.10;10710860;;1322359
GLUE;11819716;2025-03-21;7.05;7.14;5.60;5.80;5.80;2129578;;61509821
GLUU;85988;2021-04-29;12.50;12.50;12.50;12.50;12.50;0;;174821822
GLW;261761;2025-03-21;48.26;48.63;47.55;48.53;48.53;10709957;;856564001
GLXZ;15464869;2025-03-21;2.80;2.87;2.80;2.85;2.85;16102;;24999503
GLYC;790345;2025-03-21;0.28;0.28;0.26;0.27;0.27;599561;;64513862
GM;125620;2025-03-21;48.98;50.04;48.73;49.80;49.80;37572278;;995001891
GMAB;18245365;2025-03-21;19.77;19.94;19.63;19.76;19.76;1122333;;66187186
GMAN;198131;2020-11-06;77.12;77.95;77.12;77.92;77.92;1663;;19722993
GMDA;15585624;2024-05-03;0.01;0.02;0.01;0.01;0.01;858203;;154050953
GME;44534;2025-03-21;23.75;24.81;23.65;24.75;24.75;6475976;;446800365
GMED;617302;2025-03-21;73.07;73.78;72.00;73.59;73.59;2657225;;137541648
GMFI;12444383;2024-07-01;11.04;11.04;11.04;11.04;11.04;0;;4577285
GMGI;13643364;2025-03-21;2.05;2.08;1.86;1.98;1.98;507935;;
GMHI;2016708;2025-03-21;7.00;8.50;6.80;8.35;8.35;11727927;;33312760
GMII;11795036;2025-03-21;2.23;2.45;2.12;2.24;2.24;23673;;11585625
GMRE;998353;2025-03-21;8.52;8.56;8.33;8.37;8.37;1034656;0.21;66871228
GMS;6767481;2025-03-21;71.89;72.54;71.51;72.54;72.54;1730263;;38389078
GMTX;15337159;2025-03-21;52.87;54.01;52.06;52.24;52.24;1082708;;34569042
GNE;10656476;2025-03-21;14.65;14.93;14.60;14.81;14.81;123139;;27009744
GNK;2416221;2025-03-21;13.80;13.82;13.53;13.64;13.64;1173630;;42757895
GNL;949685;2025-03-21;7.93;7.96;7.79;7.83;7.83;3147734;;230783453
GNLX;18081193;2025-03-21;3.91;4.02;3.76;3.93;3.93;93061;;34538185
GNPX;11034792;2025-03-21;0.36;0.37;0.35;0.36;0.36;1360534;;8508068
GNRC;1048511;2025-03-21;131.41;132.22;130.07;131.52;131.52;1064152;;59614025
GNSS;10656720;2025-03-21;2.45;2.47;2.39;2.45;2.45;93602;;44932968
GNTX;327200;2025-03-21;24.02;24.12;23.67;23.91;23.91;5095599;;227195734
GNTY;9075772;2025-03-21;39.77;40.55;39.23;39.45;39.45;77141;;11398174
GNW;527413;2025-03-21;6.98;7.05;6.91;6.93;6.93;10369446;;418850350
GO;998534;2025-03-21;12.40;12.82;12.22;12.68;12.68;3208577;;97357942
GOCO;1340517;2025-03-21;13.66;13.69;12.85;13.00;13.00;99149;;23009065
GOED;10656698;2025-03-21;0.00;0.00;0.00;0.00;0.00;0;;2127747
GOEV;1104613;2025-01-28;0.38;0.39;0.35;0.37;0.37;6139899;;4839062
GOGL;17643990;2025-03-21;7.86;7.91;7.64;7.68;7.68;4678042;;199403293
GOGO;6767581;2025-03-21;7.60;7.64;7.14;7.42;7.42;2390566;;131350127
GOL;1245424;2024-01-26;2.72;2.72;2.72;2.72;2.72;0;;2863682500
GOLF;370220;2025-03-21;65.64;66.14;64.97;65.62;65.62;602699;;59928969
GOOD;106972;2025-03-21;14.78;14.83;14.54;14.73;14.73;745349;;44192741
GOOG;18;2025-03-21;163.38;166.47;163.03;166.25;166.25;29423501;;12581000000
GORO;9076056;2025-03-21;0.52;0.60;0.50;0.54;0.54;3622077;;95324949
GOSS;10656692;2025-03-21;1.34;1.41;1.30;1.39;1.39;1070481;;227221261
GOVX;11035577;2025-03-21;1.35;1.36;1.25;1.31;1.31;492612;;9436069
GPAC;15287370;2024-07-08;11.00;12.30;8.91;9.74;9.74;13157;;9294585
GPC;115285;2025-03-21;119.69;120.54;117.70;118.78;118.78;3063524;;138782030
GPCR;15042577;2025-03-21;21.66;21.90;20.87;20.97;20.97;413328;;172028543
GPI;6767431;2025-03-21;391.90;402.46;389.14;400.34;400.34;289318;;13244315
GPJA;11819942;2025-03-21;22.96;23.02;22.95;22.98;22.98;3991;;1096802197
GPK;6480946;2025-03-21;25.77;25.83;25.20;25.29;25.29;3959055;;300214465
GPN;182201;2025-03-21;96.70;97.80;96.09;97.05;97.05;4603456;;247616186
GPOR;785453;2025-03-21;182.70;186.02;182.70;183.59;183.59;345723;;17727799
GPP;11818561;2024-01-09;12.31;12.31;12.31;12.31;12.31;0;;23227000
GPRE;627777;2025-03-21;5.21;5.36;5.09;5.33;5.33;13628471;;64729446
GPRO;114240;2025-03-21;0.79;0.85;0.75;0.84;0.84;16182803;;157427727
GPS;250974;2024-08-21;24.50;24.65;23.77;24.55;24.55;7167556;;375066614
GPT;630304;2018-10-15;27.48;27.48;27.48;27.48;27.48;0;;160795797
GPX;9076229;2021-10-14;20.86;20.86;20.84;20.85;20.85;396192;;17453000
GRA;127797;2021-09-22;69.99;69.99;69.99;69.99;69.99;0;;66251602
GRAB;18556738;2025-03-21;4.51;4.65;4.44;4.64;4.64;23250332;;3950498976
GRAY;12444401;2025-03-21;2.04;2.12;2.00;2.01;2.01;20492;;13481917
GRBK;6767567;2025-03-21;57.06;58.02;56.39;57.49;57.49;848863;;44498190
GRC;122864;2025-03-21;36.52;36.52;35.00;35.19;35.19;375494;;26227540
GRIL;11034881;2025-03-21;2.99;3.00;2.87;2.89;2.89;14941;;5865476
GRMM;647541;2024-10-24;0.00;0.00;0.00;0.00;0.00;2752;;9021617
GRMN;388839;2025-03-21;206.87;210.34;204.64;210.19;210.19;4655656;;192403775
GRND;15071402;2025-03-21;17.01;17.61;16.97;17.34;17.34;2198944;;208246400
GRNQ;16682770;2025-03-21;0.94;0.94;0.90;0.93;0.93;843;;7575813
GRNT;15042563;2025-03-21;6.04;6.05;5.95;5.98;5.98;631875;;130812702
GROV;15296773;2025-03-21;1.59;1.59;1.46;1.55;1.55;162454;;40152722
GROW;11034665;2025-03-21;2.30;2.32;2.29;2.32;2.32;28052;;13866999
GROY;18589400;2025-03-21;1.35;1.40;1.32;1.37;1.37;1490374;;170205124
GRPH;1253293;2019-03-07;0.00;0.00;0.00;0.00;0.00;435164;;
GRPN;639037;2025-03-21;16.35;17.33;16.22;17.09;17.09;1821809;;39810936
GRSVU;11794938;2021-08-04;11.39;11.39;11.39;11.39;11.39;100;;
GRTS;10656608;2024-10-21;0.04;0.04;0.03;0.03;0.03;61017982;;118109074
GRTX;12444349;2025-03-21;0.03;0.04;0.03;0.03;0.03;336769;;54392170
GRUB;433759;2021-06-11;60.83;61.53;60.10;61.05;61.05;9872872;;93347973
GRVI;11033890;2025-03-21;2.50;2.53;2.26;2.33;2.33;24642;;1320924
GRVY;18073604;2025-03-21;58.55;58.55;57.90;58.40;58.40;15581;;6948900
GRWG;1039023;2025-03-21;1.20;1.30;1.19;1.27;1.27;905628;;59458017
GS;60439;2025-03-21;555.33;567.00;551.21;565.14;565.14;3551725;;312039033
GSAT;1242004;2025-03-21;21.28;22.59;21.06;21.97;21.97;1219247;;126442716
GSBC;7962736;2025-03-21;56.76;57.44;56.23;56.53;56.53;102831;;11597951
GSBD;10384241;2025-03-21;12.26;12.30;12.21;12.26;12.26;774388;;117297222
GSD;12444337;2024-01-26;11.11;11.11;11.11;11.11;11.11;2;;919524
GSEG;654541;2018-07-10;1.01;1.01;1.01;1.01;1.01;100;;63503346
GSHD;986860;2025-03-21;115.01;117.68;112.63;116.54;116.54;357606;;37303246
GSHN;11794924;2023-05-12;22.70;22.70;22.70;22.70;22.70;0;;410618750
GSIT;48159;2025-03-21;2.47;2.53;2.44;2.47;2.47;74972;;25601773
GSK;18452182;2025-03-21;39.29;39.50;39.14;39.24;39.24;4021638;;4314303734
GSKY;11795034;2022-03-29;10.23;10.30;10.09;10.20;10.20;5321465;;75670931
GSL;18567606;2025-03-21;23.61;23.77;23.29;23.32;23.32;490214;;35447370
GSMG;15141543;2024-09-09;2.38;2.38;2.29;2.32;2.32;2139;;10070012
GSRMU;11817409;2023-06-30;4.53;4.85;3.88;3.88;3.88;2326;;31625000
GT;378156;2025-03-21;9.17;9.22;9.01;9.14;9.14;7081226;;284974263
GTBIF;2265761;2025-03-21;6.25;6.25;5.93;5.94;5.94;276727;;237208543
GTBP;15539325;2025-03-21;2.34;2.50;2.25;2.50;2.50;50023;;2234328
GTE;10656596;2025-03-21;5.09;5.12;4.94;4.98;4.98;300919;;35888773
GTES;6481037;2025-03-21;19.41;19.75;19.25;19.36;19.36;4046293;;255413513
GTHX;820499;2024-09-18;7.15;7.15;7.15;7.15;7.15;0;;52758191
GTII;11817221;2025-03-21;0.09;0.15;0.09;0.14;0.14;17961;;369900857
GTIM;13511398;2025-03-21;2.43;2.49;2.37;2.41;2.41;11464;;10640569
GTLB;11794958;2025-03-21;50.12;51.36;49.55;50.95;50.95;2473178;;162300000
GTLS;6480985;2025-03-21;152.58;156.64;151.40;155.18;155.18;1060407;;45688580
GTMAY;16281424;2025-03-21;1.15;1.15;1.15;1.15;1.15;0;;174553127
GTN;641163;2025-03-21;5.14;5.18;4.96;4.97;4.97;5304976;;101543010
GTS;9076307;2022-01-31;35.75;36.00;35.55;35.99;35.99;631745;;23494415
GTT;100512;2021-07-02;2.36;2.36;2.36;2.36;2.36;16942;;58819538
GTVI;13511346;2023-08-16;0.07;0.07;0.07;0.07;0.07;0;;209337451
GTX;7962780;2025-03-21;8.94;9.07;8.84;8.94;8.94;2929870;;213562312
GTY;949684;2025-03-21;30.44;30.64;30.09;30.53;30.53;735329;;55027697
GUER;16682772;2025-03-21;1.51;1.51;1.51;1.51;1.51;0;;10123045
GUID;132676;2017-09-14;7.07;7.07;7.07;7.07;7.07;0;;33431000
GURE;11035191;2025-03-21;0.65;0.75;0.65;0.68;0.68;36967;;10726924
GVA;6767593;2025-03-21;75.31;76.21;74.35;76.20;76.20;1500520;;43434583
GWB;9076226;2022-02-02;30.88;30.88;30.88;30.88;30.88;0;;55116503
GWGH;734810;2022-04-28;3.00;3.34;2.73;2.89;2.89;125398;;30584719
GWH;12442284;2025-03-21;3.25;3.47;3.18;3.40;3.40;36325;;11882871
GWPH;953793;2021-05-05;218.96;218.96;218.96;218.96;218.96;0;;378535952
GWR;447280;2020-01-02;111.88;111.88;111.88;111.88;111.88;0;;57039750
GWRE;37120;2025-03-21;191.71;193.00;189.99;191.54;191.54;1439658;;83025888
GWRS;761716;2024-03-07;13.05;13.29;12.25;12.35;12.35;24060;;24175241
GWSO;13511328;2025-03-21;0.67;0.87;0.67;0.67;0.67;35015;;16258336
GWW;504823;2025-03-21;966.84;973.89;962.00;973.09;973.09;383103;;48216708
GXII;11818907;2023-03-20;6.69;6.69;6.69;6.69;6.69;0;;37500000
GXO;1307827;2025-03-21;39.74;40.68;39.33;40.37;40.37;1922778;;119518035
GXP;447283;2018-06-05;31.99;31.99;31.99;31.99;31.99;0;;215795884
GYRO;16532284;2025-03-21;8.37;8.45;8.35;8.45;8.45;2080;;2199308
H;133448;2025-03-21;121.29;122.35;116.12;121.59;121.59;1511885;;96157651
HA;7962866;2024-09-18;18.00;18.00;18.00;18.00;18.00;0;;52009785
HABT;639722;2020-04-02;13.98;13.98;13.98;13.98;13.98;71500;;26127636
HAE;1057790;2025-03-21;63.53;64.47;63.20;64.00;64.00;881990;;50237466
HAFC;7962842;2025-03-21;21.60;22.50;21.58;22.46;22.46;594695;;30196234
HAIAU;16875843;2024-12-16;11.50;11.50;11.50;11.50;11.50;0;;5789786
HAIN;1234772;2025-03-21;3.73;3.96;3.68;3.91;3.91;18682934;;90246859
HAL;378158;2025-03-21;24.82;25.00;24.52;24.74;24.74;56933527;;885301252
HALL;9076155;2025-03-21;0.05;0.05;0.05;0.05;0.05;0;;1818000
HALO;365463;2025-03-21;64.31;65.21;63.50;65.16;65.16;3992962;;123153000
HAPP;16281426;2025-03-21;1.38;1.38;1.35;1.35;1.35;645;;612255
HAR;378160;2017-03-10;111.50;111.62;111.43;111.50;111.50;1077509;;69893450
HARP;1333937;2024-03-11;23.01;23.01;23.01;23.01;23.01;0;;3696821
HAS;249756;2025-03-21;60.04;60.99;58.82;60.57;60.57;5496354;;139531311
HASI;6767479;2025-03-21;29.40;29.62;29.18;29.30;29.30;2272659;;119278694
HAWEL;14159415;2025-03-21;15.00;15.00;15.00;15.00;15.00;0;;172465608
HAYN;358061;2024-11-21;60.99;60.99;60.99;60.99;60.99;0;;12785021
HAYW;11794992;2025-03-21;14.11;14.17;13.89;13.99;13.99;1816659;;215906251
HBAN;378164;2025-03-21;14.80;15.07;14.74;15.02;15.02;99554665;;1453758267
HBB;9075962;2025-03-21;19.46;19.99;19.30;19.69;19.69;58449;;13515108
HBCP;9075828;2025-03-21;45.26;46.35;44.03;44.41;44.41;86183;;8097592
HBI;331419;2025-03-21;5.90;6.15;5.90;6.04;6.04;37955266;;353108892
HBIA;11795250;2025-03-21;73.77;73.77;73.77;73.77;73.77;0;;8957661
HBIO;9075798;2025-03-21;0.65;0.65;0.61;0.64;0.64;401814;;44074475
HBMD;9076232;2022-02-24;23.30;23.30;23.30;23.30;23.30;2;;18807000
HBNC;7962870;2025-03-21;15.54;15.62;15.24;15.28;15.28;401147;;44014506
HBT;10656432;2025-03-21;22.98;23.03;22.61;22.74;22.74;100209;;31559366
HCA;378161;2025-03-21;331.96;332.13;325.36;328.79;328.79;3384100;;248341900
HCAT;10384315;2025-03-21;4.26;4.46;4.20;4.41;4.41;737278;;70210651
HCC;1253797;2025-03-21;46.28;47.18;46.01;46.65;46.65;3085838;;52540246
HCCI;861202;2023-10-17;45.51;45.51;45.51;45.51;45.51;0;;23454000
HCDI;11036157;2024-02-23;0.09;0.09;0.06;0.06;0.06;11949;;1657709
HCI;7962862;2025-03-21;136.39;138.33;136.13;136.57;136.57;176503;;10766734
HCKT;7962792;2025-03-21;28.45;28.68;28.23;28.53;28.53;214361;0.12;27791221
HCM;18572447;2025-03-21;15.68;15.71;14.79;14.99;14.99;166904;;871601095
HCMC;15585628;2025-03-21;0.00;0.00;0.00;0.00;0.00;23988031;;481266632384
HCNE;11817473;2023-06-16;10.24;10.24;10.24;10.24;10.24;2;;39531250
HCOM;692076;2025-03-21;15.60;15.60;15.60;15.60;15.60;68;;11667205
HCP;10383336;2025-02-27;34.78;34.78;34.78;34.78;34.78;0;;204447369
HCSG;923327;2025-03-21;10.43;10.43;10.17;10.42;10.42;885821;;73487743
HCTI;11035922;2025-03-21;0.37;0.39;0.34;0.37;0.37;254699;;5666781
HCVI;11816965;2025-03-21;10.80;10.80;10.80;10.80;10.80;5006;;14640771
HD;261673;2025-03-21;352.09;353.39;346.27;351.15;351.15;8161465;;993362612
HDB;1253408;2025-03-21;63.87;64.56;63.73;64.52;64.52;3563935;;5125091434
HDP;670518;2019-01-03;14.68;14.68;14.68;14.68;14.68;0;;83585542
HDS;218138;2020-12-24;55.99;55.99;55.99;55.99;55.99;0;;155600000
HDSN;346795;2025-03-21;5.99;6.21;5.99;6.15;6.15;705836;;44025108
HE;1067472;2025-03-21;10.94;11.18;10.88;10.95;10.95;3591799;;172465608
HEAR;817639;2025-01-06;17.64;17.94;17.37;17.47;17.47;156613;;20079323
HEES;6767693;2025-03-21;94.07;95.17;94.07;95.03;95.03;696418;;36613180
HEI;250786;2025-03-21;262.06;262.35;259.40;261.50;261.50;497908;;138947246
HELE;91621;2025-03-21;51.51;53.35;51.20;52.85;52.85;1376095;;22851622
HEMA;708324;2020-01-03;25.31;25.31;25.31;25.31;25.31;5500;;10331519
HEOL;13643370;2025-03-21;15750.00;15750.00;15750.00;15750.00;15750.00;0;;4752
HEP;967503;2023-12-01;20.45;20.45;20.45;20.45;20.45;0;;126440000
HEPA;11034599;2025-03-21;0.78;0.83;0.72;0.80;0.80;2888682;;139167
HES;378163;2025-03-21;156.53;157.00;155.40;156.58;156.58;2680604;;308291660
HESM;11794942;2025-03-21;43.25;43.40;42.37;42.75;42.75;6389916;;116736900
HFBL;13774422;2025-03-21;12.88;13.21;12.80;13.21;13.21;20340;;3132764
HFC;684316;2022-03-14;35.23;37.26;35.05;36.39;36.39;4747991;;162551000
HFFG;10656618;2025-03-21;3.53;3.95;3.25;3.51;3.51;672799;;52737650
HFUS;13511422;2025-03-21;2.00;2.06;2.00;2.00;2.00;1000;;100108000
HFWA;7962738;2025-03-21;23.54;23.82;23.40;23.78;23.78;2465470;;33990827
HG;14864232;2025-03-21;20.91;21.18;20.60;20.74;20.74;895368;;64620239
HGBL;12444662;2025-03-21;2.31;2.31;2.15;2.16;2.16;85725;;35495057
HGEN;263238;2024-07-12;0.00;0.00;0.00;0.00;0.00;1215;;70670971
HGTY;11794944;2025-03-21;9.20;9.24;9.07;9.11;9.11;108722;;341074569
HGV;6480998;2025-03-21;37.04;37.72;36.47;37.63;37.63;1277444;;95280832
HHC;2077095;2025-03-21;75.65;75.65;74.01;74.99;74.99;362980;;10
HHS;11034610;2025-03-21;4.53;4.90;4.44;4.78;4.78;30219;;7357450
HI;361523;2025-03-21;25.78;25.96;24.95;25.77;25.77;1173655;;70420357
HIBB;515787;2024-07-25;87.49;87.49;87.49;87.49;87.49;0;;11948003
HIG;387752;2025-03-21;119.56;120.42;118.58;119.25;119.25;3776161;;285386985
HII;903401;2025-03-21;201.52;203.52;199.01;201.47;201.47;1385038;;39130163
HIL;420734;2023-01-17;3.40;3.40;3.40;3.40;3.40;0;;58073000
HIMS;1297254;2025-03-21;32.60;35.20;31.88;34.75;34.75;45441204;;222165572
HIMX;3307752;2025-03-21;8.55;8.61;8.37;8.46;8.46;3405879;;349448102
HIPO;11817142;2025-03-21;25.58;26.46;25.58;26.45;26.45;247925;;25081711
HIW;949691;2025-03-21;28.74;29.08;28.27;28.79;28.79;1761419;;107623777
HKD;18281884;2025-03-21;2.24;2.47;2.24;2.35;2.35;179893;;98535267
HL;896570;2025-03-21;5.70;5.78;5.61;5.76;5.76;22024694;;631831137
HLBZ;11035029;2024-02-23;0.01;0.01;0.01;0.01;0.01;1543723;;176
HLF;335043;2025-03-21;8.22;8.87;8.10;8.43;8.43;3714003;;101197037
HLGN;15539331;2025-03-21;0.94;0.94;0.83;0.88;0.88;10124;;6049012
HLI;65213;2025-03-21;161.15;163.72;160.34;162.64;162.64;701236;;70144835
HLIO;126033;2025-03-21;33.91;34.15;33.41;33.64;33.64;352100;;33296057
HLIT;6767601;2025-03-21;10.20;10.32;10.16;10.19;10.19;1554178;;117052884
HLLY;11819412;2025-03-21;2.46;2.54;2.42;2.53;2.53;632233;;119958936
HLMN;11795060;2025-03-21;8.88;9.01;8.83;8.98;8.98;1669521;;197328512
HLN;18589402;2025-03-21;10.29;10.36;10.26;10.28;10.28;9109232;;9083725919
HLNE;6481050;2025-03-21;148.74;151.37;145.34;150.64;150.64;1209451;;55439586
HLT;740329;2025-03-21;227.26;229.43;219.51;229.33;229.33;4365909;;240596519
HLTH;12444622;2019-09-10;0.12;0.12;0.12;0.12;0.12;0;;
HLVX;11795300;2025-03-21;1.70;1.75;1.68;1.68;1.68;280835;;49806070
HLX;6767771;2025-03-21;8.53;8.74;8.48;8.61;8.61;11256492;;150936476
HMC;1239537;2025-03-21;30.00;30.14;29.90;30.03;30.03;1088797;;4828907376
HMHC;651625;2022-09-08;21.03;21.03;21.03;21.03;21.03;8052;;127674513
HMLP;1249669;2023-01-30;9.24;9.24;9.24;9.24;9.24;0;;33197297
HMMR;13934888;2025-03-21;0.04;0.04;0.04;0.04;0.04;0;;61402612
HMN;6767655;2025-03-21;41.21;41.49;40.66;41.23;41.23;586717;;40871981
HMNF;15204650;2024-10-09;28.60;29.40;27.86;27.99;27.99;156666;;4464952
HMNY;698616;2025-03-21;0.00;0.00;0.00;0.00;0.00;30247;;2001541260
HMPT;10656558;2023-08-01;2.32;2.32;2.32;2.32;2.32;0;;138422000
HMST;9076000;2025-03-21;8.89;9.30;8.89;9.24;9.24;327125;;18857566
HMTV;652016;2022-09-13;7.15;7.15;7.15;7.15;7.15;90;;39713000
HMY;17797925;2025-03-21;12.77;12.80;12.53;12.73;12.73;12644824;;632634413
HNGR;626019;2022-10-03;18.72;18.72;18.72;18.72;18.72;0;;39089865
HNI;123823;2025-03-21;43.22;43.66;42.67;43.36;43.36;2389235;;47015287
HNNA;366890;2025-03-21;10.36;10.42;10.35;10.40;10.40;15423;;7783737
HNRA;17163207;2025-03-21;0.59;0.68;0.59;0.62;0.62;1117360;;9794972
HNRG;684673;2025-03-21;12.39;13.05;12.12;12.78;12.78;1025349;;37027196
HNST;12444331;2025-03-21;4.92;5.04;4.86;5.02;5.02;2041677;;108910399
HNVR;13511340;2025-03-21;22.41;22.60;22.20;22.60;22.60;17036;;7200883
HOFT;985052;2025-03-21;11.37;11.89;11.21;11.61;11.61;288100;;10710432
HOFV;15464871;2025-03-21;0.86;0.88;0.84;0.88;0.88;16643;;6556835
HOG;378159;2025-03-21;24.89;24.97;24.37;24.71;24.71;10124043;;124536850
HOLX;362221;2025-03-21;60.98;61.48;60.40;61.47;61.47;7414532;;224389612
HOMB;447371;2025-03-21;27.98;28.26;27.69;28.00;28.00;4670404;;198550689
HOME;233408;2021-07-27;36.99;36.99;36.99;36.99;36.99;0;;65572833
HON;105257;2025-03-21;209.13;211.45;208.78;210.12;210.12;6518182;;649918551
HONE;10656472;2025-03-21;10.65;11.09;10.50;10.57;10.57;515714;;
HOOD;1249895;2025-03-21;41.95;44.73;41.50;44.36;44.36;43432066;;885460640
HOOK;1873290;2025-03-21;1.30;1.33;1.20;1.25;1.25;31676;;7219501
HOPE;6767797;2025-03-21;10.38;10.47;10.26;10.45;10.45;2006741;;120767793
HOT;113871;2016-10-03;77.05;77.05;77.05;77.05;77.05;0;;169549884
HOUR;15539333;2025-03-21;1.70;1.72;1.66;1.66;1.66;21029;;35143460
HOUS;447285;2025-03-21;3.83;3.87;3.65;3.65;3.65;4368880;;111261825
HOV;10656478;2025-03-21;107.53;109.03;104.23;106.72;106.72;175858;;5924651
HOWL;14864248;2025-03-21;1.08;1.13;1.05;1.13;1.13;316251;;44827159
HP;360878;2025-03-21;25.03;25.23;24.65;24.80;24.80;2721812;;99378608
HPCO;16532286;2025-03-21;0.00;0.00;0.00;0.00;0.00;0;;4332006
HPE;47023;2025-03-21;15.94;16.12;15.78;16.05;16.05;47026471;0.13;1313578244
HPJ;163221;2019-10-31;4.80;4.80;4.79;4.79;4.79;626582;;15690533
HPK;10384211;2025-03-21;12.48;12.48;12.28;12.47;12.47;410314;;126067436
HPLTU;11819478;2023-10-18;10.85;10.85;10.85;10.85;10.85;0;;20000000
HPP;949692;2025-03-21;2.93;2.93;2.83;2.92;2.92;5335473;;141353435
HPQ;184360;2025-03-21;28.24;28.68;27.95;28.68;28.68;23567611;;942703029
HPTX;437296;2015-05-07;45.98;46.02;45.98;45.99;45.99;308104;;20976592
HQI;11818892;2025-03-21;13.02;13.39;12.75;13.20;13.20;34942;;14000000
HQY;52958;2025-03-21;83.24;85.21;82.23;84.88;84.88;1731622;;86496449
HR;949686;2025-03-21;16.68;16.73;16.52;16.61;16.61;2867291;;228978000
HRB;506954;2025-03-21;52.14;52.58;51.38;52.49;52.49;11772532;;133849262
HRBR;17742838;2025-03-21;0.58;0.58;0.55;0.55;0.55;2240;;58534309
HRC;357864;2021-12-13;155.96;155.96;155.96;155.96;155.96;0;;65893802
HRI;535488;2025-03-21;132.47;136.07;130.72;135.61;135.61;751805;;28455466
HRL;375369;2025-03-21;29.62;30.06;29.52;29.98;29.98;9465554;;549912501
HRMY;11795014;2025-03-21;34.87;35.51;34.29;35.28;35.28;2385791;;57345611
HROW;1154965;2025-03-21;27.75;28.70;27.59;28.41;28.41;625211;;35614718
HRT;1340571;2024-06-28;14.36;14.36;14.36;14.36;14.36;0;;67352961
HRTG;640779;2025-03-21;13.55;13.90;13.51;13.57;13.57;283931;;42839713
HRTX;9075766;2025-03-21;2.38;2.42;2.32;2.38;2.38;1468846;;152329588
HRZN;11818104;2025-03-21;9.31;9.31;9.21;9.23;9.23;182260;;40315008
HSAQ;15585640;2025-03-21;4.31;4.61;4.20;4.51;4.51;99841;;38013526
HSBC;18300841;2025-03-21;57.62;58.02;57.40;57.83;57.83;2156625;;20293607410
HSC;7962722;2023-06-16;9.03;9.18;8.67;9.15;9.15;1938649;;79633000
HSDT;9076177;2025-03-21;0.40;0.43;0.39;0.43;0.43;34579;;3728172
HSIC;378104;2025-03-21;69.88;69.94;68.77;69.39;69.39;1473141;;124176781
HSII;727845;2025-03-21;42.28;42.62;41.27;42.33;42.33;707832;;20409835
HSKA;1253403;2023-06-13;119.99;119.99;119.99;119.99;119.99;0;;10368000
HSON;15141555;2025-03-21;10.15;10.65;10.15;10.30;10.30;5976;;2750735
HST;346970;2025-03-21;14.80;14.80;14.25;14.69;14.69;19471485;;699106842
HSTI;13511378;2025-03-21;1.00;1.00;1.00;1.00;1.00;0;;
HSTM;497494;2025-03-21;31.40;32.13;30.94;31.55;31.55;466418;;30434310
HSY;248677;2025-03-21;164.26;167.86;164.26;167.18;167.18;3030510;;202410635
HT;949690;2023-11-28;9.99;9.99;9.99;9.99;9.99;0;;39849859
HTA;949687;2022-07-20;29.21;29.71;28.78;29.19;29.19;64618075;;150545000
HTBI;7962914;2025-02-21;37.61;37.61;36.49;36.55;36.55;93478;;17529922
HTBK;7962830;2025-03-21;9.51;9.61;9.41;9.53;9.53;489226;;61442934
HTCR;1342107;2025-03-21;1.04;1.10;0.98;0.99;0.99;68387;;20933797
HTGC;10384205;2025-03-21;19.12;19.36;19.05;19.24;19.24;1158854;;173154658
HTGM;702606;2023-06-14;0.57;0.61;0.46;0.48;0.48;723871;;2214082
HTH;492790;2025-03-21;30.37;30.59;29.94;30.52;30.52;690553;;64864275
HTIBP;11795026;2025-03-21;14.03;14.03;14.03;14.03;14.03;222;;28296439
HTLD;1077530;2025-03-21;9.20;9.33;9.14;9.28;9.28;750933;;78549761
HTLF;6767679;2025-01-31;66.68;66.91;63.80;64.67;64.67;3034203;;42885498
HTM;709126;2018-07-09;5.45;5.45;5.45;5.45;5.45;0;;19494566
HTZ;536728;2025-03-21;3.36;3.56;3.25;3.46;3.46;17414552;;306833824
HUBB;628038;2025-03-21;335.28;339.41;332.41;338.36;338.36;802212;;53667674
HUBC;16875845;2025-03-21;0.51;0.54;0.49;0.52;0.52;520343;;30459736
HUBG;6767473;2025-03-21;36.40;37.70;36.04;37.47;37.47;3280535;;61502752
HUBS;504719;2025-03-21;598.22;606.31;589.02;606.27;606.27;643961;;52153077
HUDA;13511342;2025-01-30;12.56;12.56;12.56;12.56;12.56;0;;1725000
HUDI;18205660;2025-03-21;1.56;1.56;1.56;1.56;1.56;1347;;14279182
HUM;234479;2025-03-21;266.14;269.31;263.23;266.17;266.17;1806082;;120644737
HUMA;11817296;2025-03-21;3.15;3.35;3.13;3.32;3.32;2195014;;125859496
HUN;447408;2025-03-21;16.15;16.32;15.79;16.27;16.27;4131989;;172983843
HURC;188434;2025-03-21;15.75;16.29;15.75;16.03;16.03;14783;;6483990
HURN;166848;2025-03-21;147.49;148.03;140.62;140.87;140.87;511413;;17677584
HUSA;11035345;2025-03-21;1.06;1.08;1.05;1.05;1.05;257358;;15686533
HUT;17643992;2025-03-21;12.53;12.91;12.37;12.90;12.90;3336559;;
HUYA;1253406;2025-03-21;3.31;3.31;3.17;3.21;3.21;5255402;;233083369
HVT;7962864;2025-03-21;21.02;21.17;20.76;20.86;20.86;230727;;16205563
HWBK;12444329;2025-03-21;29.00;29.20;28.43;29.20;29.20;13240;;6981769
HWC;734515;2025-03-21;51.67;52.57;51.50;52.30;52.30;3022051;;86126971
HWEL;11818386;2023-12-04;10.47;10.47;10.47;10.47;10.47;0;;25000000
HWGC;17605383;2023-08-17;3.00;3.00;3.00;3.00;3.00;0;;198742643
HWKN;7962618;2025-03-21;104.12;105.98;103.17;105.77;105.77;367892;;20929004
HWKZ;11818661;2023-07-11;10.26;10.26;10.26;10.26;10.26;37415;;28750000
HWM;195506;2025-03-21;131.17;131.54;128.81;130.85;130.85;3740212;;405022519
HWNI;13624116;2025-03-21;0.03;0.04;0.03;0.03;0.03;515548;;241579688
HXL;103406;2025-03-21;56.24;56.38;55.42;55.76;55.76;2129597;;81131632
HY;7962614;2025-03-21;45.54;45.82;44.56;44.56;44.56;197952;;17697306
HYAC;12444475;2025-03-21;10.88;10.91;10.88;10.91;10.91;320;;33073277
HYACU;11795132;2023-05-12;10.10;10.10;10.10;10.10;10.10;0;;9551583
HYBT;12444325;2025-03-21;0.15;0.15;0.15;0.15;0.15;0;;518831367
HYFM;11034345;2025-03-21;2.82;2.96;2.76;2.85;2.85;29452;;4614279
HYLN;998432;2025-03-21;1.61;1.67;1.57;1.60;1.60;1155733;;174820174
HYMC;15141553;2025-03-21;3.22;3.30;2.99;3.28;3.28;211030;;24983358
HYPR;15394194;2025-03-21;0.85;0.90;0.82;0.82;0.82;674911;;77832218
HYRE;11036336;2025-03-21;0.00;0.00;0.00;0.00;0.00;100050;;23583303
HYSR;11033999;2025-03-21;0.03;0.03;0.03;0.03;0.03;7785258;;5437338655
HYZN;3240771;2025-03-21;0.64;0.64;0.64;0.64;0.64;0;;7591789
HZNP;6475595;2023-10-06;116.30;116.30;116.30;116.30;116.30;0;;226997506
HZO;993630;2025-03-21;22.88;23.63;22.86;22.99;22.99;383866;;22707321
IAA;968230;2023-03-20;39.89;40.50;39.63;39.89;39.89;22182136;;133700000
IAC;647051;2025-03-21;48.96;49.22;47.82;48.39;48.39;2041960;;83283336
IART;447419;2025-03-21;22.40;22.75;22.21;22.49;22.49;1064582;;77218920
IAS;1333933;2025-03-21;8.90;9.04;8.87;8.90;8.90;884594;;163800302
IAUX;17643994;2025-03-21;0.70;0.74;0.67;0.73;0.73;6706861;;
IBCP;7962926;2025-03-21;30.94;31.47;30.64;31.06;31.06;240436;;20894078
IBEX;13730834;2025-03-21;25.10;25.24;24.10;25.22;25.22;217054;;13191924
IBIO;13756728;2025-03-21;4.70;4.79;4.35;4.63;4.63;502854;;9874676
IBKC;129297;2020-07-01;45.65;46.26;42.34;43.08;43.08;6285800;;52663861
IBKR;718957;2025-03-21;173.13;173.89;170.45;173.36;173.36;3533444;;108931714
IBM;69543;2025-03-21;241.69;245.21;238.50;243.87;243.87;9420032;;927264332
IBN;16261171;2025-03-21;31.14;31.45;31.10;31.28;31.28;6305679;;
IBOC;369401;2025-03-21;63.18;63.50;62.13;63.44;63.44;1738359;;62215830
IBP;6767415;2025-03-21;170.27;173.62;168.14;172.24;172.24;1131224;;27758509
IBRX;786262;2025-03-21;2.71;2.79;2.68;2.71;2.71;8995797;;853442137
IBTA;18081195;2025-03-21;38.57;40.62;38.57;39.01;39.01;977324;;31022388
IBTX;6767665;2024-12-31;60.85;61.32;59.76;60.67;60.67;1552369;;41436068
ICBK;9076269;2021-12-10;35.25;35.25;35.25;35.25;35.25;0;;6134656
ICCC;16682778;2025-03-21;5.00;5.00;4.81;4.91;4.91;18632;;7833080
ICCH;16682776;2025-03-13;23.49;23.49;23.49;23.49;23.49;0;;3142973
ICD;14122307;2024-08-28;0.65;0.65;0.58;0.59;0.59;317476;;15220114
ICE;378167;2025-03-21;175.67;175.99;173.10;174.39;174.39;4683866;;574564858
ICFI;6767517;2025-03-21;84.96;85.39;82.91;84.04;84.04;364733;;18436146
ICHR;926863;2025-03-21;26.63;27.04;26.26;26.61;26.61;490409;;34003244
ICL;1340973;2025-03-21;5.92;5.92;5.86;5.89;5.89;556933;;1290375704
ICLR;1253239;2025-03-21;177.92;185.13;177.92;184.87;184.87;741371;;80756860
ICMB;13950764;2025-03-21;3.20;3.25;3.17;3.17;3.17;4706;;14406244
ICPT;72077;2023-11-08;19.00;19.00;19.00;19.00;19.00;0;;41731000
ICPW;161289;2017-09-11;0.12;0.12;0.05;0.08;0.08;2604126;;85646354
ICUI;550676;2025-03-21;146.11;150.74;142.83;147.07;147.07;563328;;24519000
ICVX;11818820;2024-02-20;15.31;15.31;15.31;15.31;15.31;0;;44770820
ID;13511446;2023-12-26;0.08;0.08;0.05;0.05;0.05;5179764;;34114449
IDA;627772;2025-03-21;116.27;116.81;113.62;114.24;114.24;583601;;53977012
IDCC;549215;2025-03-21;216.87;219.23;214.73;217.35;217.35;1265758;;25684041
IDDR;664227;2021-01-07;0.00;0.00;0.00;0.00;0.00;0;;1167120233
IDEX;11034921;2025-03-21;0.01;0.01;0.01;0.01;0.01;408;;20068435
IDLM;659864;2025-03-21;0.00;0.00;0.00;0.00;0.00;0;;60746743
IDR;15464875;2025-03-21;12.64;13.05;12.51;12.84;12.84;149030;;13661139
IDSY;250487;2025-03-21;5.75;5.94;5.67;5.85;5.85;2140593;;18447779
IDT;535487;2025-03-21;50.47;50.90;49.78;50.52;50.52;174289;;25215793
IDXG;1253245;2025-03-21;1.18;1.18;1.18;1.18;1.18;247;;4404795
IDXX;447447;2025-03-21;415.44;421.95;411.28;420.99;420.99;705706;;81328233
IDYA;1253393;2025-03-21;18.21;18.71;18.00;18.39;18.39;1804592;;87537391
IE;14097470;2025-03-21;6.29;7.03;6.27;6.98;6.98;1841032;;132565318
IEA;9076311;2022-10-07;13.72;13.72;13.72;13.72;13.72;0;;48419272
IEHC;248180;2025-03-21;7.50;7.50;7.50;7.50;7.50;0;;2380251
IEP;980333;2025-03-21;9.50;9.72;9.49;9.69;9.69;397508;;522736315
IESC;7962598;2025-03-21;182.38;188.36;176.97;184.26;184.26;239492;;20006630
IEX;824090;2025-03-21;182.36;182.36;179.02;181.91;181.91;1170155;;75784047
IFF;378169;2025-03-21;78.86;79.63;77.28;77.84;77.84;3911463;0.40;255714083
IFIN;15585630;2024-08-30;10.35;10.35;4.98;6.28;6.28;61961;;10576150
IFRX;18589404;2025-03-21;1.26;1.29;1.24;1.28;1.28;208597;;59351710
IGAC;12444739;2023-01-11;10.11;10.12;10.11;10.12;10.12;5100;;29698196
IGC;11035548;2025-03-21;0.30;0.32;0.30;0.32;0.32;150440;;79685165
IGMS;10656434;2025-03-21;1.19;1.22;1.15;1.19;1.19;240374;;
IGNY;11819244;2024-11-14;0.02;0.02;0.02;0.02;0.02;66140;;23124888
IGT;447449;2025-03-21;16.95;17.06;16.57;17.05;17.05;2140321;;201858765
IGTA;13714911;2025-03-21;11.48;11.48;11.48;11.48;11.48;0;;5588391
IGXT;11035264;2025-03-21;0.17;0.17;0.17;0.17;0.17;0;;174658096
IHC;667823;2022-02-15;56.98;57.05;56.98;57.01;57.01;40135;;14674936
IHG;18382378;2025-03-21;108.43;109.92;107.57;109.67;109.67;244082;;164711854
IHRC;998462;2018-03-05;43.25;43.25;43.25;43.25;43.25;813;;1111015
IHRT;653413;2025-03-21;1.66;1.79;1.61;1.76;1.76;3913552;;147074352
IHS;18567608;2025-03-21;4.70;5.27;4.70;5.25;5.25;2521141;;333440937
IHT;244789;2025-03-21;2.54;2.57;2.13;2.13;2.13;7618;;8763485
III;9075810;2025-03-21;3.65;3.74;3.59;3.73;3.73;256349;0.04;48255149
IIIN;1338982;2025-03-21;27.17;27.31;26.57;27.28;27.28;604142;;19430632
IIIV;7962646;2025-03-21;24.29;24.83;24.11;24.77;24.77;567238;;33472321
IIN;519102;2022-05-24;24.24;24.25;24.24;24.24;24.24;94327;;9147000
IIPR;949475;2025-03-21;63.01;64.48;61.72;63.61;63.61;1322556;;28331833
IKNA;11820338;2025-03-21;1.33;1.40;1.31;1.37;1.37;171712;;48258111
IKT;15585632;2025-03-21;2.42;2.46;2.36;2.37;2.37;112818;;67192570
ILMN;86933;2025-03-21;83.74;87.86;83.50;87.66;87.66;3814969;;158400000
ILPT;16239119;2025-03-21;3.48;3.50;3.33;3.44;3.44;1496517;;66144308
IMAQ;14076244;2025-03-21;10.54;10.54;10.54;10.54;10.54;27;;6836594
IMAX;6767739;2025-03-21;26.31;26.97;26.16;26.75;26.75;1073427;;53024091
IMBI;11036100;2024-04-01;0.00;0.00;0.00;0.00;0.00;48712;;29415680
IMCR;14122305;2025-03-21;30.02;30.97;29.22;29.81;29.81;440012;;50068126
IMDZ;809437;2019-04-02;5.85;5.85;5.85;5.85;5.85;0;;48365248
IMGN;82671;2024-02-26;31.23;31.23;31.23;31.23;31.23;40;;263446000
IMGO;1253390;2023-01-11;36.01;36.01;36.01;36.01;36.01;0;;33765515
IMH;9076161;2025-03-21;0.04;0.04;0.04;0.04;0.04;187;;21344000
IMHC;16682826;2025-03-21;0.01;0.01;0.01;0.01;0.01;229204;;183943705
IMKTA;6326939;2025-03-21;62.59;62.62;60.95;61.60;61.60;289180;;18994376
IMMP;17730317;2025-03-21;1.92;1.93;1.88;1.88;1.88;56504;;1452612290
IMMR;9075850;2025-03-21;7.47;7.54;7.34;7.46;7.46;569393;;32396432
IMMX;16633068;2025-03-21;1.79;1.87;1.71;1.80;1.80;34323;;27507637
IMMY;703115;2025-03-21;27.75;28.70;27.59;28.41;28.41;625211;;25983364
IMNM;16633070;2025-03-21;8.45;8.74;8.17;8.18;8.18;4326432;;86950655
IMO;702831;2025-03-21;70.92;71.59;70.30;71.21;71.21;341196;;509044963
IMPL;11034519;2024-01-05;0.10;0.10;0.08;0.10;0.10;60286;;23748008
IMPV;131347;2019-01-10;55.74;55.74;55.74;55.74;55.74;0;;35197514
IMRA;1840504;2023-02-24;24.00;25.34;23.54;23.75;23.75;126471;;6571816
IMRX;1822743;2025-03-21;1.52;1.91;1.52;1.80;1.80;726191;;35887252
IMSCQ;340525;2017-08-28;0.07;0.07;0.07;0.07;0.07;0;;79875620
IMTV;666754;2025-03-21;0.00;0.00;0.00;0.00;0.00;0;;12218842
IMUX;11034096;2025-03-21;1.13;1.16;1.12;1.15;1.15;270566;;90079016
IMVT;11794998;2025-03-21;19.57;19.75;19.03;19.64;19.64;3965542;;169860683
IMXI;11795190;2025-03-21;13.45;13.59;13.02;13.06;13.06;545033;;30652249
INAB;11034418;2025-03-21;0.23;0.24;0.22;0.23;0.23;650487;;72483253
INBI;687926;2025-03-21;0.00;0.00;0.00;0.00;0.00;0;;181459602
INBK;9076008;2025-03-21;27.51;27.75;27.00;27.56;27.56;42730;;8697085
INBP;13774426;2025-03-21;0.31;0.31;0.31;0.31;0.31;4000;;30300720
INBX;10384265;2025-03-21;13.97;14.42;13.97;14.35;14.35;118170;;52401941
INCY;671924;2025-03-21;60.44;62.33;60.25;61.92;61.92;4237280;;193524350
INDB;6767501;2025-03-21;62.36;63.96;62.34;63.07;63.07;1456465;;42605296
INDI;10384269;2025-03-21;2.19;2.27;2.12;2.23;2.23;5876454;;208494477
INDP;15112469;2025-03-21;0.75;0.77;0.72;0.72;0.72;329087;;14429244
INDT;10384325;2023-06-29;66.99;66.99;66.99;66.99;66.99;0;;10192000
INDV;18452184;2025-03-21;9.56;9.83;9.53;9.82;9.82;683341;;124655858
INFA;11794960;2025-03-21;17.89;18.18;17.72;18.13;18.13;2190158;;258549523
INFI;819348;2023-09-29;0.02;0.02;0.01;0.02;0.02;1141812;;89392079
INFN;346530;2025-02-28;6.64;6.64;6.64;6.64;6.64;0;;237991137
INFO;330628;2025-03-21;19.56;19.67;19.56;19.67;19.67;271;;398612292
INFU;371010;2025-03-21;5.57;5.84;5.56;5.83;5.83;226043;;21009216
INFY;1253409;2025-03-21;18.41;18.43;18.17;18.32;18.32;18666347;;4150867464
ING;18482566;2025-03-21;19.78;19.94;19.73;19.87;19.87;3765587;;3147391173
INGN;7962942;2025-03-21;7.31;7.45;7.15;7.35;7.35;321579;;26529544
INGR;610276;2025-03-21;131.85;132.05;130.07;130.33;130.33;3517743;;64185927
ININ;354705;2016-12-02;60.50;60.50;60.50;60.50;60.50;0;;22348615
INKT;15337175;2025-03-21;8.11;9.57;8.03;9.10;9.10;10385;;3966392
INLX;16682780;2025-03-21;11.10;11.10;11.10;11.10;11.10;2519;;4230806
INMB;1295082;2025-03-21;8.00;8.18;7.89;8.12;8.12;218004;;22172451
INMD;1329301;2025-03-21;18.26;18.80;18.26;18.63;18.63;2317668;;69558670
INN;7962674;2025-03-21;5.57;5.61;5.42;5.56;5.56;2135076;;109781527
INNV;11795202;2025-03-21;3.04;3.30;3.04;3.16;3.16;214595;;135243747
INO;9075872;2025-03-21;1.93;1.98;1.88;1.92;1.92;2021219;;36667221
INOD;1077528;2025-03-21;41.78;42.36;40.12;41.82;41.82;1250510;;31299728
INOV;497806;2025-03-21;30.46;30.53;30.46;30.52;30.52;415;;155246332
INSE;10656508;2025-03-21;8.95;9.00;8.58;8.84;8.84;165676;;26578302
INSG;11034411;2025-03-21;9.39;9.55;9.25;9.36;9.36;82378;;15006340
INSM;6767451;2025-03-21;78.54;81.19;78.00;79.92;79.92;1928336;;180999350
INSP;6480940;2025-03-21;161.52;165.50;159.24;164.92;164.92;571750;;29669407
INST;11794968;2024-11-13;23.60;23.60;23.60;23.60;23.60;0;;147089318
INSW;1023512;2025-03-21;34.94;35.08;33.78;33.80;33.80;2260620;;49194458
INT;344219;2023-06-15;23.95;24.32;23.80;24.26;24.26;365016;;62100000
INTA;11795000;2025-03-21;59.28;61.32;58.74;60.95;60.95;729378;;79397840
INTC;85652;2025-03-21;23.60;24.70;23.49;24.26;24.26;93397414;;4330000000
INTG;13950762;2025-03-21;12.30;12.36;12.30;12.36;12.36;1304;;2155209
INTI;16363527;2025-03-21;0.07;0.07;0.07;0.07;0.07;0;;172323545
INTT;645323;2025-03-21;7.48;7.75;7.42;7.51;7.51;37878;;12373276
INTU;183557;2025-03-21;592.99;605.25;590.02;604.04;604.04;2305906;;279562000
INTV;11795328;2025-03-21;0.25;0.25;0.25;0.25;0.25;1686;;5561580
INUV;11035051;2025-03-21;0.43;0.44;0.41;0.44;0.44;281199;;142795483
INVA;942592;2025-03-21;17.18;17.40;17.11;17.27;17.27;2912020;;62675545
INVE;10656710;2025-03-21;3.42;3.49;3.32;3.42;3.42;119479;;23520680
INVH;949710;2025-03-21;34.07;34.40;33.80;33.87;33.87;5614150;;612689592
INVU;16682784;2025-03-21;0.02;0.02;0.02;0.02;0.02;1147504;;1860981786
INVZ;18525396;2025-03-21;0.70;0.76;0.69;0.71;0.71;4090790;;169397030
INZY;11819388;2025-03-21;0.94;1.00;0.91;0.97;0.97;627123;;64240198
IO;905324;2022-05-18;0.36;0.37;0.33;0.34;0.34;904581;;29617040
IOBT;1397116;2025-03-21;0.97;0.98;0.90;0.96;0.96;58296;;65880914
IONM;11036294;2025-03-21;0.00;0.00;0.00;0.00;0.00;1;;3134054
IONQ;3239342;2025-03-21;20.96;22.72;20.86;22.26;22.26;21965919;;222842179
IONR;17730319;2025-03-21;4.10;4.37;4.09;4.19;4.19;5996;;2325614708
IONS;855206;2025-03-21;32.71;33.62;32.30;32.91;32.91;1999130;;158964772
IOR;15337163;2025-03-21;17.25;17.96;17.25;17.50;17.50;3567;;4066178
IOSP;6767469;2025-03-21;97.77;98.26;95.17;96.01;96.01;1456569;;24959659
IOTS;884299;2020-06-29;12.54;12.54;12.54;12.54;12.54;0;;31249484
IOVA;6767615;2025-03-21;3.48;3.58;3.42;3.54;3.54;7553605;;327876694
IP;261549;2025-03-21;51.70;51.88;50.63;51.39;51.39;14534798;;526125614
IPA;16232551;2025-03-21;0.45;0.45;0.42;0.42;0.42;298665;;26944500
IPAR;853111;2025-03-21;119.00;119.66;116.51;118.39;118.39;2536390;;32123940
IPAS;998421;2019-02-13;3.25;3.25;3.25;3.25;3.25;0;;7957988
IPB;12444998;2025-03-21;26.15;26.15;26.15;26.15;26.15;253;;
IPDN;655301;2025-03-21;2.48;2.63;2.44;2.45;2.45;45285;;1313996
IPG;378168;2025-03-21;26.34;26.82;26.16;26.51;26.51;42312221;;372649160
IPGP;570971;2025-03-21;63.98;65.49;63.63;64.06;64.06;792933;;42548561
IPHI;923419;2021-04-20;173.71;175.32;171.97;172.27;172.27;5672270;;53608372
IPI;260195;2025-03-21;28.56;29.07;28.50;28.99;28.99;174411;;13226281
IPSC;12442256;2025-03-21;0.55;0.56;0.53;0.56;0.56;1114950;;86045033
IPVI;11817791;2023-04-24;10.12;10.12;10.12;10.12;10.12;300;;7187500
IPW;13841967;2025-03-21;0.55;0.68;0.55;0.64;0.64;450467;;31449098
IPWR;11034458;2025-03-21;5.00;5.00;4.90;4.92;4.92;8401;;8147776
IPX;17776541;2025-03-21;20.40;21.30;20.02;20.20;20.20;24479;;257244759
IPXL;625184;2018-05-04;18.20;18.95;17.40;18.30;18.30;3041017;;73758396
IQV;744724;2025-03-21;182.85;186.07;180.00;185.89;185.89;3242543;;176100000
IR;6475601;2025-03-21;80.64;81.12;79.85;80.96;80.96;2946286;;209400000
IRBT;675457;2025-03-21;3.07;3.32;3.04;3.28;3.28;1878276;;30628585
IRDM;1011100;2025-03-21;27.19;27.84;27.08;27.65;27.65;2677119;;108839159
IREN;16091231;2025-03-21;6.99;7.19;6.90;7.15;7.15;8308783;;187864454
IRG;350449;2017-03-13;0.00;0.00;0.00;0.00;0.37;0;;26246000
IRIX;1241345;2025-03-21;0.80;1.06;0.79;0.99;0.99;160491;;16636380
IRM;378171;2025-03-21;87.98;88.15;86.54;87.54;87.54;3083826;;293740905
IRMD;7962772;2025-03-21;52.00;52.59;51.50;52.33;52.33;64343;;12715072
IRME;16682782;2025-03-21;0.48;0.48;0.48;0.48;0.48;0;;71008144
IRON;17643996;2025-03-21;52.87;54.01;52.06;52.24;52.24;1082708;;
IROQ;13774424;2025-03-21;24.12;24.65;23.58;24.40;24.40;7339;0.20;3351526
IRRX;11819673;2025-03-21;11.25;11.25;11.25;11.25;11.25;0;;9607057
IRS;17733533;2025-03-21;13.08;13.81;13.05;13.75;13.75;90033;;768151692
IRT;6481064;2025-03-21;20.69;20.88;20.45;20.73;20.73;3440580;;230914117
IRTC;6481024;2025-03-21;102.50;104.55;100.21;104.49;104.49;401195;;31409617
IRWD;6767579;2025-03-21;1.52;1.55;1.37;1.41;1.41;14622338;;160028388
ISBA;12444291;2025-03-21;23.07;23.60;23.07;23.60;23.60;700;;7414594
ISBC;641029;2022-09-16;13.87;13.87;13.87;13.87;13.87;2878;;235935642
ISDR;997171;2025-01-24;9.67;9.70;9.46;9.65;9.65;18860;;3833977
ISEE;131911;2023-07-11;39.95;39.95;39.95;39.95;39.95;0;;119687000
ISIL;355428;2017-02-27;22.49;22.49;22.49;22.49;22.49;0;;137732624
ISO;1253260;2023-03-21;0.76;0.76;0.76;0.76;0.76;0;;39318348
ISPC;15112479;2025-03-21;1.34;1.39;1.31;1.37;1.37;29023;;962637
ISPR;13950766;2025-03-21;3.29;3.31;2.95;3.09;3.09;139022;;57090972
ISR;998412;2023-02-17;0.37;0.39;0.36;0.38;0.38;145021;;142113000
ISRG;103498;2025-03-21;483.11;492.75;477.27;492.49;492.49;3360654;;356656964
ISSC;153113;2025-03-21;6.88;6.96;6.65;6.65;6.65;79277;;17545314
ISTR;9075990;2025-03-21;17.27;18.46;17.10;17.73;17.73;58118;;9825633
IT;447532;2025-03-21;417.19;435.91;409.50;430.38;430.38;1791108;;76818191
ITCI;825240;2025-03-21;131.55;131.67;131.51;131.65;131.65;1826967;;106327952
ITG;142922;2019-02-28;30.23;30.27;30.20;30.23;30.23;320535;;33947655
ITGR;101027;2025-03-21;115.04;115.94;110.84;115.16;115.16;1023429;;33617354
ITHUF;14076254;2025-03-21;0.00;0.01;0.00;0.01;0.01;4652;;6673394942
ITI;59550;2024-11-01;7.19;7.19;7.19;7.19;7.19;4543;;42822824
ITIC;9075774;2025-03-21;239.09;240.55;237.43;237.43;237.43;9683;;1885978
ITOS;1338980;2025-03-21;6.82;6.90;6.72;6.88;6.88;417049;;38194341
ITRI;693852;2025-03-21;105.68;106.38;104.76;105.76;105.76;842408;;45179771
ITT;1056223;2025-03-21;133.39;135.11;132.20;135.05;135.05;1213946;;81400000
ITW;378165;2025-03-21;251.45;251.88;248.16;251.34;251.34;1556368;;293500000
IVAC;639373;2025-03-21;4.03;4.04;4.03;4.03;4.03;340880;;27168081
IVCP;16222800;2025-03-21;7.30;9.65;7.10;7.70;7.70;65715;;4589913
IVDN;258246;2025-03-21;0.30;0.30;0.30;0.30;0.30;15;;38304003
IVFH;15337165;2025-03-21;1.97;2.02;1.95;1.96;1.96;22873;;53986793
IVR;949696;2025-03-21;8.70;8.78;8.66;8.68;8.68;2356927;;61729693
IVT;11795074;2025-03-21;28.81;28.97;28.21;28.57;28.57;738515;;77460276
IVTY;103578;2018-10-23;7.39;7.39;7.39;7.39;7.39;0;;24073678
IVVD;1841507;2025-03-21;0.76;0.80;0.73;0.74;0.74;2819892;;119961445
IVZ;378170;2025-03-21;15.33;15.41;15.16;15.32;15.32;9855312;;447601799
IXAQ;17429378;2025-03-21;11.79;11.79;11.79;11.79;11.79;0;;10413721
IXHL;13841937;2025-03-21;0.88;0.88;0.81;0.83;0.83;14744;;17859708
IZEA;11035013;2025-03-21;2.20;2.22;2.13;2.16;2.16;19349;;16966709
IZM;17754842;2025-03-21;1.71;1.85;1.68;1.84;1.84;33201;;11001358
J;378172;2025-03-21;120.74;121.39;119.52;121.25;121.25;2516825;;122543672
JACK;682281;2025-03-21;30.29;30.52;29.29;29.48;29.48;1396254;;18858296
JAGX;1076278;2025-03-21;0.25;0.25;0.20;0.23;0.23;2658812;;11798288
JAKK;908372;2025-03-21;24.76;24.94;24.54;24.59;24.59;149835;;11146230
JAMF;1794064;2025-03-21;13.28;13.34;12.96;13.17;13.17;1387479;;129390587
JAN;165913;2024-07-12;2.14;2.37;2.14;2.23;2.23;139540;;8976379
JANL;13511438;2025-03-21;32.00;32.00;32.00;32.00;32.00;0;;1186354
JANX;11795264;2025-03-21;29.93;30.56;29.77;29.94;29.94;1514689;;59105147
JAQC;11820429;2023-12-26;10.34;10.34;10.34;10.34;10.34;740;;20297549
JAZZ;364811;2025-03-21;138.99;140.03;137.74;138.76;138.76;3634900;;60732479
JBGS;949711;2025-03-21;15.76;15.76;15.26;15.43;15.43;1973929;;82454040
JBHT;378173;2025-03-21;146.44;148.97;144.34;148.55;148.55;1111316;;100008209
JBI;11795100;2025-03-21;8.02;8.09;7.89;7.94;7.94;3635101;;140310733
JBL;79450;2025-03-21;142.33;145.22;138.99;145.22;145.22;3262368;;109178525
JBLU;720902;2025-03-21;5.40;5.45;5.24;5.43;5.43;18742168;;353001047
JBSS;6767671;2025-03-21;70.65;70.75;69.92;70.46;70.46;149931;;2597426
JBT;6767423;2025-01-02;128.00;129.31;124.94;125.32;125.32;574189;;31842638
JCI;360440;2025-03-21;82.41;82.79;81.27;82.73;82.73;6990247;;660594161
JCOM;625587;2021-10-07;139.20;143.09;138.55;142.84;142.84;399277;;47825827
JCP;180279;2021-02-01;0.12;0.14;0.11;0.13;0.13;1655525;;322897689
JCS;945747;2022-03-28;8.77;8.78;7.95;8.18;8.18;48445;;2365465
JCTCF;13626515;2024-10-08;4.89;4.89;4.89;4.89;4.89;646;;3504802
JD;1253405;2025-03-21;42.08;42.46;41.89;42.24;42.24;10401529;;3144236167
JEF;378180;2025-03-21;58.57;59.79;58.21;59.37;59.37;1871241;;206094699
JELD;1077371;2025-03-21;6.03;6.12;5.89;5.95;5.95;2296801;;84849974
JETMF;14864230;2025-03-21;0.61;0.61;0.61;0.61;0.61;1200;;
JEWL;13511302;2025-03-21;0.05;0.05;0.03;0.04;0.04;27499;;38047648
JGPK;975415;2016-03-04;0.96;0.96;0.96;0.96;0.96;0;;18329074
JHG;1234774;2025-03-21;37.10;37.41;36.82;37.37;37.37;2441943;;157557812
JILL;680726;2025-03-21;17.71;18.53;17.31;18.00;18.00;222956;;15340378
JJSF;968241;2025-03-21;128.12;129.44;126.47;126.71;126.71;288823;;19490254
JKHY;447566;2025-03-21;174.94;175.58;171.41;173.05;173.05;935710;;72959325
JLL;122208;2025-03-21;251.52;253.00;246.90;250.25;250.25;442079;;47391812
JMACU;12444311;2023-03-29;10.83;11.90;10.83;11.20;11.20;522;;10840025000
JMBA;365536;2018-09-13;13.01;13.01;13.01;13.01;13.01;2;;15640617
JMIA;18493383;2025-03-21;2.42;2.47;2.38;2.47;2.47;1266094;;244925650
JMKJ;13511434;2025-03-21;0.01;0.01;0.01;0.01;0.01;0;;93300
JMSB;11819680;2025-03-21;16.92;17.25;16.90;17.04;17.04;40714;;14240213
JNCE;9076026;2023-05-04;1.88;1.88;1.88;1.88;1.88;169314;;51676000
JNJ;89661;2025-03-21;163.00;164.13;162.48;163.63;163.63;16905840;;2407616693
JNPR;385619;2025-03-21;36.01;36.15;36.00;36.05;36.05;6049660;;333189763
JOAN;13511456;2024-04-18;0.10;0.12;0.09;0.10;0.10;720833;;41911651
JOB;1342117;2025-03-21;0.22;0.22;0.21;0.22;0.22;396141;;109413244
JOBY;1301817;2025-03-21;6.22;6.67;6.11;6.64;6.64;17525821;;787816925
JOE;546306;2025-03-21;46.25;46.88;45.62;45.96;45.96;515756;;58326521
JOUT;667535;2025-03-21;24.54;25.05;24.16;24.79;24.79;114095;;10333524
JOY;39382;2017-04-13;28.30;28.30;28.30;28.30;28.30;0;;99620355
JPM;243510;2025-03-21;237.81;242.30;236.50;241.63;241.63;19146466;;2796106099
JRSH;1348020;2025-03-21;3.57;3.62;3.57;3.57;3.57;15927;;12294840
JRVR;7962648;2025-03-21;3.90;3.99;3.87;3.98;3.98;586644;;45644318
JSDA;727078;2025-03-21;0.24;0.24;0.22;0.22;0.22;108438;;115867660
JSPR;17643998;2025-03-21;5.23;5.37;5.16;5.21;5.21;177196;;
JUPW;13511290;2025-03-21;0.48;0.49;0.45;0.47;0.47;413234;;61138357
JUSHF;16409721;2025-03-21;0.30;0.30;0.27;0.27;0.27;83325;;196643264
JUVF;141652;2025-03-21;12.75;12.75;12.75;12.75;12.75;200;;5003384
JVA;40037;2025-03-21;4.88;5.14;3.77;4.02;4.02;917140;;5708599
JW-A;195872;2022-03-31;52.96;53.48;52.55;53.03;53.03;271205;;55806000
JWN;184768;2025-03-21;24.27;24.36;24.17;24.35;24.35;5735520;;164906936
JXN;1341059;2025-03-21;82.72;85.88;82.43;85.58;85.58;8558701;;72646287
JYNT;921297;2025-03-21;12.61;12.86;12.19;12.73;12.73;159414;;15174931
JZ;17598800;2025-03-21;0.89;0.89;0.89;0.89;0.89;449;;121110000
K;97995;2025-03-21;82.30;82.51;82.26;82.51;82.51;3041147;;345215923
KA;15337169;2024-10-24;0.69;0.69;0.69;0.69;0.69;6790;;12261407
KAI;6767489;2025-03-21;337.54;337.54;332.03;335.28;335.28;222934;;11754897
KALA;9076115;2025-03-21;6.87;6.98;6.85;6.92;6.92;22963;;4610139
KALU;6767787;2025-03-21;68.72;68.72;66.14;66.28;66.28;287149;;16100473
KALV;10656522;2025-03-21;11.94;12.22;11.83;11.89;11.89;1224635;;49715636
KAMN;7962698;2024-04-19;45.99;45.99;45.99;45.99;45.99;0;;28319136
KANP;275886;2025-03-21;37.00;37.00;37.00;37.00;37.00;5;;1792613
KAR;123411;2025-03-21;20.35;20.90;20.29;20.59;20.59;1845385;;106910777
KATE;441025;2017-07-12;18.49;18.49;18.49;18.49;18.49;0;;128604671
KAVL;13841939;2025-03-21;0.55;0.57;0.54;0.57;0.57;79080;;11542302
KBAL;7962840;2023-06-01;12.30;12.30;12.30;12.30;12.30;0;;36404000
KBH;821503;2025-03-21;59.30;60.20;58.80;59.75;59.75;4428416;;72156821
KBR;1056225;2025-03-21;49.48;50.32;49.23;50.13;50.13;1181913;;132441673
KD;1346698;2025-03-21;33.80;34.65;33.67;34.57;34.57;3375551;;232694503
KDMN;9076245;2021-11-09;9.50;9.50;9.50;9.50;9.50;1052;;173443975
KDNY;781554;2023-08-11;40.39;40.39;40.39;40.39;40.39;0;;67779000
KDP;378130;2025-03-21;33.47;33.68;33.06;33.55;33.55;17991108;;1356750877
KE;175788;2025-03-21;16.85;17.23;16.73;16.99;16.99;456849;;24554663
KEGX;9076189;2025-03-21;0.80;0.80;0.80;0.80;0.80;1;;13781000
KELYA;7962734;2025-03-21;13.55;13.55;13.09;13.17;13.17;842608;;34888046
KEM;641260;2025-03-21;28.18;28.25;28.18;28.25;28.25;235;;58508445
KEP;1245486;2025-03-21;7.45;7.53;7.45;7.51;7.51;133437;;641964077
KEQU;13511440;2025-03-21;49.00;49.00;46.07;46.50;46.50;9536;;2854464
KEX;1067478;2025-03-21;98.21;101.44;98.21;101.33;101.33;1171394;;57126000
KEY;378174;2025-03-21;16.00;16.27;15.87;16.15;16.15;57034327;;1105119318
KEYR;12444415;2025-03-21;0.48;0.50;0.40;0.40;0.40;2900;;72661657
KEYS;186556;2025-03-21;154.04;155.00;152.17;154.56;154.56;1226664;;172810514
KFFB;13841941;2025-03-21;2.99;3.00;2.90;3.00;3.00;4687;;8086715
KFRC;6767707;2025-03-21;48.61;48.88;47.63;48.42;48.42;417876;;19111000
KFS;11819936;2025-03-21;7.45;7.98;7.39;7.88;7.88;58490;;27537151
KFY;211211;2025-03-21;66.33;66.65;65.29;66.60;66.60;2430024;;51645879
KGC;3308077;2025-03-21;12.15;12.20;11.95;12.16;12.16;15992142;;1227837974
KGNR;12444379;2023-06-09;2.20;2.20;2.20;2.20;2.20;0;;89623323
KGS;14864234;2025-03-21;38.10;38.52;37.67;37.80;37.80;2597473;;
KHC;693432;2025-03-21;29.60;29.93;29.39;29.52;29.52;25234892;;1194989953
KIDS;6767731;2025-03-21;25.50;26.25;24.75;24.97;24.97;299893;;24286590
KIM;378175;2025-03-21;20.81;20.94;20.46;20.75;20.75;9681354;;679482034
KIN;9076239;2021-08-27;9.24;9.26;9.24;9.25;9.25;178496;;45277000
KIND;11795224;2025-03-21;1.67;1.71;1.67;1.69;1.69;2355122;;386301635
KINS;9076149;2025-03-21;15.51;16.01;15.26;15.36;15.36;190232;;13730802
KIRK;188255;2025-03-21;1.31;1.39;1.31;1.37;1.37;61875;;13117942
KITE;73743;2017-10-19;179.79;179.79;179.79;179.79;179.79;0;;57181750
KITT;17976694;2025-03-21;1.19;1.20;1.14;1.19;1.19;1524528;;6407475
KKD;47513;2016-08-04;21.00;21.00;21.00;21.00;21.00;0;;60914000
KKR;805180;2025-03-21;115.00;117.15;113.82;116.50;116.50;6057803;;888250533
KLAC;132518;2025-03-21;702.31;709.38;692.36;706.49;706.49;2420364;;132886746
KLC;18139905;2025-03-21;14.80;15.50;13.53;13.76;13.76;3618130;;117966089
KLDI;16453515;2025-03-21;0.02;0.02;0.02;0.02;0.02;0;;43516392
KLEG;998410;2021-04-06;0.09;0.09;0.09;0.09;0.09;0;;50908240
KLIC;362126;2025-03-21;35.19;35.80;34.84;35.76;35.76;1164174;;53383168
KLTR;10656574;2025-03-21;1.87;1.96;1.84;1.87;1.87;1046682;;154138268
KLXE;10656680;2025-03-21;3.77;3.86;3.50;3.56;3.56;312211;;17403369
KLXI;98588;2018-10-09;62.99;62.99;62.99;62.99;62.99;0;;60185466
KMB;384594;2025-03-21;139.08;140.29;137.44;138.67;138.67;7414052;;331684601
KMDA;18474529;2025-03-21;6.69;6.84;6.58;6.72;6.72;158726;;57505031
KMG;51451;2018-12-14;76.14;76.14;76.14;76.14;76.14;0;;15553484
KMI;88392;2025-03-21;27.99;28.08;27.76;27.93;27.93;19417017;;2221963025
KMPR;1234775;2025-03-21;66.90;67.33;65.86;66.26;66.26;1144998;;63900557
KMT;1234776;2025-03-21;21.39;21.67;21.30;21.63;21.63;3100185;;77360327
KMX;327637;2025-03-21;70.82;71.95;69.70;71.32;71.32;2970691;;154924341
KN;996259;2025-03-21;15.89;16.06;15.73;15.97;15.97;2691300;;87663173
KND;510383;2018-07-02;9.00;9.00;9.00;9.00;9.00;0;9.00;91260624
KNDI;10656580;2025-03-21;1.50;1.56;1.50;1.50;1.50;122341;;87358234
KNF;9075754;2025-03-21;89.64;91.57;88.25;91.11;91.11;826383;;56612705
KNIT;13774428;2025-03-21;5.00;5.00;5.00;5.00;5.00;5;;26420200
KNOP;1249668;2025-03-21;6.17;6.27;6.10;6.11;6.11;112531;;34045081
KNSA;6767803;2025-03-21;23.65;23.86;23.28;23.36;23.36;435145;;69918287
KNSL;1022619;2025-03-21;455.03;472.89;453.97;470.04;470.04;344064;;23277395
KNTE;1841448;2024-04-03;2.65;2.65;2.65;2.65;2.65;0;;47225312
KNTK;17644000;2025-03-21;53.26;53.32;52.15;52.73;52.73;805140;;157518898
KNWN;12444363;2025-03-04;3.10;3.73;3.10;3.15;3.15;2146;;2810598
KNX;993639;2025-03-21;43.42;44.51;42.72;44.42;44.42;6223622;;161975633
KO;82117;2025-03-21;69.71;69.97;68.18;68.67;68.67;47401126;;4301000395
KOD;10656592;2025-03-21;3.12;3.30;3.01;3.28;3.28;563416;;52623774
KODK;1023511;2025-03-21;6.38;6.42;6.17;6.25;6.25;1453634;;80600000
KONAQ;884107;2021-06-23;0.08;0.08;0.08;0.08;0.08;16615;;13263825
KOP;7962690;2025-03-21;29.29;29.43;28.09;28.15;28.15;545221;;20485752
KOPN;807728;2025-03-21;1.35;1.40;1.32;1.38;1.38;1438599;;158800600
KORE;18126559;2025-03-21;2.59;2.59;2.43;2.58;2.58;7710;;17008356
KOS;998443;2025-03-21;2.28;2.33;2.24;2.26;2.26;13704265;;477904652
KOSS;13691216;2025-03-21;4.99;5.19;4.99;5.19;5.19;17829;;9375795
KPEA;13626517;2025-03-21;0.09;0.09;0.09;0.09;0.09;0;;400000000
KPLT;1237814;2025-03-21;11.46;13.64;11.46;12.90;12.90;21039;;4390519
KPTI;786011;2025-03-21;6.07;6.56;6.06;6.42;6.42;87311;;8420212
KR;258154;2025-03-21;64.72;65.64;64.68;65.40;65.40;7569385;;723606130
KRA;985521;2022-03-18;46.49;46.49;46.49;46.49;46.49;0;;32148000
KRBP;11036169;2025-03-21;0.60;0.60;0.29;0.31;0.31;222237;;1533272
KRC;117059;2025-03-21;34.30;34.75;34.09;34.37;34.37;2241774;;118136676
KREF;1345243;2025-03-21;11.21;11.40;11.18;11.38;11.38;1491569;;68713596
KRFT;359197;2015-07-10;88.19;88.19;88.19;88.19;88.19;0;;591940002
KRG;949714;2025-03-21;22.20;22.20;21.73;22.09;22.09;2791714;;219664567
KRMD;12442252;2025-03-21;2.89;2.95;2.79;2.81;2.81;90879;;45957115
KRNL;15091635;2024-08-05;12.45;14.20;7.74;10.30;10.30;154126;;
KRNY;7962810;2025-03-21;6.39;6.48;6.29;6.30;6.30;1182868;;64579683
KRO;726370;2025-03-21;7.76;7.78;7.61;7.71;7.71;281081;;115036016
KRON;15337171;2025-03-21;0.88;0.93;0.87;0.87;0.87;388370;;60969214
KROS;11795104;2025-03-21;11.35;11.51;11.18;11.22;11.22;1328516;;40562047
KRP;10384253;2025-03-21;14.16;14.25;13.98;14.01;14.01;607992;;14491540
KRT;10656532;2025-03-21;28.78;29.40;28.32;28.55;28.55;50560;;20036505
KRTX;11794932;2024-04-01;329.83;329.83;329.83;329.83;329.83;5;;38147652
KRUS;11795234;2025-03-21;52.70;55.16;52.33;55.13;55.13;282106;;11256048
KRYS;1294979;2025-03-21;187.52;188.53;185.62;187.15;187.15;322526;;28806078
KSICU;11820473;2023-03-16;10.14;10.14;10.13;10.13;10.13;10903;;17500000
KSPN;197548;2024-07-29;0.00;0.00;0.00;0.00;0.00;0;;4965000
KSS;186130;2025-03-21;8.30;8.61;8.18;8.28;8.28;14284192;0.12;111323544
KSU;99395;2021-12-13;293.89;297.00;289.03;293.59;293.59;40684807;;90980440
KT;1245425;2025-03-21;17.92;18.02;17.60;17.80;17.80;2186929;;246413422
KTB;10383942;2025-03-21;61.81;63.89;61.14;63.70;63.70;2416064;;55326048
KTCC;13730836;2025-03-21;2.75;2.80;2.72;2.75;2.75;36337;;10761871
KTOS;895821;2025-03-21;31.48;31.63;30.47;30.81;30.81;30448586;;152842507
KTTA;16682802;2025-03-21;1.16;1.24;1.12;1.24;1.24;58658;;1266427
KTWO;350257;2018-11-09;27.50;27.50;27.50;27.50;27.50;0;;43737010
KULR;16633072;2025-03-21;1.50;1.55;1.48;1.52;1.52;6743119;;192989619
KURA;795981;2025-03-21;7.85;8.04;7.59;7.84;7.84;2172551;;80754961
KURI;11819872;2021-10-21;9.62;9.97;9.19;9.20;9.20;147671;;12144523
KVACU;17836405;2025-03-21;11.20;11.20;11.20;11.20;11.20;0;;19366075
KVHI;9075880;2025-03-21;5.32;5.40;4.88;5.12;5.12;57256;;19764048
KVSA;11817369;2023-12-11;10.74;10.74;10.73;10.74;10.74;6313;;5990000
KVSC;11795256;2023-04-10;10.20;10.20;10.19;10.19;10.19;27190;;56330222
KVUE;9075752;2025-03-21;23.30;23.38;22.96;23.31;23.31;35334723;;1911240720
KW;949713;2025-03-21;8.94;8.94;8.70;8.84;8.84;1837322;;138007902
KWR;116818;2025-03-21;127.43;129.83;125.50;129.28;129.28;292481;;17671654
KYMR;11795054;2025-03-21;32.82;33.90;32.08;32.54;32.54;868196;;64944136
KZR;9075900;2025-03-21;5.65;6.07;5.65;5.89;5.89;6008;;7296222
L;378182;2025-03-21;87.75;88.66;86.91;87.25;87.25;2709678;;212861300
LAB;17644002;2025-03-21;1.16;1.22;1.14;1.21;1.21;2258610;;
LABL;35331;2019-07-01;50.10;50.10;49.95;50.01;50.01;1615970;;20543353
LAC;3307746;2025-03-21;3.02;3.04;2.92;3.01;3.01;5420030;;160679481
LAD;1050282;2025-03-21;299.47;306.67;297.59;306.21;306.21;294192;;26286746
LADR;998452;2025-03-21;11.62;11.66;11.41;11.49;11.49;1251557;;127106481
LAKE;243284;2025-03-21;18.74;19.32;18.61;18.76;18.76;249244;;7405604
LAMR;143321;2025-03-21;111.53;112.53;109.53;111.19;111.19;1205712;;100
LANC;253076;2025-03-21;173.49;176.13;173.19;175.33;175.33;735944;;27572000
LAND;1300438;2025-03-21;10.57;10.64;10.41;10.45;10.45;486085;;36184658
LANV;17622502;2025-03-21;2.24;2.50;2.15;2.43;2.43;129309;;145021452
LARK;130464;2025-03-21;27.02;28.55;27.00;27.30;27.30;42473;;5776282
LASR;7962860;2025-03-21;8.69;8.70;8.34;8.56;8.56;461036;;49030981
LATG;13950754;2025-01-15;9.00;12.00;8.32;11.90;11.90;16451;;
LAUR;6767549;2025-03-21;19.23;19.52;19.04;19.31;19.31;1873546;;150784847
LAW;17644004;2025-03-21;4.40;4.51;4.37;4.47;4.47;138099;;
LAYN;45965;2018-06-15;15.41;15.41;15.41;15.41;15.41;0;;20068036
LAZ;447656;2025-03-21;45.02;46.40;44.82;45.91;45.91;1683162;;112766091
LAZR;17644006;2025-03-21;7.00;8.50;6.80;8.35;8.35;11727927;;
LAZY;10656666;2024-01-16;5.53;5.74;5.27;5.34;5.34;52290;;11988899
LBAI;7962620;2024-05-15;13.45;13.52;13.09;13.43;13.43;773451;;65154526
LBC;7962858;2024-02-29;9.29;9.34;9.06;9.15;9.15;325907;;49407143
LBPH;12442240;2024-12-02;59.98;59.98;59.98;59.98;59.98;0;;39045703
LBRDA;1174185;2025-03-21;82.25;83.53;81.82;83.42;83.42;148739;;146000000
LBRT;6767529;2025-03-21;14.38;14.77;14.38;14.63;14.63;15673025;;161923807
LBTYA;670717;2025-03-21;11.81;11.93;11.65;11.67;11.67;2470876;;555695224
LBUY;653863;2025-03-21;0.02;0.02;0.02;0.02;0.02;217664;;100071075
LC;778892;2025-03-21;10.86;11.10;10.83;11.08;11.08;1247978;;113383917
LCAHU;11817628;2024-02-27;10.50;10.75;10.50;10.75;10.75;2000;;12500000
LCI;600871;2023-04-19;0.65;0.72;0.65;0.69;0.69;280660;;10292710
LCID;1291785;2025-03-21;2.27;2.44;2.25;2.42;2.42;98577154;;3031499851
LCII;6767445;2025-03-21;87.48;88.78;86.88;88.16;88.16;1397505;;25463227
LCNB;1092272;2025-03-21;14.74;14.91;14.68;14.85;14.85;42071;;14157962
LCTX;10656556;2025-03-21;0.49;0.54;0.49;0.51;0.51;6412406;;228356290
LCUT;276271;2025-03-21;5.55;5.55;5.20;5.40;5.40;92944;;22162879
LCW;17429509;2024-10-02;11.10;12.91;9.50;10.87;10.87;87771;;15088421
LDI;10656452;2025-03-21;1.38;1.49;1.38;1.42;1.42;2620114;;180330769
LDOS;902720;2025-03-21;134.27;134.75;132.08;133.83;133.83;3985937;;131167372
LDOS_old;625661;2025-03-21;134.27;134.75;132.08;133.83;133.83;3985937;;72800585
LDTC;18185434;2025-03-21;0.60;0.63;0.60;0.60;0.60;128461;;
LE;182473;2025-03-21;10.01;10.28;9.95;10.25;10.25;161341;;30929639
LEA;610198;2025-03-21;94.42;95.61;92.50;94.30;94.30;2534464;;53637383
LEAF;652547;2021-06-14;8.49;8.49;8.49;8.49;8.49;0;;36032095
LEAT;155590;2025-03-21;6.57;7.00;6.32;7.00;7.00;4670;;6215440
LECO;1056278;2025-03-21;192.00;193.73;190.60;192.02;192.02;1034376;;56095332
LEDS;93692;2025-03-21;2.07;2.14;2.04;2.11;2.11;18425;;7211738
LEE;652664;2025-03-21;9.82;10.88;9.82;10.35;10.35;30555;;6190939
LEG;378178;2025-03-21;8.13;8.28;8.03;8.22;8.22;21040006;;134733672
LEGH;998533;2025-03-21;25.67;25.90;24.91;25.74;25.74;139174;;24129362
LEGN;1334960;2025-03-21;37.08;37.37;36.00;36.95;36.95;1430612;;367298315
LEN;80077;2025-03-21;112.97;116.03;111.26;115.22;115.22;12322824;;265520557
LESL;10384160;2025-03-21;0.78;0.81;0.75;0.78;0.78;9662355;;185227353
LEU;3239480;2025-03-21;73.16;74.57;71.88;74.02;74.02;667540;;16765116
LEVI;705588;2025-03-21;15.59;16.14;15.45;16.05;16.05;3330064;;395880613
LEVL;9076279;2022-03-31;40.31;40.42;39.80;39.93;39.93;115657;;7565000
LFACU;11820444;2023-10-02;10.91;10.91;10.91;10.91;10.91;0;;18997108
LFCR;17644008;2025-03-21;6.50;6.72;6.43;6.55;6.55;559896;;30898255
LFG;1293028;2022-12-28;26.00;26.00;26.00;26.00;26.00;0;;81044814
LFMD;17644010;2025-03-21;5.56;5.70;5.47;5.60;5.60;643027;;
LFMDP;11817006;2025-03-21;24.45;27.44;24.29;24.44;24.44;13330;;44583688
LFST;11794986;2025-03-21;6.79;6.89;6.71;6.85;6.85;3135738;;384550152
LFUS;132253;2025-03-21;209.09;212.90;205.80;209.79;209.79;348588;;24713072
LFVN;1241829;2025-03-21;15.70;16.20;14.98;15.46;15.46;192006;;12551281
LGCY;795422;2025-03-21;6.81;7.22;6.74;6.86;6.86;30886;;61062850
LGF-B;6767483;2025-03-21;8.51;8.64;8.43;8.55;8.55;1357019;;240480559
LGIH;530141;2025-03-21;70.69;71.66;69.82;70.88;70.88;503960;;23397074
LGIQ;11035397;2025-03-21;0.01;0.01;0.01;0.01;0.01;82;;279447540
LGL;528980;2025-03-21;6.68;7.28;6.27;7.28;7.28;12084;;5373055
LGND;898544;2025-03-21;108.07;111.86;106.79;108.15;108.15;272192;;19255353
LGVN;14101618;2025-03-21;1.77;1.85;1.75;1.85;1.85;160952;;14927903
LGYV;11819505;2025-03-21;2.50;2.50;2.50;2.50;2.50;0;;50315064
LH;378177;2025-03-21;234.69;236.43;232.35;234.21;234.21;849212;;83700000
LHCG;693030;2023-02-22;169.81;169.81;169.81;169.81;169.81;0;;30565000
LHIL;14864236;2024-03-04;3.25;3.25;3.25;3.25;3.25;0;;4825000
LHX;248838;2025-03-21;210.09;210.77;207.12;207.98;207.98;1848291;;188313839
LIAN;11819826;2025-03-21;0.20;0.20;0.20;0.20;0.20;12059;;107162025
LICY;15204654;2025-02-26;0.88;0.90;0.83;0.84;0.84;571586;;23219938
LIDR;15585596;2025-03-21;0.68;0.71;0.67;0.69;0.69;335711;;18689669
LIFE;10656726;2024-06-04;1.86;1.95;1.82;1.90;1.90;268406;;69010940
LIFX;14159417;2025-03-21;13.00;13.00;13.00;13.00;13.00;0;;75527845
LII;98304;2025-03-21;568.61;571.61;562.74;569.55;569.55;741231;;35579664
LILA;6767553;2025-03-21;6.71;6.83;6.69;6.73;6.73;801857;;232609928
LILAK;17644012;2025-03-21;6.77;6.84;6.67;6.70;6.70;2245753;;
LIN;1117109;2025-03-21;453.74;458.63;449.38;458.33;458.33;4713511;;472911618
LINC;10656648;2025-03-21;15.60;15.65;14.96;14.98;14.98;258618;;31592807
LIND;7962728;2025-03-21;10.04;10.19;9.51;9.69;9.69;555230;;54318812
LINE;640898;2024-11-27;28.00;28.21;26.88;26.88;26.88;2531;;154333746
LINK;15464873;2025-03-21;6.86;6.86;6.04;6.48;6.48;12623;;9864214
LION;692284;2025-03-21;8.07;8.18;7.94;7.98;7.98;206423;;27657411
LIPO;14101614;2025-03-21;2.54;2.60;2.45;2.59;2.59;18222;;1208919
LIQT;15394198;2025-03-21;1.50;1.55;1.45;1.45;1.45;13687;;9449401
LITE;183087;2025-03-21;67.15;67.91;66.33;66.61;66.61;1761860;;69200000
LITM;17797195;2025-03-21;0.70;0.80;0.63;0.69;0.69;110274928;;
LITT;11817098;2023-06-15;10.24;10.24;10.24;10.24;10.24;1700;;42612014
LIVE;655099;2025-03-21;6.75;7.50;6.75;6.91;6.91;18553;;3106431
LIVN;678892;2025-03-21;39.91;40.24;39.16;39.48;39.48;1130508;;54351765
LIVX;9075786;2025-03-21;0.80;0.85;0.76;0.85;0.85;482350;;96092404
LIXT;11035962;2025-03-21;1.31;1.33;1.27;1.30;1.30;17957;;2249290
LKCRU;12444427;2025-03-21;6.00;6.00;6.00;6.00;6.00;0;;29620000
LKFN;6767701;2025-03-21;60.35;61.02;59.81;60.19;60.19;554603;;25555969
LKQ;124743;2025-03-21;40.85;40.87;40.12;40.40;40.40;7151091;;259154784
LKSD;941948;2021-03-10;0.02;0.03;0.02;0.02;0.02;269509;;33586062
LL;517434;2024-08-12;0.84;0.84;0.84;0.84;0.84;0;;30657355
LLAP;11819547;2024-10-30;0.25;0.25;0.25;0.25;0.25;0;;204355515
LLL;378176;2019-06-28;247.31;248.75;244.00;245.17;245.17;3744933;;77308876
LLNW;1014805;2022-06-15;2.42;2.51;2.38;2.46;2.46;1754132;;134023000
LLPP;1077531;2025-03-21;1.15;1.21;1.15;1.21;1.21;28859;;47620263
LLTC;178219;2017-03-20;65.00;65.00;65.00;65.00;65.00;0;;240775705
LLY;378181;2025-03-21;837.80;850.42;825.32;837.57;837.57;5939069;;948169999
LMAO;12444285;2022-10-28;10.50;22.00;9.80;12.35;12.35;560236;;13041000
LMAT;6767627;2025-03-21;83.70;84.98;82.52;83.49;83.49;1117227;;22558631
LMB;733746;2025-03-21;79.95;83.12;78.71;82.85;82.85;395941;;11353379
LMFA;11035939;2025-03-21;1.46;1.54;1.44;1.48;1.48;24724;;3397042
LMND;1070336;2025-03-21;33.52;35.54;33.33;34.58;34.58;1909258;;72820080
LMNR;1077535;2025-03-21;17.50;18.07;17.12;17.36;17.36;131374;;18045169
LMNX;9076249;2021-07-14;36.99;36.99;36.99;36.99;36.99;0;;45889000
LMST;12442278;2023-05-01;23.42;23.42;23.42;23.42;23.42;0;;7638855
LMT;103644;2025-03-21;478.09;481.50;432.51;439.70;439.70;7102890;;235385902
LNC;243942;2025-03-21;36.10;36.84;35.88;35.91;35.91;10377699;;170403822
LND;17797923;2025-03-21;3.85;3.91;3.80;3.86;3.86;11293;;102683444
LNG;260533;2025-03-21;230.00;230.10;226.83;226.83;226.83;2391255;;223665466
LNKB;16633074;2025-03-21;6.79;6.83;6.75;6.82;6.82;85622;;37370317
LNN;80469;2025-03-21;126.85;128.38;125.51;126.92;126.92;195620;;10846482
LNSR;14814693;2025-03-21;14.81;15.31;14.38;14.82;14.82;86337;;11789492
LNT;119577;2025-03-21;63.50;63.91;62.58;63.05;63.05;3630641;;256692381
LNTH;179201;2025-03-21;97.61;99.05;94.80;97.71;97.71;1055858;;68476575
LNZA;17644014;2025-03-21;0.40;0.41;0.37;0.40;0.40;2239830;;
LOAN;15071404;2025-03-21;5.72;5.76;5.64;5.64;5.64;13535;;11438651
LOB;6767799;2025-03-21;27.22;27.74;27.01;27.34;27.34;490303;;45565314
LOCC;1371314;2023-11-29;10.43;10.43;10.43;10.43;10.43;100000;;20000000
LOCL;16682788;2025-03-21;1.96;1.96;1.90;1.90;1.90;4582;;8643831
LOCMQ;666129;2025-03-21;0.00;0.00;0.00;0.00;0.00;0;;23306184
LOCO;7962906;2025-03-21;10.32;10.41;10.19;10.22;10.22;275577;;29777207
LODE;11034293;2025-03-21;2.50;2.92;2.35;2.83;2.83;1309811;;24238453
LOGI;353811;2025-03-21;89.64;90.30;89.33;89.97;89.97;459425;;149199581
LOGM;641732;2020-08-31;86.04;86.04;86.04;86.04;86.04;0;;49028170
LOPE;760533;2025-03-21;169.27;169.82;167.31;168.82;168.82;546936;;28724845
LORL;9076305;2022-02-28;41.52;41.52;41.52;41.52;41.52;21;;30933000
LOV;147014;2023-09-07;0.24;0.27;0.21;0.21;0.21;188492;;32176023
LOVE;1207326;2025-03-21;17.21;17.39;16.95;17.29;17.29;377594;;15432856
LOW;186050;2025-03-21;224.34;227.19;221.00;227.07;227.07;6309580;;564650005
LPCN;11035361;2025-03-21;3.60;3.60;3.16;3.54;3.54;7849;;5350356
LPG;976577;2025-03-21;23.12;23.32;22.71;23.03;23.03;4192879;;42804479
LPLA;639823;2025-03-21;327.76;330.95;322.14;327.90;327.90;824048;;74574576
LPRO;1338985;2025-03-21;3.08;3.29;2.95;3.25;3.25;1760551;;119350001
LPSN;975527;2025-03-21;0.90;0.97;0.90;0.92;0.92;676071;;91313969
LPTH;246855;2025-03-21;2.15;2.33;2.00;2.28;2.28;125844;;40160768
LPTV;11819193;2025-03-21;0.04;0.05;0.04;0.04;0.04;139706;;82953569
LPTX;11034699;2025-03-21;0.41;0.41;0.39;0.40;0.40;227217;;38317897
LPX;849042;2025-03-21;91.98;93.56;91.09;92.72;92.72;1053375;;69692101
LQDA;7962832;2025-03-21;15.18;15.62;15.08;15.12;15.12;1056986;;85298537
LQDT;533622;2025-03-21;30.38;31.66;30.33;31.60;31.60;859102;;31039308
LQMT;15091637;2025-03-21;0.04;0.08;0.04;0.07;0.07;10455817;;917285149
LRCX;101897;2025-03-21;76.00;76.37;75.27;75.84;75.84;19960784;;1283662000
LRDC;176863;2025-03-21;0.36;0.37;0.33;0.33;0.33;74678;;73921172
LRFC;15539335;2025-03-21;22.68;22.72;22.03;22.03;22.03;984;;2655898
LRMR;10656622;2025-03-21;2.47;2.56;2.44;2.54;2.54;655389;;63806628
LRN;10384209;2025-03-21;121.75;122.49;119.04;121.96;121.96;1030629;;43546641
LSBK;15394196;2025-03-21;15.93;15.94;15.79;15.89;15.89;4410;;5733075
LSCC;1234777;2025-03-21;59.44;60.98;59.03;60.67;60.67;2069272;;137830605
LSDI;13810648;2024-09-13;0.01;0.01;0.00;0.00;0.00;441;;1764630
LSE;18266284;2025-03-21;7.91;8.25;6.24;6.63;6.63;246745;;15500000
LSEA;10656570;2025-03-21;7.52;7.52;6.79;6.96;6.96;1936771;;36330297
LSI;901127;2023-07-19;135.00;139.20;132.94;133.10;133.10;7205202;;84322000
LSI_old;447735;2023-07-19;135.00;139.20;132.94;133.10;133.10;7205202;;848056367
LSTR;770173;2025-03-21;145.46;149.37;145.46;149.08;149.08;1380481;;35316073
LSXMA;629561;2024-09-09;22.49;22.88;22.08;22.29;22.29;2750480;;331113697
LSYN;954544;2022-05-13;3.75;3.75;3.75;3.75;3.75;0;;26588220
LTBR;11034815;2025-03-21;9.01;9.23;8.75;8.95;8.95;872349;;20357551
LTC;949721;2025-03-21;34.72;34.94;34.40;34.62;34.62;652875;0.19;45450613
LTCH;1297055;2025-03-21;0.16;0.22;0.16;0.16;0.16;15709;;160958647
LTH;11794964;2025-03-21;30.37;30.82;29.70;30.67;30.67;2345243;;209592785
LTHM;920443;2024-01-04;16.51;16.51;16.51;16.51;16.51;0;;179700000
LTMAY;18526127;2024-07-24;97.00;97.00;97.00;97.00;97.00;0;;302218939
LTRN;15271646;2025-03-21;3.65;3.82;3.58;3.82;3.82;28255;;10784725
LTRPA;651624;2025-03-21;0.24;0.25;0.24;0.25;0.25;102548;;77899922
LTRX;172507;2025-03-21;2.76;2.77;2.67;2.71;2.71;137799;;38789664
LTUM;11035709;2025-03-21;0.02;0.03;0.02;0.03;0.03;43450;;117892441
LUCD;15464881;2025-03-21;1.56;1.60;1.51;1.52;1.52;1081165;;59342479
LUCY;15464877;2025-03-21;3.37;3.37;3.23;3.37;3.37;21375;;2442248
LULU;90670;2025-03-21;317.64;324.38;311.00;322.62;322.62;1983764;;116667564
LUMN;373834;2025-03-21;4.80;4.98;4.76;4.92;4.92;19399276;;1013799349
LUMO;809595;2024-12-12;4.34;4.34;4.34;4.34;4.34;0;;8648618
LUNA;816577;2025-03-21;0.69;0.72;0.69;0.70;0.70;3429;;32800690
LUNG;1253400;2025-03-21;7.58;7.84;7.58;7.77;7.77;371967;;39796420
LUNR;15464879;2025-03-21;6.81;7.24;6.81;7.09;7.09;12831089;;84172557
LUV;205563;2025-03-21;33.77;34.89;33.68;34.83;34.83;21435793;;592661084
LUXH;17429447;2025-03-21;0.06;0.07;0.06;0.06;0.06;59815;;2262317
LVGO;936620;2020-10-30;139.77;139.77;139.77;139.77;139.77;0;;100308000
LVLT;378179;2017-11-01;53.63;53.63;53.63;53.63;53.63;0;;362799950
LVLU;12444755;2025-03-21;0.54;0.55;0.44;0.45;0.45;649100;;42030938
LVO;17644016;2025-03-21;0.80;0.85;0.76;0.85;0.85;482350;;
LVOX;10656552;2023-12-22;3.73;3.75;3.73;3.73;3.73;318302;;92842000
LVRO;17797927;2025-03-21;3.54;3.64;3.49;3.52;3.52;2492;;116608329
LVS;1076498;2025-03-21;42.38;42.44;40.90;41.93;41.93;7703366;;715934671
LVVR;15585634;2024-12-02;3.40;3.40;3.40;3.40;3.40;0;;12700000
LVWR;14076246;2025-03-21;1.96;2.10;1.93;2.02;2.02;79496;;203474743
LW;1077538;2025-03-21;52.34;53.40;52.10;53.08;53.08;4602025;;142640697
LWAY;11033900;2025-03-21;23.69;24.10;23.69;23.85;23.85;92771;;15203241
LWLG;11795340;2024-02-29;4.26;4.33;4.16;4.21;4.21;650635;;114410947
LWLW;16633076;2025-01-17;0.10;0.10;0.10;0.10;0.10;0;;80393905
LXFR;14101616;2025-03-21;11.73;11.88;11.46;11.58;11.58;196504;;26742074
LXP;949715;2025-03-21;8.98;8.98;8.71;8.73;8.73;4725721;;295728056
LXRP;748226;2021-01-11;0.23;0.25;0.21;0.22;0.22;2151506;;80720879
LXRX;56235;2025-03-21;0.34;0.37;0.34;0.36;0.36;4215955;;361492295
LXU;926950;2025-03-21;7.13;7.19;6.91;6.97;6.97;898151;;71849398
LYB;378183;2025-03-21;72.07;72.19;70.75;71.55;71.55;12969493;;323446166
LYEL;11795284;2025-03-21;0.53;0.59;0.52;0.58;0.58;1287157;;295228868
LYFT;939173;2025-03-21;11.56;12.05;11.39;11.98;11.98;38635021;;418008556
LYG;18300843;2025-03-21;3.69;3.76;3.69;3.74;3.74;24326178;;63569225662
LYRA;15394200;2025-03-21;0.16;0.18;0.15;0.17;0.17;848226;;65880561
LYTS;10656500;2025-03-21;17.33;17.45;17.02;17.33;17.33;196815;;29921385
LYV;682157;2025-03-21;121.07;123.07;119.25;123.06;123.06;3065700;;233401156
LZ;1271647;2025-03-21;9.31;9.36;9.21;9.32;9.32;2270208;;176089714
LZB;63005;2025-03-21;38.60;38.77;38.13;38.42;38.42;4119963;;41288847
LZM;17644018;2025-03-21;4.43;4.43;4.23;4.37;4.37;195800;;
M;185124;2025-03-21;13.12;13.44;13.11;13.24;13.24;5706068;;277635790
MA;331628;2025-03-21;535.44;538.05;530.75;535.69;535.69;5928227;;911708506
MAA;744578;2025-03-21;161.85;162.62;159.57;161.27;161.27;1470674;;116901778
MAC;378184;2025-03-21;17.08;17.38;16.82;17.21;17.21;5548455;;252496876
MACK;819013;2024-05-28;15.13;15.13;15.13;15.13;15.13;0;;14788369
MACQ;11795232;2021-12-22;9.98;9.98;9.50;9.66;9.66;72559;;39531200
MAIA;15337173;2025-03-21;1.72;1.80;1.70;1.76;1.76;148589;;25332069
MAIN;10383653;2025-03-21;57.58;57.97;57.24;57.54;57.54;1007088;;88556229
MAMA;17644020;2025-03-21;6.36;6.49;6.35;6.41;6.41;347594;;
MAMS;265007;2019-10-21;12.12;12.12;12.12;12.12;12.12;0;;12624973
MAN;348449;2025-03-21;58.71;58.76;57.10;57.68;57.68;1522902;;46692203
MANH;105128;2025-03-21;169.86;174.13;168.30;171.08;171.08;2841339;;61124051
MANT;9076252;2022-09-16;95.98;95.98;95.98;95.98;95.98;98;;40937000
MANU;17685544;2025-03-21;13.75;13.94;13.69;13.76;13.76;179396;;55016448
MAPS;10656716;2025-03-21;1.24;1.34;1.24;1.34;1.34;1052852;;152434611
MAR;98192;2025-03-21;235.79;237.94;229.38;237.49;237.49;4293313;;275695298
MARA;914944;2025-03-21;12.26;12.48;12.08;12.38;12.38;42714674;;272956165
MARK;652365;2025-03-21;0.05;0.05;0.04;0.05;0.05;531318;;61902455
MARX;13511318;2025-01-02;7.26;9.07;2.19;2.48;2.48;802814;;9292000
MAS;255010;2025-03-21;69.47;69.73;68.52;69.60;69.60;6155091;;211983493
MASI;350340;2025-03-21;168.00;168.65;164.41;165.82;165.82;695725;;53948792
MASS;1250892;2025-03-21;4.09;4.70;4.07;4.53;4.53;1216223;;35329993
MAT;378187;2025-03-21;19.83;20.18;19.64;19.80;19.80;22635136;;330200000
MATR;1072403;2018-08-20;2.68;2.68;2.68;2.68;2.68;0;;33208305
MATV;17644022;2025-03-21;6.11;6.27;5.83;6.09;6.09;14021189;;
MATW;6767717;2025-03-21;22.99;23.34;22.93;23.15;23.15;504781;;30968686
MATX;885542;2025-03-21;128.10;129.47;126.91;129.23;129.23;2358695;;32863714
MAX;11817759;2025-03-21;9.67;9.99;9.64;9.72;9.72;698340;;67030133
MAXR;1145425;2023-05-08;52.99;52.99;52.99;52.99;52.99;0;;74300000
MAYS;13511448;2025-03-21;38.99;38.99;38.88;38.88;38.88;378;;2015780
MB;698225;2019-02-15;36.46;36.46;36.46;36.46;36.46;0;;47919126
MBBC;13841945;2025-03-21;13.75;14.05;13.75;13.75;13.75;3892;;2135761
MBC;14101620;2025-03-21;13.60;13.69;13.28;13.35;13.35;3185279;;127649029
MBCN;9075874;2025-03-21;25.66;27.31;25.66;26.87;26.87;38242;;8081302
MBFI;447767;2019-03-21;43.60;43.71;42.16;42.38;42.38;35365244;;84479464
MBI;7962796;2025-03-21;5.47;5.54;5.39;5.46;5.46;377711;;50971033
MBII;9076349;2022-09-07;0.80;0.80;0.80;0.80;0.80;38;;182261000
MBIN;6767775;2025-03-21;38.44;39.26;37.58;38.22;38.22;273457;;45850904
MBIO;809799;2025-03-21;1.44;1.49;1.38;1.40;1.40;61197;;938697
MBLY;14076248;2025-03-21;13.97;14.57;13.87;14.56;14.56;2137127;;811726477
MBOT;705845;2025-03-21;1.65;1.77;1.65;1.70;1.70;1143920;;16932341
MBRX;11035340;2025-03-21;1.04;1.12;1.03;1.09;1.09;519991;;3001895
MBUU;1338977;2025-03-21;30.74;30.74;29.02;29.55;29.55;325733;;19635306
MBWM;815912;2025-03-21;44.09;44.57;43.59;44.25;44.25;179027;;16230912
MC;878834;2025-03-21;59.88;61.51;59.67;60.89;60.89;5664632;;74941601
MCAC;15112473;2025-03-21;0.61;0.61;0.54;0.58;0.58;452940;;21249057
MCAD;11819618;2024-05-24;0.01;0.01;0.01;0.01;0.01;190448;;2463428
MCB;9075824;2025-03-21;54.76;55.34;54.32;55.13;55.13;149135;;11225125
MCBC;745864;2024-08-01;14.82;14.82;14.82;14.82;14.82;0;;34361562
MCBS;10656490;2025-03-21;27.08;27.36;26.91;27.20;27.20;94417;;25402782
MCD;243628;2025-03-21;306.39;307.00;301.64;305.44;305.44;6001078;;714461139
MCF;684099;2021-12-07;3.36;3.37;3.15;3.22;3.22;3621013;;200686671
MCFT;208137;2025-03-21;17.50;17.55;17.07;17.30;17.30;260123;;16752512
MCHP;333440;2025-03-21;50.62;52.37;49.92;51.72;51.72;29349565;;537818969
MCHX;11033911;2025-03-21;1.90;1.90;1.75;1.85;1.85;59525;;43714230
MCK;380928;2025-03-21;666.72;670.79;657.85;661.17;661.17;1962509;;125326376
MCLE;13511296;2025-03-21;0.27;0.60;0.26;0.26;0.26;18510;;5920000
MCMJ;11819265;2025-03-21;0.20;0.28;0.20;0.28;0.28;522;;3074202
MCO;88874;2025-03-21;456.13;459.88;452.94;459.49;459.49;1074426;;180000000
MCRB;7962688;2025-03-21;0.74;0.74;0.70;0.71;0.71;870546;;174358753
MCRI;6767653;2025-03-21;80.45;81.45;79.17;81.19;81.19;166740;;18461306
MCS;7962758;2025-03-21;17.63;17.63;17.22;17.44;17.44;386799;;6984584
MCW;1248289;2025-03-21;8.10;8.18;8.02;8.10;8.10;1801185;;324053935
MCY;1234778;2025-03-21;56.32;56.68;55.40;55.93;55.93;839634;;55388627
MD;905672;2025-03-21;13.95;14.38;13.85;14.21;14.21;2597770;;85829575
MDB;720635;2025-03-21;185.47;193.54;184.55;192.54;192.54;2183798;;74470596
MDC;6767435;2024-04-19;62.98;62.98;62.98;62.98;62.98;0;;75047701
MDGL;3307750;2025-03-21;331.93;344.19;330.03;341.62;341.62;271768;;22080246
MDH;11817660;2022-12-29;9.70;10.51;9.70;10.04;10.04;143952;;27600000
MDIA;11035196;2025-03-21;1.12;1.18;1.11;1.17;1.17;5366;;24947000
MDLZ;378190;2025-03-21;63.90;64.70;63.70;64.51;64.51;25400777;;1293525167
MDP;253689;2021-12-01;59.10;59.16;59.02;59.07;59.07;3338071;;40719945
MDR;638112;2020-01-22;0.70;0.70;0.70;0.70;0.70;0;;193000000
MDRRP;11817964;2025-01-10;25.11;25.11;25.11;25.11;25.11;0;;1115260
MDRX;495816;2025-03-21;4.80;4.80;4.30;4.50;4.50;212981;;108264904
MDSO;497390;2019-10-28;92.24;92.26;92.21;92.22;92.22;7301589;;62456410
MDT;73420;2025-03-21;90.56;90.84;89.63;90.33;90.33;12561308;;1282543505
MDU;1063682;2025-03-21;16.90;17.03;16.68;16.77;16.77;3742651;;204331170
MDV;14864240;2025-03-21;15.80;15.90;15.53;15.58;15.58;43054;;
MDVL;11035699;2024-02-12;2.51;2.54;1.74;1.80;1.80;241056;;35964900
MDWD;17644024;2025-03-21;16.86;16.86;16.22;16.27;16.27;239922;;10793057
MDXG;693702;2025-03-21;7.92;8.00;7.84;7.94;7.94;1166285;;147366056
ME;11795194;2025-03-21;1.75;1.83;1.71;1.79;1.79;205515;;26826888
MEC;11819932;2025-03-21;14.18;14.66;13.96;13.99;13.99;100848;;20419823
MECK;666666;2018-04-10;0.00;0.00;0.00;0.00;0.00;0;;6057662
MED;951290;2025-03-21;14.24;14.46;14.14;14.34;14.34;534737;;10937830
MEDF;662704;2022-04-29;0.00;0.00;0.00;0.00;0.00;0;;105109341
MEDP;989058;2025-03-21;314.83;324.36;310.29;324.23;324.23;431154;;30466806
MEDS;11036223;2025-03-21;1.75;2.16;1.62;2.01;2.01;2602686;;8576795
MEEC;16633078;2025-03-21;0.52;0.52;0.50;0.50;0.50;58444;;96153153
MEET;652598;2020-09-04;6.29;6.29;6.29;6.29;6.29;0;;72854749
MEG;10384287;2025-03-21;14.51;15.04;14.28;14.63;14.63;1820498;;34339764
MEI;64377;2025-03-21;6.60;6.75;6.56;6.68;6.68;684752;;35690749
MEIP;187582;2025-03-21;2.31;2.33;2.30;2.30;2.30;4249;;6662857
MELI;884834;2025-03-21;2037.50;2097.11;2020.00;2095.27;2095.27;440568;;50697375
MENI;663942;2025-03-21;0.00;0.00;0.00;0.00;0.00;0;;91827466
MENT;181078;2017-03-31;37.25;37.25;37.25;37.25;37.25;0;;110383000
MEPW;11818626;2025-03-20;1.30;1.30;1.30;1.30;1.30;0;;7375000
MERC;10656414;2025-03-21;6.54;6.64;6.45;6.51;6.51;925040;;66870774
MESA;9076054;2025-03-21;0.92;0.95;0.90;0.90;0.90;89464;;41313221
MESO;17612554;2025-03-21;13.75;14.06;13.60;13.94;13.94;270576;;1141784114
MET;380562;2025-03-21;82.07;82.82;81.38;82.36;82.36;5676027;;681228028
META;121021;2025-03-21;583.42;597.54;580.95;596.25;596.25;24921612;;2533659265
METC;7962936;2025-03-21;8.96;9.05;8.59;8.79;8.79;2008803;;53999703
METCB;17644026;2025-03-21;7.99;8.37;7.84;7.90;7.90;225763;;
MFA;761717;2025-03-21;10.98;11.07;10.85;10.87;10.87;2200060;;102082499
MFAC;1351641;2025-01-31;5.00;5.16;4.99;5.00;5.00;128427;;12099490
MFIN;10656678;2025-03-21;8.72;8.84;8.70;8.80;8.80;85267;;23262103
MFON;714287;2025-03-21;0.35;0.35;0.35;0.35;0.35;0;;70466103
MFRM;54697;2016-09-19;64.02;64.02;64.02;64.02;64.02;0;;37228002
MG;9075806;2025-03-21;10.11;10.82;10.10;10.58;10.58;397245;;31032045
MGCD;55248;2018-01-08;11.03;11.03;11.03;11.03;11.03;0;;4409088
MGEE;703431;2025-03-21;92.33;92.63;90.84;91.31;91.31;360095;;36507340
MGI;6767807;2023-06-01;10.99;10.99;10.99;10.99;10.99;0;;97200000
MGLD;13841947;2025-03-21;0.93;0.98;0.90;0.96;0.96;23097;;42142182
MGLN;945856;2022-01-04;94.99;94.99;94.99;94.99;94.99;0;;26126570
MGM;139431;2025-03-21;32.02;32.22;31.16;31.42;31.42;13125475;;285550604
MGNI;683438;2025-03-21;13.18;13.62;12.93;13.30;13.30;3168646;;142951374
MGNX;790123;2025-03-21;2.08;2.18;1.89;2.00;2.00;1168075;;63090323
MGP;949731;2022-05-19;41.64;41.64;41.64;41.64;41.64;0;;156818000
MGPI;968242;2025-03-21;29.97;30.30;29.53;29.55;29.55;421897;;21270343
MGRC;6767509;2025-03-21;114.64;114.64;112.46;113.41;113.41;219502;;24551184
MGRM;15204656;2025-03-21;3.08;3.20;3.04;3.18;3.18;124027;;35289444
MGTA;9076108;2023-09-11;0.71;0.76;0.68;0.70;0.70;376060;;60650473
MGTX;9075762;2025-03-21;7.54;7.64;7.37;7.56;7.56;849485;;78854936
MGY;11794952;2025-03-21;25.26;25.45;24.86;25.12;25.12;24733824;;194159311
MGYR;13511382;2025-03-21;14.20;14.40;14.14;14.40;14.40;5301;;6479621
MHH;160053;2025-03-21;10.45;10.52;10.07;10.36;10.36;15576;;11743292
MHK;333439;2025-03-21;112.14;113.06;110.80;111.87;111.87;1695587;;62587228
MHLD;9075860;2025-03-21;0.68;0.73;0.67;0.70;0.70;328203;;99039253
MHO;1251881;2025-03-21;114.31;116.42;113.55;115.88;115.88;688307;;27114451
MIC;345220;2022-07-21;4.09;4.09;4.09;4.09;4.09;0;;87593632
MICR;706150;2025-03-21;0.00;0.00;0.00;0.00;0.00;0;;2906608709
MICT;706645;2023-02-24;0.90;0.94;0.88;0.93;0.93;186033;;129566207
MIDD;993573;2025-03-21;152.54;155.00;150.74;154.41;154.41;1954947;;53624590
MIK;50465;2021-04-15;21.97;21.97;21.97;21.97;21.97;0;;141610518
MIND;198210;2025-03-21;7.01;7.13;6.72;7.05;7.05;70061;;7969421
MIR;10384183;2025-03-21;14.92;15.39;14.67;15.22;15.22;3108097;;232423021
MIRA;16682792;2025-03-21;1.22;1.29;1.15;1.28;1.28;205124;;14780885
MIRM;10384273;2025-03-21;47.87;48.49;46.89;47.02;47.02;896068;;49014190
MIST;998596;2025-03-21;1.93;1.97;1.87;1.90;1.90;2206461;;53353984
MIT;11795258;2023-02-02;10.13;10.14;10.13;10.14;10.14;1653260;;50000000
MITK;369106;2025-03-21;8.95;9.19;8.87;9.17;9.17;996929;;45243715
MITQ;13841943;2025-03-21;0.55;0.56;0.54;0.54;0.54;23400;;9896850
MITT;10656728;2025-03-21;7.82;7.87;7.66;7.67;7.67;365645;;29658830
MIXT;10656640;2025-03-21;14.55;14.55;14.55;14.55;14.55;0;;554020612
MIXX;103135;2025-03-21;0.00;0.00;0.00;0.00;0.00;0;;15001907
MJCO;110826;2020-09-21;15.97;16.06;15.97;16.00;16.00;903458;;43372515
MJN;378188;2017-07-14;89.98;89.98;89.98;89.98;89.98;0;;183640008
MJTK;659836;2021-04-14;0.00;0.00;0.00;0.00;0.00;4589999;;2538251030
MKC;251282;2025-03-21;80.58;81.25;79.85;80.17;80.17;3762154;;15636290
MKFG;1380978;2025-03-21;2.75;2.99;2.69;2.94;2.94;31768;;20620035
MKL;205470;2025-03-21;1840.37;1849.53;1827.20;1836.58;1836.58;54155;;12770003
MKSI;447843;2025-03-21;88.59;89.54;87.08;88.17;88.17;1472271;;67377585
MKTW;14864238;2025-03-21;0.51;0.55;0.51;0.54;0.54;475569;;40013518
MKTX;118024;2025-03-21;217.32;219.17;216.66;216.87;216.87;794275;;37693220
ML;11817091;2025-03-21;87.62;88.42;87.62;87.72;87.72;132061;;11320094
MLAB;43619;2025-03-21;122.77;125.14;120.58;125.14;125.14;71066;;5433607
MLCT;16453523;2025-03-21;0.16;0.16;0.16;0.16;0.16;0;;101023485
MLEC;17776543;2025-03-21;0.72;0.72;0.71;0.71;0.71;1738;;38440602
MLI;1338979;2025-03-21;78.36;78.70;76.56;77.25;77.25;3196053;;113267514
MLKN;1063680;2025-03-21;18.85;18.85;18.28;18.49;18.49;1733977;;68158992
MLM;378186;2025-03-21;480.10;481.82;472.31;477.03;477.03;850187;;60974146
MLNK;11795130;2025-03-21;19.09;19.23;18.90;19.07;19.07;300859;;76626179
MLP;9075820;2025-03-21;17.86;18.19;17.76;18.09;18.09;42261;;19631630
MLR;7962882;2025-03-21;43.78;44.27;42.34;42.76;42.76;479424;;11439292
MLSS;18113584;2025-03-21;0.93;1.02;0.93;1.01;1.01;118276;;77892083
MLTX;14159419;2025-03-21;39.97;42.05;39.86;40.12;40.12;550312;;64012047
MLVF;1249732;2023-07-17;16.97;16.97;16.97;16.97;16.97;0;;7578873
MLYS;15337177;2025-03-21;16.60;17.26;16.56;16.87;16.87;832437;;49835637
MMAC;11794918;2021-09-15;27.77;27.77;27.77;27.77;27.77;56;;5824000
MMC;85544;2025-03-21;233.04;233.95;231.26;232.31;232.31;3036310;;491131126
MMEG;659865;2019-09-05;0.01;0.01;0.01;0.01;0.01;1883;;10967374360
MMI;134979;2025-03-21;35.65;35.83;35.06;35.41;35.41;349404;;38888092
MMLP;13992943;2025-03-21;3.68;3.75;3.56;3.70;3.70;165770;;39055086
MMM;22219;2025-03-21;149.90;150.76;148.07;150.36;150.36;5510539;;542900000
MMMB;233893;2023-08-01;3.85;3.85;3.65;3.75;3.75;190337;;36394033
MMP;918211;2023-09-25;69.00;69.00;69.00;69.00;69.00;0;;211600000
MMS;447855;2025-03-21;66.66;67.24;65.00;67.24;67.24;1870778;;56600398
MMSI;1173714;2025-03-21;100.41;101.98;100.22;101.68;101.68;1220258;;58834568
MMTIF;18445946;2025-03-21;0.04;0.05;0.04;0.05;0.05;1121539;;572985698
MN;826501;2022-10-28;12.85;12.85;12.85;12.85;12.85;0;;18523055
MNDT;276492;2022-09-16;22.98;22.98;22.98;22.98;22.98;3762;;233218000
MNDY;1242006;2025-03-21;258.48;268.38;257.96;265.45;265.45;580708;;50773337
MNI;653890;2020-02-13;0.75;0.75;0.75;0.75;0.75;0;;7930626
MNK;365935;2022-07-18;0.02;0.02;0.02;0.02;0.02;0;;13200000
MNKD;486138;2025-03-21;5.23;5.23;5.16;5.22;5.22;2505191;;303591344
MNMD;14122313;2025-03-21;6.51;6.83;6.51;6.72;6.72;2188503;;75368359
MNOV;9076014;2025-03-21;1.56;1.56;1.52;1.53;1.53;21152;;49046246
MNPR;11035764;2025-03-21;46.00;46.00;35.46;40.00;40.00;59487;;5277796
MNR;949732;2025-03-21;15.00;15.28;14.85;15.20;15.20;95516;;98388000
MNRL;998444;2022-12-28;33.50;33.50;32.00;32.50;32.50;3018992;;53943000
MNRO;989056;2025-03-21;16.90;17.34;16.79;17.20;17.20;2247455;;29949383
MNSB;10656674;2025-03-21;17.04;17.30;17.04;17.28;17.28;14387;;7728106
MNST;333441;2025-03-21;56.36;57.56;56.28;57.31;57.31;7623796;;973158896
MNTK;11795188;2025-03-21;2.11;2.29;2.01;2.18;2.18;581603;;142434501
MNTN;13511354;2025-03-21;11.00;11.00;11.00;11.00;11.00;0;;21562500
MNTV;997480;2023-05-31;9.45;9.46;9.45;9.45;9.45;7548533;;148476000
MNTX;9076002;2025-01-02;5.80;5.80;5.80;5.80;5.80;0;;
MO;133574;2025-03-21;58.13;58.13;57.07;57.60;57.60;33767870;;1717626424
MOBL;118286;2020-12-01;7.04;7.04;7.04;7.04;7.04;0;;118584315
MOD;6767737;2025-03-21;86.00;89.00;85.01;88.57;88.57;1276025;;52574000
MODD;13810650;2025-03-21;1.09;1.14;1.02;1.14;1.14;347759;;40665220
MODG;17644028;2025-03-21;6.49;6.91;6.41;6.75;6.75;4093043;;
MODN;1251887;2024-06-27;30.00;30.00;30.00;30.00;30.00;0;;39422997
MODV;492538;2025-03-21;2.15;2.23;2.07;2.12;2.12;492850;;14340049
MOFG;7962982;2025-03-21;29.34;29.88;29.05;29.50;29.50;303020;;20815715
MOG-A;6767441;2025-03-21;173.53;175.47;171.16;175.17;175.17;833438;;31595104
MOGO;1241346;2025-03-21;0.94;0.96;0.93;0.95;0.95;11863;;24515909
MOGU;16198959;2025-03-21;2.10;2.25;2.02;2.11;2.11;48717;;2464803304
MOH;1178120;2025-03-21;314.40;317.91;307.29;309.93;309.93;1041967;;55500000
MOLN;18482568;2025-03-21;4.08;4.08;3.93;3.93;3.93;611;;40363095
MOND;17644030;2025-02-24;0.00;0.00;0.00;0.00;0.00;11;;87416133
MON_delisted;79638;2018-03-23;118.05;118.05;117.69;117.71;117.71;143;;441200613
MORF;10384111;2024-08-16;56.99;56.99;56.99;56.99;56.99;200;;50224699
MORN;979788;2025-03-21;297.18;298.96;293.02;298.12;298.12;431907;;42839680
MOS;94993;2025-03-21;28.18;28.31;27.76;27.83;27.83;7382255;;316939231
MOV;250875;2025-03-21;17.71;17.98;17.55;17.61;17.61;266481;;22142856
MP;11794974;2025-03-21;26.20;26.20;24.96;25.90;25.90;4614284;;163442217
MPAA;9076052;2025-03-21;10.19;10.32;10.04;10.32;10.32;131402;;19583711
MPAD;13714913;2024-12-30;19.96;19.97;19.96;19.97;19.97;700;;2578315
MPB;7962964;2025-03-21;25.71;26.04;25.15;25.39;25.39;484864;;19355997
MPC;353184;2025-03-21;151.09;152.05;147.84;149.96;149.96;6796928;;312575833
MPLN;1291787;2025-03-21;19.55;21.91;19.50;21.06;21.06;290166;;16198024
MPLX;11794908;2025-03-21;53.88;54.00;53.40;53.70;53.70;5143465;;1022509781
MPTI;15464883;2025-03-21;38.13;38.53;37.39;37.39;37.39;9381;;3439019
MPW;949729;2025-03-21;5.90;6.01;5.87;5.98;5.98;14301411;;600600000
MPWR;118204;2025-03-21;590.77;598.01;575.00;590.98;590.98;1692849;;
MPX;953278;2025-03-21;8.10;8.30;8.10;8.26;8.26;40166;;34961460
MQ;11795010;2025-03-21;4.50;4.50;4.36;4.42;4.42;6975425;;504321567
MRAI;15539339;2025-03-21;0.98;0.98;0.95;0.95;0.95;2596;;13747982
MRAM;906016;2025-03-21;5.16;5.26;5.10;5.21;5.21;215522;;22141045
MRBK;15204658;2025-03-21;14.15;14.17;13.95;13.96;13.96;51000;;11285278
MRC;558197;2025-03-21;12.13;12.20;11.87;11.91;11.91;2233179;;86083438
MRCC;10656672;2025-03-21;7.84;7.84;7.75;7.78;7.78;35661;;21666340
MRCY;166196;2025-03-21;45.96;46.39;45.10;45.29;45.29;923094;;59681157
MRDB;13511306;2024-09-04;0.55;0.55;0.55;0.55;0.55;0;;69067030
MREO;15585638;2025-03-21;2.54;2.57;2.38;2.38;2.38;1043866;;775728034
MRIN;11035742;2025-03-21;1.41;1.42;1.40;1.40;1.40;4975;;3143449
MRK;262201;2025-03-21;94.58;94.68;93.07;93.11;93.11;68144660;;2526036240
MRKR;15539337;2025-03-21;1.26;1.29;1.22;1.25;1.25;56610;;8923490
MRLN;9076309;2022-01-20;23.49;23.49;23.49;23.49;23.49;0;;11876147
MRMD;12444369;2025-03-21;0.10;0.11;0.10;0.10;0.10;831249;;382173979
MRNA;917766;2025-03-21;32.05;32.80;31.52;32.66;32.66;9238835;;385815877
MRNS;10656458;2025-02-11;0.55;0.55;0.55;0.55;0.55;260;;55185622
MRO;378185;2024-11-22;28.55;28.55;28.55;28.55;28.55;0;;564035502
MRSN;808876;2025-03-21;0.43;0.45;0.40;0.43;0.43;3591992;;124631339
MRTN;6767569;2025-03-21;13.54;13.82;13.45;13.75;13.75;1203966;;81463938
MRTX;782022;2024-01-23;58.70;58.70;58.70;58.70;58.70;0;;56219416
MRUS;14122311;2025-03-21;47.62;48.72;47.07;47.24;47.24;469270;;69090469
MRVI;10383612;2025-03-21;2.12;2.38;2.07;2.27;2.27;12718904;;143450319
MRVL;198029;2025-03-21;68.60;70.79;68.44;70.39;70.39;11881686;;865600000
MS;86439;2025-03-21;119.35;120.88;118.30;120.14;120.14;10857967;;1612855585
MSA;898420;2025-03-21;149.50;150.20;148.23;149.85;149.85;669422;;39251698
MSB;1171698;2025-03-21;27.96;28.18;26.45;27.21;27.21;44829;;13120010
MSBI;7962854;2025-03-21;17.91;18.11;17.54;17.82;17.82;215655;;21401485
MSCC;361632;2018-05-29;68.74;68.74;68.74;68.74;68.74;170931;;117959591
MSCI;549638;2025-03-21;561.97;563.73;554.75;562.56;562.56;819846;;77651999
MSEX;6767685;2025-03-21;59.57;60.45;59.28;59.97;59.97;821048;;17887454
MSFT;59265;2025-03-21;383.21;391.74;382.80;391.26;391.26;38559926;;7433982235
MSGE;1033569;2025-03-21;33.74;33.92;33.23;33.85;33.85;633213;;35826948
MSGM;16532288;2025-03-21;1.22;1.24;1.10;1.21;1.21;95351;;3883558
MSGN;9076255;2021-07-09;14.17;14.17;14.17;14.17;14.17;0;;57062000
MSGS;6480994;2025-03-21;196.78;198.53;195.14;198.52;198.52;264630;;24009862
MSI;333970;2025-03-21;422.34;424.88;419.09;422.71;422.71;1131357;;166936952
MSM;87559;2025-03-21;77.39;77.91;76.93;77.54;77.54;1990733;;55903690
MSN;13950758;2025-03-21;0.45;0.50;0.44;0.50;0.50;21494;;21042652
MSTR;3307753;2025-03-21;295.70;306.39;293.05;304.00;304.00;21773999;;16968125
MT;18500276;2025-03-21;31.42;31.66;31.16;31.58;31.58;1888736;;768546622
MTAC;18113586;2023-08-10;9.35;12.83;8.96;11.34;11.34;183276;;7394794
MTAL;17644032;2025-03-21;10.54;10.75;10.15;10.69;10.69;1630017;;33143475
MTB;335339;2025-03-21;175.78;178.37;174.67;178.25;178.25;8863322;;164333454
MTBC;497698;2023-01-09;2.83;3.21;2.81;3.13;3.13;66971;;15148721
MTCH;647179;2025-03-21;30.98;30.99;30.30;30.49;30.49;18723346;;250429132
MTD;334921;2025-03-21;1200.21;1211.90;1177.46;1199.21;1199.21;210215;;20916459
MTDR;1333935;2025-03-21;51.99;52.16;51.21;51.51;51.51;2332024;;125207212
MTEM;778777;2025-03-21;0.00;0.00;0.00;0.00;0.00;1001;;6583880
MTEX;16682790;2025-03-21;9.50;9.70;9.37;9.70;9.70;4457;;1884814
MTG;1067477;2025-03-21;23.55;23.77;23.30;23.55;23.55;22962657;;242706658
MTH;6481004;2025-03-21;69.52;70.87;69.05;70.38;70.38;2304856;;71765912
MTMT;696963;2023-02-03;1.76;1.76;1.66;1.70;1.70;38403;;110420275
MTN;264322;2025-03-21;159.00;160.79;156.94;160.67;160.67;781404;;37337967
MTNB;10656700;2025-03-21;0.55;0.60;0.54;0.60;0.60;57528;;5086985
MTOR;772948;2022-08-03;36.50;36.50;36.50;36.50;36.50;0;;70700000
MTRN;739542;2025-03-21;85.37;85.70;82.16;85.63;85.63;359847;;20765214
MTRX;182638;2025-03-21;12.90;12.90;12.41;12.49;12.49;711599;;27606852
MTSI;358330;2025-03-21;106.33;108.08;105.41;106.89;106.89;1509273;;74339819
MTTR;1291791;2025-02-28;5.38;5.38;5.38;5.38;5.38;0;;327624104
MTW;7962730;2025-03-21;9.48;9.54;9.21;9.33;9.33;390764;;35134245
MTX;1234779;2025-03-21;66.30;66.65;64.30;65.13;65.13;1200397;;31897554
MTZ;447935;2025-03-21;124.55;126.30;122.81;124.03;124.03;4891476;;79291828
MU;60906;2025-03-21;98.20;98.50;93.70;94.72;94.72;62623614;;1114171932
MUDS;11795022;2022-09-15;10.16;10.16;10.16;10.16;10.16;2000;;7906250
MUFG;16239121;2025-03-21;14.79;15.03;14.72;14.98;14.98;54976718;;12337710920
MUGH;13511380;2025-03-21;2.21;2.21;2.21;2.21;2.21;0;;59434838
MULG;13714915;2025-03-21;2.55;2.55;2.55;2.55;2.55;0;;19251657
MULN;10656564;2025-03-21;0.32;0.32;0.28;0.29;0.29;15564408;;1083175
MUR;333627;2025-03-21;26.69;26.93;26.39;26.70;26.70;14847485;;145855183
MURA;13511400;2025-03-21;3.81;3.99;3.80;3.85;3.85;43173;;17228291
MURF;16633050;2023-09-22;16.00;18.30;11.04;16.85;16.85;233510;;6247978
MUSA;1057793;2025-03-21;437.58;441.79;433.31;441.10;441.10;336848;;20016228
MUX;809890;2025-03-21;8.25;8.33;7.64;7.65;7.65;1904885;;53934510
MVBF;9075866;2025-03-21;17.32;17.65;17.25;17.34;17.34;45234;;
MVIS;815811;2025-03-21;1.33;1.51;1.32;1.48;1.48;7393996;;219018180
MVST;1334958;2025-03-21;1.20;1.31;1.17;1.30;1.30;6598580;;323815298
MVXM;11818278;2023-07-13;2.50;2.50;2.50;2.50;2.50;96;;87230654
MWA;6767515;2025-03-21;27.59;27.73;26.56;26.84;26.84;30541563;;156599544
MWW;507294;2016-11-09;3.41;3.41;3.41;3.41;3.41;0;;89258147
MX;10656486;2025-03-21;3.89;3.91;3.76;3.83;3.83;286560;;36883279
MXC;11035331;2025-03-21;9.49;9.49;8.35;8.40;8.40;19135;;2046000
MXCT;1253397;2025-03-21;3.00;3.11;2.97;3.09;3.09;1083793;;106027733
MXIM;153611;2021-09-01;103.14;103.14;103.14;103.14;103.14;44;;268363654
MXL;6767545;2025-03-21;12.61;12.82;12.40;12.70;12.70;2241188;;84633566
MXPT;146869;2017-10-19;13.85;13.85;13.85;13.85;13.85;0;;6764021
MXWL;755086;2019-05-16;4.48;4.48;4.48;4.48;4.48;180840;;46580808
MYCC;97729;2017-09-25;17.10;17.10;17.10;17.10;17.10;0;;65754547
MYE;7962680;2025-03-21;12.30;12.41;11.99;12.05;12.05;471728;;37295964
MYFW;10656682;2025-03-21;19.15;19.72;19.13;19.44;19.44;27800;;9621310
MYGN;748224;2025-03-21;9.79;10.30;9.68;10.01;10.01;1865817;;91309064
MYL;333504;2020-11-19;15.86;15.86;15.86;15.86;15.86;4016;;541545862
MYL_old;378191;2020-11-19;15.86;15.86;15.86;15.86;15.86;4016;;374273573
MYMD;592461;2025-03-21;0.35;0.38;0.35;0.38;0.38;78912;;2370423
MYO;1200988;2025-03-21;5.35;5.50;5.28;5.38;5.38;331669;;34381125
MYPS;10656430;2025-03-21;1.27;1.36;1.25;1.28;1.28;620680;;133465476
MYRG;6767499;2025-03-21;124.63;127.49;123.00;127.04;127.04;500346;;16138503
MYTE;17683307;2025-03-21;7.80;7.92;7.77;7.85;7.85;49840;;85265962
NABL;11795006;2025-03-21;7.55;7.57;7.40;7.49;7.49;2129857;;188950626
NAHD;13511310;2025-03-21;0.01;0.01;0.01;0.01;0.01;0;;265083509
NAII;257524;2025-03-21;3.69;3.90;3.60;3.89;3.89;4557;;6198778
NAMS;14122317;2025-03-21;23.62;24.20;23.60;23.87;23.87;1277310;;109817812
NANO;721571;2025-03-21;136.08;136.83;132.42;135.59;135.59;980594;;49270256
NANX;16532290;2025-03-21;2.55;2.89;2.54;2.82;2.82;45934;;69994979
NAPA;10384217;2024-12-24;11.09;11.09;11.09;11.09;11.09;0;;147200572
NARI;1253259;2025-02-19;79.97;79.97;79.97;79.97;79.97;0;;58544158
NAT;7962676;2025-03-21;2.63;2.63;2.55;2.56;2.56;5313267;;208796444
NATH;7962968;2025-03-21;92.86;94.79;91.57;94.23;94.23;27502;;4089510
NATI;56422;2023-10-11;59.98;59.98;59.98;59.98;59.98;0;;132369000
NATL;138792;2025-03-21;27.41;27.93;27.06;27.12;27.12;1279419;;19927191
NATR;687929;2025-03-21;12.38;12.53;12.17;12.39;12.39;82078;;18483501
NAUT;11818954;2025-03-21;1.01;1.02;0.95;0.99;0.99;366618;;126148469
NAV;203261;2021-06-30;44.48;44.51;44.48;44.50;44.50;1011024;;99715656
NAVI;551008;2025-03-21;13.45;13.55;13.22;13.33;13.33;2798453;;102276303
NBHC;6767721;2025-03-21;39.06;39.29;38.48;38.85;38.85;1171386;;38055322
NBIX;447972;2025-03-21;109.39;112.53;109.34;111.92;111.92;2288448;;99703527
NBL;249388;2020-10-06;8.46;8.46;8.46;8.46;8.46;0;;479768764
NBN;10656544;2025-03-21;91.85;93.54;91.08;91.95;91.95;169334;;9044230
NBR;1249671;2025-03-21;42.82;44.66;41.98;43.51;43.51;1914537;;10764937
NBSE;11036149;2024-09-20;0.38;0.38;0.38;0.38;0.38;0;;1692567
NBST;12442290;2025-03-21;11.10;11.10;11.10;11.10;11.10;0;;4948937
NBTB;6767681;2025-03-21;43.43;43.43;42.25;42.80;42.80;925643;;47253792
NBY;910154;2025-03-21;0.62;0.65;0.60;0.65;0.65;13121;;4885693
NC;528497;2025-03-21;33.50;34.42;33.02;34.19;34.19;25586;;7432296
NCBS;6767733;2022-05-23;76.49;78.20;74.89;78.01;78.01;70513;;13648745
NCDL;16409725;2025-03-21;17.29;17.33;17.26;17.26;17.26;237588;;54821734
NCLH;744483;2025-03-21;19.77;20.57;19.25;20.40;20.40;19609771;;439944822
NCMI;716509;2025-03-21;5.75;5.84;5.72;5.72;5.72;1054618;;95209712
NCNC;18185436;2024-11-22;0.12;0.13;0.10;0.10;0.10;9160389;;170453431
NCNO;10383892;2025-03-21;28.12;28.53;27.95;28.50;28.50;1111967;;115793932
NCR;854994;2023-10-16;26.55;27.25;26.51;27.08;27.08;1772985;;137500000
NCSM;15042567;2025-03-21;36.68;37.74;35.76;37.30;37.30;18524;;2540849
NDAQ;378192;2025-03-21;76.72;76.72;75.37;75.55;75.55;3014371;;575145323
NDLS;759987;2025-03-21;1.07;1.14;1.06;1.11;1.11;97447;;45738007
NDSN;188156;2025-03-21;203.96;205.34;201.52;203.86;203.86;533770;;56911738
NE;134105;2025-03-21;24.75;25.06;24.00;24.15;24.15;3582569;;66635000
NECB;10656626;2025-03-21;23.11;23.40;22.85;23.06;23.06;73358;;12721916
NEE;188922;2025-03-21;71.02;71.96;70.17;70.88;70.88;15754177;;2057026280
NEM;103736;2025-03-21;47.12;47.36;46.35;47.36;47.36;27718801;;1126861075
NEN;11819429;2025-03-21;81.88;83.90;81.88;83.90;83.90;971;;3499195
NEO;778404;2025-03-21;9.78;10.07;9.57;9.86;9.86;2497519;;128461383
NEOG;965693;2025-03-21;8.85;8.89;8.60;8.85;8.85;31798473;;216944017
NEON;14122315;2025-03-21;8.33;8.33;8.00;8.23;8.23;51602;;16782922
NEOS;160118;2021-03-19;1.16;1.18;1.06;1.15;1.15;15005940;;49756656
NEOV;13756722;2025-03-21;2.51;2.63;2.42;2.63;2.63;131371;;33417123
NEP;704398;2025-01-31;10.40;10.87;10.11;10.54;10.54;4898735;;93534176
NEPH;138152;2025-03-21;1.54;1.55;1.49;1.55;1.55;14062;;10544225
NERV;254280;2025-03-21;1.72;1.81;1.72;1.80;1.80;26644;;6993406
NES;9076271;2022-02-23;1.93;2.23;1.93;2.15;2.15;249207;;16069000
NESR;13511308;2025-03-21;7.93;8.00;7.87;7.97;7.97;274907;;94996397
NET;961018;2025-03-21;116.30;119.57;115.11;119.22;119.22;4286078;;345074709
NEU;1067475;2025-03-21;532.52;534.91;526.96;531.42;531.42;311334;;9524789
NEWR;908918;2023-11-07;86.98;87.01;86.97;86.99;86.99;4222853;;68791000
NEWT;10656534;2025-03-21;12.45;12.48;12.29;12.34;12.34;295539;;26290668
NEX;10384219;2023-08-31;10.62;10.78;10.38;10.61;10.61;16855043;;229033000
NEXI;11035985;2025-03-21;0.00;0.00;0.00;0.00;0.00;0;;1394671
NEXT;7962606;2025-03-21;8.66;9.05;8.50;9.03;9.03;2278811;;260442494
NFBK;7962834;2025-03-21;11.23;11.41;11.17;11.27;11.27;408515;;43116424
NFE;11794946;2025-03-21;10.46;11.34;10.30;11.17;11.17;8489017;;273771811
NFG;448011;2025-03-21;79.00;79.35;77.79;78.17;78.17;1437629;;90612955
NFLX;83548;2025-03-21;941.63;963.65;940.95;960.29;960.29;5875283;;427757100
NFTG;15585622;2025-03-21;1.22;1.24;1.15;1.20;1.20;134197;;2870773
NFX;123505;2019-02-14;17.07;17.07;17.07;17.07;17.07;0;;200339967
NG;13653038;2025-03-21;3.40;3.43;3.32;3.39;3.39;4160172;;334646571
NGD;3307947;2025-03-21;3.26;3.28;3.20;3.22;3.22;22963023;;790930474
NGHC;921769;2021-01-04;34.18;34.18;34.18;34.18;34.18;0;;113585043
NGL;36205;2025-03-21;4.65;4.77;4.60;4.66;4.66;669408;;132012766
NGLD;15071406;2025-03-21;1.63;1.63;1.52;1.53;1.53;21290;;27006533
NGM;10656484;2024-04-05;1.54;1.54;1.54;1.54;1.54;0;;83462408
NGS;9075978;2025-03-21;21.44;22.00;21.44;21.65;21.65;100207;;12506522
NGVC;941589;2025-03-21;37.28;37.81;36.28;37.75;37.75;134630;;22931226
NGVT;979804;2025-03-21;42.35;42.38;40.79;42.38;42.38;505866;;36351236
NHC;728722;2025-03-21;90.66;91.96;89.95;90.72;90.72;279951;;15445261
NHHS;148446;2025-03-21;1.82;1.82;1.82;1.82;1.82;0;;185712103
NHI;949733;2025-03-21;74.53;74.73;73.34;73.34;73.34;696481;;45687942
NHIC;11819592;2023-04-25;10.28;10.28;10.26;10.26;10.26;268366;;19490000
NHIQ;1252840;2025-03-21;0.00;0.00;0.00;0.00;0.00;0;;7707201
NHTC;511953;2025-03-21;5.03;5.15;5.01;5.14;5.14;34508;;11513075
NI;119873;2025-03-21;39.66;39.97;39.07;39.23;39.23;10561420;;469939639
NIC;17644034;2025-03-21;112.02;113.08;110.46;110.95;110.95;750572;;
NICE;18572449;2025-03-21;152.90;157.66;152.42;156.78;156.78;649627;;63249843
NICK;141389;2024-09-27;6.06;6.20;6.06;6.19;6.19;4554;;12700000
NINE;1249670;2025-03-21;1.21;1.24;1.18;1.20;1.20;399175;;42348643
NIO;3239067;2025-03-21;4.48;4.62;4.36;4.50;4.50;82883030;;2080563749
NIOBF;13810654;2025-03-21;1.86;2.08;1.71;1.94;1.94;591190;;46818119
NJR;511242;2025-03-21;49.25;49.44;48.26;48.48;48.48;1966484;;100289422
NKE;101814;2025-03-21;66.59;68.73;65.17;67.94;67.94;77075485;;1479126887
NKLA;996264;2025-02-25;0.23;0.25;0.17;0.18;0.18;35768187;;60867055
NKSH;129536;2025-03-21;26.85;27.28;26.85;27.28;27.28;22516;;6360973
NKTR;526216;2025-03-21;0.85;0.87;0.82;0.86;0.86;1406283;;186103588
NKTX;1873397;2025-03-21;1.47;1.50;1.44;1.50;1.50;911350;;70568754
NL;7962974;2025-03-21;7.82;7.85;7.65;7.65;7.65;31489;;48847734
NLCP;11819011;2025-03-21;15.00;15.08;14.90;14.94;14.94;28262;;20533920
NLIT;11818516;2025-03-21;0.25;0.32;0.25;0.31;0.31;401358;;55673327
NLN;652800;2016-09-28;0.84;0.85;0.84;0.85;0.85;5200;;282572254
NLS;958643;2023-10-31;0.75;0.86;0.75;0.82;0.82;269688;;31176246
NLSN;333689;2022-10-11;27.98;28.00;27.97;27.98;27.98;22299341;;359776182
NLST;164920;2025-03-21;1.06;1.19;1.05;1.11;1.11;1999733;;271844373
NLTX;15271648;2025-03-21;15.05;15.23;13.80;14.21;14.21;425537;;14854725
NLY;1145420;2025-03-21;21.66;21.81;21.57;21.68;21.68;11975498;;500440023
NMBL;50051;2017-08-17;12.49;12.49;12.49;12.49;12.49;0;;91900000
NMEX;13511424;2025-03-21;0.12;0.12;0.12;0.12;0.12;0;;105401032
NMFC;10384263;2025-03-21;11.03;11.09;10.99;11.00;11.00;711459;;107851415
NMIH;1243192;2025-03-21;35.15;35.58;34.89;35.29;35.29;1705055;;78452097
NMRD;11035298;2025-03-21;0.00;0.00;0.00;0.00;0.00;0;;28899402
NMRK;6767625;2025-03-21;12.44;12.60;12.26;12.43;12.43;1607972;;180462818
NMTC;13511384;2025-03-21;1.01;1.04;0.99;1.03;1.03;202741;;30862542
NN;10656610;2025-03-21;11.63;12.05;11.38;11.97;11.97;1673401;;131451767
NNBR;9076104;2025-03-21;2.58;2.65;2.51;2.56;2.56;295326;;49886862
NNDM;1240368;2025-03-21;2.10;2.13;2.07;2.11;2.11;736524;;238596545
NNI;6767409;2025-03-21;113.21;113.80;111.55;111.72;111.72;145322;;36293053
NNN;448043;2025-03-21;41.49;41.68;41.06;41.42;41.42;2060505;;187553140
NNOX;17644036;2025-03-21;5.78;6.07;5.70;6.05;6.05;735245;;57778628
NNUP;15464885;2025-03-21;1.50;1.55;1.50;1.55;1.55;271;;10523108
NNVC;11035654;2025-03-21;1.34;1.34;1.27;1.30;1.30;88923;;15641000
NOA;18589406;2025-03-21;16.21;16.72;16.04;16.12;16.12;105294;;27704450
NOBH;17696490;2025-03-21;30.00;30.00;30.00;30.00;30.00;0;;3268829
NOC;333824;2025-03-21;490.21;494.79;483.99;490.72;490.72;2044055;;144755659
NODK;9075768;2025-03-21;14.00;14.19;13.76;14.10;14.10;48392;;20681546
NOG;1374138;2025-03-21;30.68;30.78;30.00;30.11;30.11;3519127;;99113645
NOK;1205830;2025-03-21;5.32;5.35;5.28;5.31;5.31;12018364;;5605850345
NOMD;18452186;2025-03-21;19.54;19.67;19.31;19.37;19.37;815248;;156090858
NOTE;15204642;2025-03-21;0.98;1.00;0.93;0.98;0.98;2233399;;141216180
NOTR;16239123;2025-03-21;1.00;1.00;1.00;1.00;1.00;0;;42096221
NOTV;12444319;2025-03-21;2.74;2.87;2.72;2.75;2.75;323201;;33869269
NOV;378193;2025-03-21;14.96;15.16;14.57;14.64;14.64;25456994;;380819811
NOVA;10384195;2025-03-21;0.51;0.51;0.41;0.41;0.41;28062602;;125081959
NOVNQ;11035157;2024-05-01;0.00;0.00;0.00;0.00;0.00;0;;26115986
NOVT;728364;2025-03-21;132.63;134.10;131.03;133.52;133.52;563809;;35960636
NOW;617429;2025-03-21;816.14;828.90;808.80;827.75;827.75;2881956;;206000000
NP;743399;2022-07-05;33.26;33.26;31.05;32.00;32.00;477295;;16785000
NPCE;12444391;2025-03-21;11.41;12.09;11.25;12.02;12.02;252645;;32560130
NPK;7962820;2025-03-21;88.78;90.11;87.25;89.38;89.38;154938;;7143484
NPO;6767525;2025-03-21;172.82;173.26;170.16;172.26;172.26;237435;;21190297
NPTN;364355;2022-08-03;16.01;16.01;16.01;16.01;16.01;0;;53488000
NPWR;17644038;2025-03-21;2.93;2.96;2.85;2.94;2.94;1204299;;77225207
NR;7962920;2024-12-18;7.65;7.80;7.25;7.25;7.25;1028171;;86497298
NRAC;16203841;2024-02-21;11.01;11.01;11.01;11.01;11.01;0;;8517971
NRC;6767769;2025-03-21;14.82;15.20;14.08;14.44;14.44;143625;;22945532
NRDS;10384307;2025-03-21;8.86;9.25;8.81;9.11;9.11;732527;;74107833
NRDY;11818709;2025-03-21;1.55;1.59;1.52;1.58;1.58;764402;;182447045
NREF;11818028;2025-03-21;15.68;15.99;15.51;15.83;15.83;64048;;17461129
NRG;378196;2025-03-21;98.05;100.73;96.58;100.66;100.66;7622712;;206379832
NRGV;17644040;2025-03-21;0.91;1.01;0.88;0.95;0.95;1865257;;
NRIM;9075878;2025-03-21;73.40;74.00;72.53;73.52;73.52;49021;;5520880
NRIX;11817061;2025-03-21;13.66;13.67;12.75;12.99;12.99;2288289;;75886817
NRP;11795270;2025-03-21;108.50;109.41;108.02;109.05;109.05;11023;;13138097
NRTHF;243188;2023-03-10;0.00;0.00;0.00;0.00;0.00;0;;23853884
NS;998422;2024-05-03;21.96;21.96;21.96;21.96;21.96;0;;126535349
NSA;949734;2025-03-21;38.36;38.36;37.88;38.15;38.15;1354851;;76402059
NSC;378195;2025-03-21;231.55;232.67;228.97;231.75;231.75;1243980;;226434128
NSH_delisted;998423;2018-07-23;24.95;24.95;24.95;24.95;24.95;0;;23581269
NSIT;6481018;2025-03-21;153.05;155.29;152.33;154.18;154.18;1307711;;31777678
NSP;994624;2025-03-21;86.70;86.92;84.08;86.60;86.60;2434897;;37230174
NSPR;143799;2025-03-21;2.80;2.82;2.71;2.74;2.74;40092;;29689857
NSSC;198892;2025-03-21;23.90;24.14;23.31;23.94;23.94;454422;;36401421
NSTB;12444413;2025-01-13;0.01;0.01;0.01;0.01;0.01;10;;12073717
NSTC;11795334;2025-01-13;0.00;0.00;0.00;0.00;0.00;0;;38800047
NSTD;12444341;2025-01-13;0.00;0.00;0.00;0.00;0.00;0;;38866239
NSTG;1252928;2024-02-13;0.13;0.14;0.10;0.11;0.11;22017582;;47365000
NSTS;16532292;2025-03-21;11.43;11.84;11.41;11.84;11.84;1591;;5285773
NSYS;15296777;2025-03-21;10.24;10.24;9.77;9.94;9.94;1882;;2756754
NTAP;183964;2025-03-21;91.65;92.97;90.79;92.25;92.25;5287766;;203411523
NTB;6767697;2025-03-21;38.19;38.62;38.02;38.30;38.30;417802;;43537979
NTCT;1234780;2025-03-21;21.09;21.42;21.02;21.39;21.39;2202232;;71754689
NTES;1242010;2025-03-21;96.67;97.69;96.20;97.05;97.05;1665423;;644000000
NTGR;591520;2025-03-21;23.85;24.17;23.52;23.63;23.63;435857;;28868940
NTIC;12444573;2025-03-21;11.05;11.20;11.00;11.15;11.15;36834;;9470507
NTIP;515715;2025-03-21;1.32;1.39;1.30;1.39;1.39;14957;;22981271
NTLA;1253298;2025-03-21;8.50;9.07;8.50;9.00;9.00;3671448;;103517460
NTNX;544815;2025-03-21;71.30;73.45;70.33;73.04;73.04;3503165;;266662470
NTRA;149288;2025-03-21;149.44;152.10;146.35;151.15;151.15;3418688;;
NTRI;346874;2019-03-08;42.89;42.89;42.89;42.89;42.89;0;;29496499
NTRS;407194;2025-03-21;98.39;99.31;97.01;98.77;98.77;3673243;;195697744
NTST;10384267;2025-03-21;15.29;15.29;15.02;15.02;15.02;1191238;;81663128
NTUS;497305;2022-09-08;32.96;32.96;32.96;32.96;32.96;1514;;33799000
NTWK;13810652;2025-03-21;2.42;2.49;2.38;2.43;2.43;11147;;11670015
NUAN;448077;2022-03-04;55.99;55.99;55.99;55.99;55.99;0;;294388000
NUBI;16682820;2024-02-02;5.30;6.20;4.25;4.53;4.53;78275;;15636000
NUE;334772;2025-03-21;125.24;126.58;119.57;122.01;122.01;10001020;;230535835
NURO;922227;2025-03-21;4.60;4.60;4.42;4.51;4.51;9328;;2042689
NUS;1234781;2025-03-21;7.99;8.07;7.68;7.71;7.71;2274710;;49722779
NUTR;357986;2017-08-24;41.80;41.80;41.80;41.80;41.80;0;;9246999
NUTX;11818049;2025-03-21;52.07;58.28;52.00;58.17;58.17;42013;;5437003
NUV;11795040;2025-03-21;8.76;8.79;8.71;8.79;8.79;431172;;
NUVB;11818013;2025-03-21;1.92;1.94;1.86;1.89;1.89;3526547;;
NUVL;11795020;2025-03-21;76.76;78.77;76.76;77.96;77.96;612588;;71597920
NUVR;15204660;2025-03-21;11.10;11.10;11.10;11.10;11.10;0;;5178176
NUZE;1154275;2025-03-21;0.48;0.49;0.45;0.47;0.47;715238;;5005170
NVAX;826389;2025-03-21;7.58;7.66;7.46;7.60;7.60;3404910;;160844197
NVCR;440850;2025-03-21;18.91;19.50;18.70;19.33;19.33;1046779;;109915429
NVCT;1342110;2025-03-21;9.35;10.39;9.27;10.20;10.20;340725;;23391499
NVDA;172199;2025-03-21;116.94;117.99;115.42;117.70;117.70;263953882;;24400000000
NVEC;102816;2025-03-21;64.46;66.60;63.65;65.99;65.99;47414;;4837166
NVEE;6767621;2025-03-21;18.72;18.96;18.57;18.70;18.70;1119082;;65227706
NVFY;11036213;2025-03-21;0.53;0.64;0.51;0.64;0.64;158492;;7210706
NVGT;13841949;2025-03-21;0.00;0.00;0.00;0.00;0.00;0;;493639025
NVIV;11036221;2024-02-12;0.41;0.41;0.30;0.32;0.32;1671927;;2735767
NVMI;18300845;2025-03-21;196.44;201.86;195.44;196.76;196.76;174717;;29278401
NVNO;14159433;2025-03-21;2.89;3.06;2.83;2.98;2.98;53363;;17536000
NVOS;13511402;2025-03-21;0.00;0.00;0.00;0.00;0.00;11214;;19730247
NVR;896899;2025-03-21;7190.91;7257.53;7120.50;7184.79;7184.79;62741;;2990451
NVRI;17644042;2025-03-21;6.71;6.90;6.59;6.75;6.75;4280687;;
NVRO;6767785;2025-03-21;5.77;5.80;5.77;5.77;5.77;1580602;;37878565
NVS;18207904;2025-03-21;113.03;113.28;111.94;112.13;112.13;3595590;;1975089248
NVST;1234782;2025-03-21;16.67;16.95;16.49;16.66;16.66;12196401;;172188060
NVT;1234783;2025-03-21;56.03;57.49;55.55;57.13;57.13;3753182;;165022146
NVTA;963379;2024-08-09;0.00;0.00;0.00;0.00;0.00;75;;243948000
NVTS;11795196;2025-03-21;2.33;2.38;2.29;2.33;2.33;4234839;;190529835
NVX;18445948;2025-03-21;1.18;1.30;1.17;1.22;1.22;70069;;488733461
NWBI;6767641;2025-03-21;11.99;12.08;11.87;12.05;12.05;2360766;;127514857
NWBO;11795292;2025-03-21;0.23;0.25;0.23;0.25;0.25;3969233;;1297445623
NWE;342218;2025-03-21;55.91;56.36;55.01;55.32;55.32;2637227;;59804000
NWFL;9075852;2025-03-21;24.47;25.19;24.47;25.00;25.00;177076;;9262592
NWG;18322825;2025-03-21;11.92;12.08;11.90;12.00;12.00;4288684;;8331144875
NWHM;9076285;2021-09-09;8.99;8.99;8.99;8.99;8.99;0;;18075687
NWL;378194;2025-03-21;6.43;6.53;6.40;6.45;6.45;9596785;;416200000
NWLI;6767805;2024-07-09;499.98;499.98;499.98;499.98;499.98;0;;3636020
NWN;6767575;2025-03-21;41.80;42.15;41.00;41.27;41.27;713210;;40238495
NWPX;1031014;2025-03-21;43.04;43.48;42.33;42.67;42.67;356095;;9935295
NWS;160346;2025-03-21;30.79;31.13;30.53;30.77;30.77;1881889;;568677379
NWY;33184;2020-07-06;0.26;0.27;0.24;0.25;0.25;5191300;;65300484
NX;921442;2025-03-21;19.82;19.91;19.25;19.70;19.70;1830403;;47230263
NXGN;497184;2023-11-09;23.94;23.94;23.94;23.94;23.94;0;;67074000
NXMH;13511442;2025-03-18;0.00;0.00;0.00;0.00;0.00;158;;
NXPI;1150946;2025-03-21;200.18;201.38;196.95;200.64;200.64;3340760;;253620117
NXRT;6767757;2025-03-21;38.00;38.17;37.54;37.84;37.84;566170;;25466105
NXST;650370;2025-03-21;177.98;179.47;174.55;176.99;176.99;2594972;;30509206
NXT;13714917;2025-03-21;44.17;44.84;43.65;44.27;44.27;3499360;;145619036
NXTC;11034780;2025-03-21;0.61;0.63;0.56;0.57;0.57;61212;;28006684
NXU;11795056;2025-03-21;0.26;0.29;0.25;0.28;0.28;3099255;;152119628
NYAX;18468485;2025-03-21;34.76;34.76;33.31;33.52;33.52;6531;;36607407
NYC;16532270;2025-03-21;9.40;10.53;9.40;10.35;10.35;4741;;2634355
NYCB;1234784;2024-10-25;10.82;11.75;10.36;10.55;10.55;18169597;;351432565
NYMT;7962610;2025-03-21;6.87;6.94;6.74;6.79;6.79;2236652;;90567445
NYMX;9076110;2023-07-06;0.22;0.22;0.18;0.20;0.20;932736;;91265140
NYT;647918;2025-03-21;48.19;48.97;47.99;48.69;48.69;4743188;;163303106
NYXH;18589408;2025-03-21;11.47;11.62;11.09;11.36;11.36;28984;;37427265
O;81605;2025-03-21;56.27;56.33;55.57;55.80;55.80;10785214;;891516161
OA;609619;2018-06-06;134.49;134.51;134.47;134.50;134.50;1365324;;57827352
OABI;15464887;2025-03-21;2.34;2.53;2.25;2.53;2.53;2312374;;121012583
OAK;628032;2019-10-08;51.52;51.52;51.52;51.52;51.52;0;;80045000
OAS;10383381;2020-11-20;0.12;0.12;0.12;0.12;0.12;777693;;20000000
OB;10656636;2025-03-21;3.90;4.04;3.82;3.98;3.98;458376;;93940410
OBIO;17644044;2025-03-21;4.31;4.61;4.20;4.51;4.51;99841;;
OBK;17644046;2025-03-21;35.08;35.39;34.65;35.11;35.11;353334;;
OBNK;7962622;2025-03-21;35.08;35.39;34.65;35.11;35.11;353334;;31212430
OBT;12442270;2025-03-21;24.07;24.56;24.07;24.15;24.15;37667;;11358591
OC;985860;2025-03-21;145.15;145.73;142.98;144.44;144.44;2347580;;85540564
OCC;232540;2025-03-21;3.35;3.59;3.31;3.59;3.59;20009;;8198577
OCEL;13665443;2024-03-04;2.65;2.76;2.52;2.75;2.75;5725;;6125482
OCFC;7962616;2025-03-21;17.10;17.22;16.86;17.04;17.04;625568;;58557147
OCFT;16198965;2025-03-21;6.70;6.78;6.61;6.76;6.76;44748;;1169980653
OCGN;10656664;2025-03-21;0.57;0.61;0.56;0.60;0.60;4026721;;292014470
OCLN;13511444;2025-03-21;0.00;0.00;0.00;0.00;0.00;78002;;1634014574
OCN;544026;2024-06-07;24.90;25.35;24.47;25.08;25.08;10228;;7809618
OCS;18508053;2025-03-21;19.20;19.84;19.20;19.57;19.57;51965;;43662402
OCSI;11819558;2021-03-19;8.50;8.50;8.50;8.50;8.50;0;;29466768
OCSL;11795092;2025-03-21;15.70;15.74;15.55;15.62;15.62;824678;;82245319
OCUL;7962824;2025-03-21;7.33;7.55;7.31;7.51;7.51;1964509;;159022245
OCUP;12444397;2024-10-23;1.33;1.36;1.07;1.17;1.17;676715;;26198444
OCX;1253242;2025-03-21;3.23;3.43;3.16;3.40;3.40;32442;;16835247
ODC;7962960;2025-03-21;46.69;47.14;44.51;46.03;46.03;178840;;14585510
ODD;18347621;2025-03-21;43.08;43.86;42.20;43.32;43.32;252174;;
ODFL;782146;2025-03-21;158.31;165.37;157.67;165.22;165.22;3629657;;212545079
ODP;528624;2025-03-21;14.50;14.86;14.11;14.61;14.61;1732895;;29817246
ODT;790464;2022-02-03;1.48;1.49;1.26;1.30;1.30;87682;;38490336
OEC;13901184;2025-03-21;13.53;13.68;13.06;13.45;13.45;1012444;;56654098
OEG;10656730;2023-12-15;0.00;0.00;0.00;0.00;0.00;0;;2383888
OESX;3197816;2025-03-21;0.75;0.79;0.73;0.79;0.79;44502;;32952087
OFC;949496;2023-09-14;24.78;25.02;24.74;24.94;24.94;542778;;112188000
OFED;9075988;2025-03-21;12.50;12.50;12.50;12.50;12.50;0;;5600068
OFG;6767727;2025-03-21;39.95;40.68;39.71;40.19;40.19;4156476;;45393948
OFIX;7962684;2025-03-21;16.78;16.78;16.45;16.63;16.63;300780;;39022492
OFLX;728561;2025-03-21;37.36;38.98;37.36;38.96;38.96;47181;;10094322
OFS;10656702;2025-03-21;9.13;9.34;9.07;9.20;9.20;94969;0.34;13398078
OGE;998476;2025-03-21;45.14;45.43;44.67;44.96;44.96;3350082;;
OGN;1243189;2025-03-21;15.52;15.68;15.25;15.39;15.39;20159277;;257950149
OGS;351460;2025-03-21;73.73;74.27;72.53;73.08;73.08;621293;;59877552
OHCS;16532296;2025-03-21;0.06;0.06;0.06;0.06;0.06;140;;47906664
OHI;531049;2025-03-21;37.62;37.76;37.30;37.37;37.37;6830653;;281837000
OI;406666;2025-03-21;12.04;12.09;11.72;11.98;11.98;2555767;;154067520
OII;638114;2025-03-21;21.51;21.78;21.42;21.50;21.50;1470039;;110834088
OIS;7962856;2025-03-21;5.33;5.46;5.28;5.29;5.29;1202339;;61760608
OKE;334076;2025-03-21;100.12;100.47;98.67;99.34;99.34;9372274;;624339588
OKTA;708398;2025-03-21;111.74;115.02;110.65;113.74;113.74;3468378;;173603164
OKYO;16682796;2025-03-21;1.27;1.36;1.27;1.35;1.35;33003;;33836316
OLED;933165;2025-03-21;149.07;150.69;146.98;148.50;148.50;1896683;;47469086
OLLI;102057;2025-03-21;104.60;108.37;102.19;106.88;106.88;1159492;;61276879
OLMA;11819707;2025-03-21;4.09;4.29;4.03;4.23;4.23;2079395;;68333065
OLN;448155;2025-03-21;24.42;25.11;24.24;24.99;24.99;5269342;;115423860
OLO;11795150;2025-03-21;6.27;6.49;6.22;6.44;6.44;1790152;;166016232
OLP;949745;2025-03-21;26.16;26.41;25.84;26.24;26.24;170332;;20567000
OLPX;11795002;2025-03-21;1.34;1.36;1.28;1.34;1.34;1905712;;664619629
OM;11795180;2025-03-21;10.77;11.10;9.30;10.05;10.05;213693;;3594926
OMC;251397;2025-03-21;80.45;81.79;79.69;81.14;81.14;11633638;;196490662
OMCL;495083;2025-03-21;34.21;34.72;33.62;33.94;33.94;1836510;;46759414
OMED;819110;2019-04-23;0.89;0.89;0.89;0.89;0.89;1201;;38690089
OMER;7962958;2025-03-21;8.97;9.39;8.97;9.10;9.10;953024;;57949760
OMEX;11034325;2025-03-21;0.42;0.48;0.42;0.46;0.46;350545;;20594180
OMF;687414;2025-03-21;49.61;50.82;49.31;50.42;50.42;1883840;;119368020
OMGA;11817290;2025-02-24;0.17;0.17;0.14;0.14;0.14;5153596;;55366213
OMGB;667156;2019-01-17;0.20;0.20;0.20;0.20;0.20;0;;29650000
OMH;9076028;2025-03-21;2.55;2.59;2.39;2.49;2.49;4043;;2278511
OMI;347188;2025-03-21;9.37;9.37;8.94;9.00;9.00;3530313;;77247282
OMIC;1253398;2025-02-21;20.01;20.01;20.01;20.01;20.01;0;;2511783
OMP;914862;2022-02-01;23.86;23.86;23.86;23.86;23.86;0;;35973611
ON;136025;2025-03-21;42.26;44.00;41.90;43.78;43.78;17650903;;421421127
ONB;6481068;2025-03-21;21.17;21.41;21.02;21.20;21.20;7574937;;318975000
ONCT;796059;2025-03-21;0.53;0.53;0.53;0.53;0.53;0;;2959645
ONCYF;1253395;2018-05-24;0.79;0.82;0.74;0.74;0.74;442324;;
ONDK;977510;2020-10-15;1.83;1.83;1.83;1.83;1.83;0;;58921292
ONEM;1008081;2023-02-22;16.47;16.47;16.47;16.47;16.47;523503;;195624000
ONEW;1321940;2025-03-21;17.13;17.52;16.75;17.26;17.26;313008;;16313115
ONL;16453519;2025-03-21;2.34;2.37;2.28;2.31;2.31;1013317;;56109281
ONON;18468487;2025-03-21;44.52;46.55;43.36;46.25;46.25;4225266;;289296343
ONTF;11817353;2025-03-21;5.30;5.51;5.22;5.48;5.48;255614;;42325215
ONTX;11035248;2024-04-02;1.00;1.00;0.77;1.00;1.00;1249487;;21040645
ONVO;53151;2025-03-21;3.70;4.15;3.06;3.14;3.14;503299;;1453958
OOMA;208053;2025-03-21;13.37;13.41;13.18;13.36;13.36;218933;;27000000
OPAD;12442288;2025-03-21;1.84;1.88;1.73;1.84;1.84;54546;;27380438
OPAL;15204662;2025-03-21;1.97;1.97;1.87;1.90;1.90;146288;;
OPBK;9075972;2025-03-21;12.30;12.33;12.18;12.21;12.21;34453;;14811671
OPCH;10383330;2025-03-21;34.21;34.83;34.16;34.58;34.58;2990931;;165315961
OPEN;1124649;2025-03-21;1.17;1.22;1.15;1.20;1.20;34538173;;723517956
OPFI;11820390;2025-03-21;9.71;9.80;9.33;9.76;9.76;988745;;15037326
OPGN;1253028;2025-03-21;2.69;2.70;2.20;2.70;2.70;7949;;10068111
OPHC;15042569;2025-03-21;4.27;4.48;4.22;4.40;4.40;61792;;11751082
OPI;820761;2025-03-21;0.59;0.61;0.44;0.58;0.58;6882818;;69824743
OPK;1253386;2025-03-21;1.80;1.81;1.75;1.80;1.80;6926049;;671550270
OPOF;17976696;2025-03-21;29.90;29.99;29.45;29.90;29.90;14672;;5077695
OPRT;10656708;2025-03-21;6.08;6.12;5.86;5.91;5.91;443275;;36134274
OPRX;654256;2025-03-21;8.56;8.79;7.97;8.63;8.63;339990;;18490385
OPT;17616592;2025-03-21;3.41;3.41;3.41;3.41;3.41;0;;1091466771
OPTN;9075890;2025-03-21;9.12;9.17;9.10;9.15;9.15;283160;;10060328
OPTT;1020998;2025-03-21;0.47;0.54;0.46;0.53;0.53;6322197;;170050563
OPXS;13511362;2025-03-21;6.14;6.14;5.91;6.00;6.00;7492;;6896738
OPY;505723;2025-03-21;60.70;61.77;60.10;60.92;60.92;71927;;10525240
ORA;708961;2025-03-21;71.28;72.05;71.05;71.64;71.64;885920;;60500580
ORBC;9076283;2021-09-01;11.49;11.49;11.49;11.49;11.49;22;;79547000
ORC;7962890;2025-03-21;8.20;8.26;8.18;8.21;8.21;3211400;;93293628
ORCC;10383354;2013-03-28;3.85;3.85;3.85;3.85;3.58;0;;
ORCL;257930;2025-03-21;151.65;153.84;150.11;152.23;152.23;17424023;;2804234000
ORGN;10656424;2025-03-21;0.78;0.78;0.74;0.75;0.75;856939;;149354886
ORGO;1253253;2025-03-21;4.92;5.03;4.79;4.88;4.88;2233850;;126828092
ORGS;16453517;2025-03-21;2.60;3.63;2.60;2.80;2.80;5879;;4692591
ORI;448187;2025-03-21;37.68;37.90;37.40;37.64;37.64;3147408;;248191027
ORIC;1873018;2025-03-21;7.42;7.47;6.44;7.03;7.03;2051810;;71026825
ORLY;334679;2025-03-21;1333.07;1341.43;1328.72;1339.09;1339.09;510308;;57272442
ORMP;10656722;2025-03-21;2.39;2.39;2.31;2.33;2.33;16866;;40312069
ORN;9076058;2025-03-21;5.82;5.89;5.71;5.76;5.76;491314;;38989545
ORRF;9075908;2025-03-21;30.60;30.84;30.43;30.50;30.50;465889;;19386041
ORTX;11033907;2024-01-24;16.70;16.70;16.70;16.70;16.70;0;;18928633
OSA;15585642;2024-08-05;0.01;0.01;0.01;0.01;0.01;5;;17394064
OSBC;7962790;2025-03-21;16.75;17.09;16.50;16.92;16.92;626831;;45047151
OSCR;1299459;2025-03-21;12.75;13.27;12.67;13.04;13.04;4665311;;250567800
OSG;7962970;2024-07-16;8.49;8.49;8.49;8.49;8.49;0;;72030977
OSH;10383316;2023-05-02;39.00;39.00;39.00;39.00;39.00;0;;222553237
OSIS;344473;2025-03-21;195.36;195.36;190.81;193.78;193.78;334366;;16799283
OSK;975076;2025-03-21;96.00;96.57;94.16;95.78;95.78;1040938;;64524506
OSPN;147770;2025-03-21;15.66;16.05;15.66;16.03;16.03;1045772;;38175819
OSS;11034555;2025-03-21;2.72;2.78;2.62;2.74;2.74;94159;;20323261
OSTK;176064;2023-11-03;16.31;17.52;15.91;16.78;16.78;3729862;;45225000
OSUR;1253129;2025-03-21;3.47;3.47;3.40;3.44;3.44;968592;;74800131
OSW;14159421;2025-03-21;17.27;17.77;17.01;17.50;17.50;5459647;;
OTECU;12444389;2024-01-30;10.20;10.20;10.20;10.20;10.20;0;;1848503
OTEL;969956;2021-03-31;11.73;11.74;11.72;11.74;11.74;12058;;3421794
OTEX;714157;2025-03-21;26.04;26.42;25.94;26.38;26.38;1423180;;263999998
OTIS;1161716;2025-03-21;101.49;102.32;100.28;101.21;101.21;7216931;;396518563
OTLK;908645;2025-03-21;1.47;1.53;1.47;1.51;1.51;682488;;32017179
OTLY;18538664;2025-03-21;9.24;10.02;9.06;10.02;10.02;273176;;598559840
OTRK;495603;2025-03-21;1.43;1.55;1.43;1.55;1.55;15271;;4217846
OTTR;703658;2025-03-21;82.35;82.78;80.80;80.87;80.87;1727089;;41827999
OUST;12444321;2025-03-21;8.54;11.11;8.54;11.05;11.05;7939712;;49770639
OUT;706846;2025-03-21;16.12;16.31;15.99;16.25;16.25;3366617;;167024613
OVBC;9075992;2025-03-21;31.11;31.60;29.02;29.48;29.48;36762;;4711001
OVID;9075800;2025-03-21;0.42;0.46;0.42;0.43;0.43;371491;;71075005
OVLY;9075882;2025-03-21;24.03;24.41;24.03;24.14;24.14;20786;;8358711
OVV;980326;2025-03-21;42.09;42.25;41.35;41.46;41.46;22206405;;260324464
OWL;11794914;2025-03-21;20.38;20.91;20.14;20.65;20.65;11327186;;456189118
OXFD;124252;2021-03-08;21.99;21.99;21.99;21.99;21.99;0;;25961817
OXM;185852;2025-03-21;60.11;61.32;59.31;60.12;60.12;556357;;15701033
OXSQ;10656676;2025-03-21;2.59;2.60;2.58;2.59;2.59;228820;;69789527
OXUS;18045534;2025-03-21;5.90;6.21;5.87;6.10;6.10;6035;;21378890
OXY;334205;2025-03-21;47.73;48.13;47.52;47.94;47.94;23264731;;938500965
OZK;6481040;2025-03-21;43.90;44.44;43.40;44.31;44.31;2886724;;
OZRK;135823;2018-07-13;41.89;42.58;41.07;41.24;41.24;2801286;;121577177
OZSC;16532294;2025-03-21;0.00;0.00;0.00;0.00;0.00;70034849;;6628031093
P;91899;2019-02-26;8.38;8.38;8.38;8.38;8.38;0;;388476275
PAA;980332;2025-03-21;20.24;20.26;19.85;19.97;19.97;10273797;;703775950
PAAS;3308037;2025-03-21;25.94;26.16;25.27;25.75;25.75;4101565;;363040341
PACB;81196;2025-03-21;1.29;1.30;1.22;1.30;1.30;7438857;;297852228
PACI;15539355;2017-07-28;1.74;1.74;1.74;1.74;1.74;0;;
PACK;10656516;2025-03-21;5.59;5.72;5.38;5.65;5.65;777375;;83609781
PACW;537548;2023-11-30;7.92;8.00;7.46;7.54;7.54;24640605;;118558000
PAG;6480938;2025-03-21;149.14;150.18;146.68;149.38;149.38;303210;;66749222
PAGP;10383781;2025-03-21;21.48;21.60;21.27;21.34;21.34;846881;;197743624
PAGS;17663710;2025-03-21;8.30;8.39;8.25;8.26;8.26;4229932;;209148916
PAHC;177507;2025-03-21;21.59;22.15;21.59;21.90;21.90;314468;;40503608
PALT;15204664;2025-03-21;1.89;1.91;1.80;1.82;1.82;20396;;9236987
PANL;15141559;2025-03-21;5.42;5.49;5.33;5.35;5.35;888994;;65628437
PANW;199345;2025-03-21;181.72;183.60;179.72;182.32;182.32;8498252;;662100000
PAR;7962634;2025-03-21;60.40;61.96;59.95;61.74;61.74;497110;;40213079
PARA;378106;2025-03-21;11.92;12.00;11.76;11.86;11.86;14046132;;670710316
PARR;6767661;2025-03-21;14.65;14.82;13.93;14.31;14.31;4778778;;54747885
PASG;14814695;2025-03-21;0.48;0.51;0.45;0.50;0.50;183461;;62148274
PATH;1253258;2025-03-21;10.67;10.81;10.52;10.81;10.81;11463321;;549598929
PATI;13511426;2023-12-21;16.25;16.26;16.25;16.26;16.26;19376;;3526489
PATK;745754;2025-03-21;84.09;85.40;82.82;85.08;85.08;760940;;33644702
PAVM;11034525;2025-03-21;0.79;0.81;0.73;0.81;0.81;154094;;9431721
PAX;17663712;2025-03-21;11.76;11.76;11.62;11.71;11.71;579972;;55308508
PAY;11795182;2025-03-21;27.01;27.48;26.43;27.29;27.29;484219;;124968670
PAYA;11795118;2023-02-22;9.74;9.74;9.74;9.74;9.74;0;;126417577
PAYC;746934;2025-03-21;212.96;219.32;210.80;218.30;218.30;2944689;;57264718
PAYO;11795028;2025-03-21;7.21;7.56;7.21;7.46;7.46;7470921;;359854076
PAYS;921205;2025-03-21;2.33;2.38;2.25;2.34;2.34;293792;;53548374
PAYX;106287;2025-03-21;144.12;144.54;142.01;143.02;143.02;4755854;;359898021
PB;1234785;2025-03-21;70.35;70.87;69.76;70.54;70.54;917577;;95262717
PBAJ;11795058;2025-03-21;5.00;5.00;5.00;5.00;5.00;0;;200130920
PBAXU;11819180;2024-02-14;10.37;10.37;10.37;10.37;10.37;7;;2173298
PBCT;335764;2022-04-04;19.41;19.41;19.41;19.41;19.41;1;;418285714
PBF;546186;2025-03-21;21.73;21.80;20.71;20.76;20.76;4248435;;115313493
PBFS;11819998;2025-03-21;11.79;11.97;11.67;11.68;11.68;62167;;25848091
PBH;641370;2025-03-21;83.71;84.89;83.31;84.21;84.21;622874;;49537839
PBHC;15394206;2025-03-21;16.67;17.00;16.67;17.00;17.00;4648;;
PBI;378200;2025-03-21;9.26;9.46;9.23;9.38;9.38;4092169;;182786974
PBIP;9076206;2022-09-07;15.13;15.13;15.13;15.13;15.13;11;;7755952
PBPB;7962952;2025-03-21;9.06;9.33;8.89;9.32;9.32;313927;;29879504
PBSV;242378;2025-03-21;0.40;0.40;0.40;0.40;0.40;0;;22930842
PBYI;668565;2025-03-21;3.37;3.52;3.36;3.51;3.51;569449;;49610799
PCAR;406606;2025-03-21;97.39;97.84;96.24;97.11;97.11;8545372;;524802603
PCB;10656634;2025-03-21;18.62;18.88;18.61;18.70;18.70;53239;;14380651
PCCT;17429696;2023-10-19;8.90;8.90;5.50;6.26;6.26;85297;;7830915
PCG;378198;2025-03-21;17.04;17.24;16.88;16.88;16.88;31052931;;2671320389
PCH;1067480;2025-03-21;46.57;46.57;43.80;44.52;44.52;988745;;78788000
PCMI;898543;2019-08-30;35.01;35.01;35.01;35.01;35.01;0;;12327791
PCOK;11795226;2025-03-21;2.70;2.70;2.70;2.70;2.70;0;;102951395
PCOR;1374845;2025-03-21;68.79;70.53;68.34;70.38;70.38;1122467;;149924206
PCP;438657;2016-02-08;234.95;234.95;234.95;234.95;234.95;0;;137738667
PCRX;982111;2025-03-21;23.53;24.25;23.53;24.14;24.14;3074867;;46173240
PCSA;16682806;2025-03-21;0.43;0.45;0.42;0.43;0.43;22757;;3256944
PCSB;9076191;2022-12-30;19.01;19.26;18.70;19.04;19.04;124818;;14214313
PCT;11795168;2025-03-21;7.47;7.84;7.36;7.77;7.77;1975291;;179336275
PCTI;919132;2023-12-15;6.99;7.00;6.99;6.99;6.99;143860;;18367000
PCTY;1054411;2025-03-21;189.04;192.48;186.60;191.91;191.91;568607;;55887207
PCVX;1253394;2025-03-21;73.66;76.61;72.78;74.66;74.66;1775274;;128761622
PCYG;9075986;2024-10-07;18.12;18.72;17.92;18.47;18.47;100588;;18246089
PCYO;9075838;2025-03-21;10.37;10.90;10.33;10.71;10.71;130330;;24073094
PD;987612;2025-03-21;18.61;19.15;18.55;18.89;18.89;1762690;;91084454
PDCE;1374139;2023-09-05;73.85;73.85;73.85;73.85;73.85;0;;87169000
PDCO;196179;2025-03-21;31.18;31.20;31.16;31.16;31.16;2119792;;88474000
PDEX;246198;2025-03-21;49.00;49.00;47.40;48.92;48.92;14151;;3261043
PDFS;606334;2025-03-21;20.42;20.80;20.17;20.79;20.79;545816;;39113755
PDLB;10656652;2025-03-21;12.80;12.94;12.79;12.80;12.80;86158;;22684406
PDLI;533398;2022-01-18;2.47;2.47;2.47;2.47;2.47;0;;114515806
PDM;7962640;2025-03-21;7.26;7.31;7.16;7.23;7.23;1223944;;124291670
PDSB;10656632;2025-03-21;1.35;1.38;1.30;1.37;1.37;172720;;37409137
PE;749130;2021-01-12;16.62;17.31;16.62;16.93;16.93;35685638;;412864527
PEAK;378162;2024-03-01;16.74;17.14;16.49;17.10;17.10;9975519;;547172983
PEB;107219;2025-03-21;10.35;10.44;9.96;10.27;10.27;3959977;;119813965
PEBK;9075966;2025-03-21;27.34;28.20;27.34;27.42;27.42;20390;;5455999
PEBO;7962664;2025-03-21;29.66;29.96;29.36;29.73;29.73;346927;;35670204
PECO;10383435;2025-03-21;34.95;35.14;34.65;34.93;34.93;1198357;;125200000
PED;11034145;2025-03-21;0.73;0.76;0.71;0.75;0.75;49219;;89495267
PEDH;662413;2025-03-21;0.01;0.01;0.01;0.01;0.01;0;;4465202
PEG;117316;2025-03-21;82.90;83.21;82.31;82.98;82.98;5246688;;498561467
PEGA;448267;2025-03-21;71.12;73.02;70.44;72.89;72.89;757281;;85898878
PEGI;708994;2020-03-16;26.74;26.74;26.74;26.74;26.74;100;;98218625
PEN;920930;2025-03-21;277.98;282.08;273.00;280.38;280.38;730350;;38515949
PENN;988816;2025-03-21;16.93;17.43;16.66;17.37;17.37;3236927;;152947379
PEP;218222;2025-03-21;147.00;147.70;144.75;145.45;145.45;11481945;;1371499838
PEPG;11817909;2025-03-21;1.83;1.87;1.73;1.77;1.77;452498;;32692388
PERF;209149;2025-03-21;1.88;1.94;1.88;1.93;1.93;65599;;15493763
PERI;1214252;2025-03-21;8.14;8.19;8.08;8.14;8.14;156536;;47991344
PESI;664574;2025-03-21;7.49;7.49;6.91;6.96;6.96;606626;;18428393
PET;15296791;2025-03-21;0.25;0.25;0.24;0.25;0.25;108818;;49791120
PETM;953585;2015-03-11;82.98;83.00;82.98;82.98;82.98;11623204;;99411312
PETQ;1371623;2024-10-25;30.98;30.98;30.98;30.98;30.98;0;;29885774
PETS;820678;2025-03-21;4.00;4.26;4.00;4.25;4.25;603381;;20656457
PETV;13774430;2025-03-21;0.52;0.52;0.52;0.52;0.52;18845;;22201784
PFBC;7962696;2025-03-21;83.94;84.91;83.12;84.43;84.43;284917;;
PFBI;9076313;2021-09-24;17.79;17.79;17.79;17.79;17.79;0;;14759185
PFBX;15296779;2025-03-21;19.27;19.27;19.27;19.27;19.27;0;;4617466
PFC;11795302;2025-03-03;28.04;28.04;28.04;28.04;28.04;0;;35925095
PFE;262090;2025-03-21;26.13;26.52;26.01;26.28;26.28;349325301;;5667340414
PFG;367240;2025-03-21;83.38;83.70;82.61;83.26;83.26;2519626;;225571329
PFGC;180458;2025-03-21;75.37;76.92;73.97;76.76;76.76;1880034;;156216487
PFHC;11795134;2025-03-21;7.60;7.80;7.53;7.67;7.67;590116;;160178432
PFHO;16409727;2025-03-21;0.73;0.73;0.73;0.73;0.73;5023;;12800000
PFIE;9076091;2025-01-03;2.54;2.54;2.54;2.54;2.54;0;;46825381
PFIS;9075782;2025-03-21;45.33;45.56;44.60;45.00;45.00;57631;;9994647
PFLC;12444727;2025-03-21;11.00;11.00;11.00;11.00;11.00;0;;10373563
PFLT;10656448;2025-03-21;11.11;11.23;11.10;11.18;11.18;1350583;;87955896
PFMT;11819946;2024-12-17;3.68;3.68;3.51;3.56;3.56;166175;;78291364
PFPT;1017401;2021-08-31;175.90;175.90;175.90;175.90;175.90;102;;57369765
PFS;6767705;2025-03-21;16.87;17.05;16.72;16.92;16.92;1920264;;130489493
PFSI;10383829;2025-03-21;101.56;102.29;100.49;101.01;101.01;352658;;51434010
PFSW;9076044;2023-10-23;7.49;7.50;7.48;7.49;7.49;115528;;23079000
PFTA;17612556;2024-12-18;10.76;10.76;10.76;10.76;10.76;0;;8100345
PG;133209;2025-03-21;167.14;168.14;164.12;166.69;166.69;15871652;;2344851814
PGC;726431;2025-03-21;29.21;29.26;28.47;28.66;28.66;193669;;17596195
PGEN;10656520;2025-03-21;1.80;1.96;1.78;1.81;1.81;2346976;;294042973
PGID;13511412;2025-03-21;0.01;0.01;0.01;0.01;0.01;0;;252184221
PGNX;795979;2020-06-19;4.60;4.79;3.94;4.10;4.10;34928367;;86596633
PGNY;1234786;2025-03-21;21.46;22.04;21.33;21.86;21.86;5075267;;85413283
PGR;378203;2025-03-21;275.30;278.33;272.53;272.86;272.86;7265075;;586207679
PGRE;350539;2025-03-21;4.17;4.18;4.10;4.15;4.15;2089067;;217527797
PGRWU;11820126;2023-05-09;10.35;10.35;10.35;10.35;10.35;3197;;17250000
PGTI;127570;2024-03-28;41.99;41.99;41.99;41.99;41.99;0;;57261697
PGTK;13950770;2025-03-21;0.48;0.48;0.48;0.48;0.48;0;;52345724
PGY;16532300;2025-03-21;10.98;11.40;10.89;11.37;11.37;1256224;;56919856
PH;354246;2025-03-21;621.62;628.14;611.73;622.10;622.10;811560;;128764843
PHAT;11795332;2025-03-21;6.14;6.54;6.06;6.23;6.23;1517105;;69636970
PHCI;13511348;2025-03-21;1.15;1.48;1.15;1.48;1.48;900;;45606677
PHG;18322823;2025-03-21;25.56;25.62;25.38;25.49;25.49;720804;;925009074
PHH;257104;2025-03-21;11.00;13.98;11.00;13.48;13.48;541213;;32581228
PHI;18538666;2025-03-21;23.16;23.33;22.67;22.82;22.82;140985;;216055775
PHIL;15071408;2025-03-21;0.00;0.00;0.00;0.00;0.00;5210600;;46873940565
PHIN;14122319;2025-03-21;43.53;44.88;43.26;44.51;44.51;3242411;;40813559
PHM;404717;2025-03-21;102.49;103.75;100.35;102.72;102.72;8817308;;202457952
PHR;10384227;2025-03-21;27.07;28.09;26.92;27.46;27.46;543059;;58772448
PHUN;895647;2025-03-21;2.90;3.00;2.83;2.95;2.95;284738;;19888185
PHX;371566;2025-03-21;4.12;4.12;4.06;4.08;4.08;38868;;37922368
PHYT;17662012;2024-10-29;11.55;11.55;11.55;11.55;11.55;8;;25156250
PI;182875;2025-03-21;87.94;91.45;87.84;90.25;90.25;584713;;28538125
PII;104458;2025-03-21;41.69;42.36;41.02;41.99;41.99;2625868;;56099881
PIII;11795152;2025-03-21;0.18;0.18;0.16;0.17;0.17;183061;;358820282
PINC;448306;2025-03-21;18.67;18.82;18.38;18.55;18.55;7303488;;91307397
PINE;1338974;2025-03-21;16.35;16.37;16.14;16.21;16.21;136354;;14692498
PINS;979810;2025-03-21;31.10;32.65;31.01;32.42;32.42;15157107;;678237417
PIPR;6767495;2025-03-21;254.61;259.11;252.67;259.07;259.07;215926;;17730430
PIR;244053;2020-10-15;0.15;0.15;0.15;0.15;0.15;0;;4257902
PIRS;9076077;2024-12-13;15.01;15.35;13.26;13.60;13.60;51727;;1320240
PIXY;1077532;2025-03-21;6.53;6.53;6.53;6.53;6.53;0;;450604
PJT;158528;2025-03-21;141.59;145.34;140.92;144.02;144.02;379410;;23298017
PK;641161;2025-03-21;11.36;11.41;10.88;11.17;11.17;8769844;;202044929
PKBK;9075894;2025-03-21;18.55;18.70;18.39;18.50;18.50;77684;;11842596
PKD;998473;2020-02-10;14.66;14.66;14.66;14.66;14.66;0;;15044739
PKE;89458;2025-03-21;13.58;13.91;13.52;13.84;13.84;142727;;19925243
PKG;448316;2025-03-21;195.32;195.88;192.49;194.41;194.41;2532948;;89801225
PKI;378197;2023-05-15;115.98;117.21;114.67;115.24;115.24;1616912;;126285000
PKKW;15585646;2025-03-21;12.45;12.50;12.45;12.50;12.50;8759;;5639204
PKOH;9075926;2025-03-21;22.17;22.96;21.51;22.00;22.00;62190;;14230992
PL;11795154;2025-03-21;3.61;3.83;3.15;3.79;3.79;17295908;;296708829
PLAB;39856;2025-03-21;21.01;21.27;20.63;21.01;21.01;2269351;;63561709
PLAN;925650;2022-06-22;63.73;63.73;63.73;63.73;63.73;0;;149877000
PLAY;44636;2025-03-21;19.11;19.91;18.05;19.87;19.87;1370767;;38502886
PLBC;10656614;2025-03-21;43.72;44.44;42.27;42.66;42.66;57593;;5920083
PLBY;12444361;2025-03-21;1.14;1.23;1.10;1.20;1.20;415334;;93747069
PLCE;737152;2025-03-21;7.94;8.90;7.92;8.80;8.80;616605;;12776369
PLD;113992;2025-03-21;111.27;111.66;107.93;108.42;108.42;7091370;;926860000
PLG;18145446;2025-03-21;1.35;1.35;1.23;1.28;1.28;379916;;75189717
PLL;10384275;2025-03-21;6.92;7.23;6.91;7.11;7.11;296029;;21943521
PLMI;14509094;2024-09-16;12.00;12.00;9.00;9.00;9.00;9174;;13208627
PLMR;10384259;2025-03-21;131.12;131.23;128.91;129.32;129.32;396967;;26677622
PLNHF;13950772;2023-09-15;0.86;0.96;0.86;0.91;0.91;333101;;222247854
PLNT;948485;2025-03-21;99.01;100.43;97.97;100.02;100.02;2398252;;84671979
PLOW;7962732;2025-03-21;23.71;23.90;23.45;23.70;23.70;252018;;23094047
PLPC;728955;2025-03-21;146.58;146.58;141.07;141.86;141.86;77626;;4940991
PLRX;10384251;2025-03-21;1.56;1.66;1.52;1.55;1.55;3910438;;61236291
PLSE;1253396;2025-03-21;15.92;16.53;15.57;16.06;16.06;222028;;61516677
PLTK;10383500;2025-03-21;4.37;4.37;3.97;4.01;4.01;21343204;0.10;375320819
PLTR;1039027;2025-03-21;85.85;91.07;84.46;90.96;90.96;115639379;;2090107000
PLUG;1011101;2025-03-21;1.56;1.59;1.52;1.53;1.53;55755143;;925178088
PLUS;1234044;2025-03-21;63.08;64.41;61.75;64.15;64.15;1596301;;26616420
PLX;10656642;2025-03-21;2.35;2.49;2.30;2.49;2.49;678177;;78032585
PLXP;11036301;2023-09-29;0.00;0.00;0.00;0.00;0.00;3054;;28603426
PLXS;6767477;2025-03-21;127.48;128.50;125.99;128.21;128.21;743498;;27040158
PLYA;14034208;2025-03-21;13.32;13.35;13.31;13.33;13.33;5269767;;122988198
PLYM;11795204;2025-03-21;17.19;17.19;16.72;17.01;17.01;530222;;45550898
PM;82860;2025-03-21;152.38;152.68;150.35;151.48;151.48;11155503;;1554857221
PMBC;9076258;2021-10-18;9.55;9.65;9.26;9.40;9.40;149545;;23633059
PMCB;13511386;2025-03-21;1.57;1.71;1.56;1.58;1.58;18874;;6863699
PMD;512201;2024-12-12;2.61;2.77;2.46;2.67;2.67;112324;;5866168
PMGMU;11817973;2024-05-17;10.96;10.96;10.96;10.96;10.96;0;;39122238
PMHG;15337181;2025-03-21;28.99;28.99;28.99;28.99;28.99;5;;3287747
PMN;16453521;2025-03-21;0.66;0.66;0.64;0.64;0.64;10562;;32689190
PMTS;10656464;2025-03-21;28.69;29.44;28.25;29.40;29.40;52748;;11240507
PMVP;11820049;2025-03-21;1.24;1.30;1.21;1.27;1.27;51786;;51933604
PNBK;16532298;2025-03-21;1.51;1.58;1.13;1.40;1.40;19654325;;3976073
PNC;348075;2025-03-21;172.00;173.68;170.85;173.61;173.61;5452803;;395749583
PNFP;783539;2025-03-21;104.67;106.55;102.94;105.99;105.99;1079822;;77366731
PNM;1067473;2024-08-02;42.00;42.25;41.30;41.77;41.77;486374;;90200384
PNNT;10656514;2025-03-21;7.10;7.13;7.07;7.12;7.12;247247;;65296094
PNPL;13624118;2025-03-21;0.14;0.14;0.14;0.14;0.14;510;;73103569
PNR;334445;2025-03-21;87.56;87.78;86.47;87.42;87.42;3229943;;164817183
PNRA;412883;2017-07-19;314.93;314.93;314.93;314.93;314.93;0;;22720422
PNRG;10656662;2025-03-21;211.68;220.48;205.00;216.14;216.14;12697;;1717500
PNT;11795214;2024-01-09;12.50;12.50;12.50;12.50;12.50;501;;105724215
PNTG;10656474;2025-03-21;23.54;23.93;23.32;23.40;23.40;276291;;34429989
PNW;327292;2025-03-21;93.84;94.71;93.25;93.76;93.76;2078461;;119099064
PNYG;18025579;2025-03-21;0.21;0.21;0.21;0.21;0.21;0;;11500000
POAI;16682804;2025-03-21;1.05;1.14;1.05;1.11;1.11;81027;;6666993
POCI;13841955;2025-03-21;4.66;4.75;4.62;4.73;4.73;4358;;6364879
PODD;349262;2025-03-21;263.47;268.97;258.25;268.32;268.32;1297064;;70226104
POLA;11035731;2025-03-21;2.59;2.72;2.58;2.72;2.72;21068;;2509554
POLY;7962628;2022-08-30;39.82;39.82;39.82;39.82;39.82;0;;43428000
POM;1077978;2016-04-01;26.93;26.93;26.93;26.93;26.93;0;;887313966
PONO;11795268;2024-09-13;0.13;0.18;0.13;0.14;0.14;7701;;924890
POOL;448357;2025-03-21;320.27;320.55;316.34;320.14;320.14;443285;;37630465
POR;6480992;2025-03-21;44.12;44.42;43.63;43.74;43.74;2446289;;109347586
POST;625659;2025-03-21;111.97;114.04;111.25;111.53;111.53;1010457;;56481848
POWI;6481016;2025-03-21;54.68;55.56;54.04;54.88;54.88;808101;;56933000
POWL;7962744;2025-03-21;176.74;185.61;175.17;184.22;184.22;585850;;12064723
POWW;10656604;2025-03-21;1.38;1.45;1.36;1.44;1.44;966146;;118756733
PPBI;6767557;2025-03-21;22.00;22.00;21.36;21.62;21.62;2214765;;96437779
PPC;423305;2025-03-21;52.00;52.49;48.00;49.23;49.23;9451067;;237122205
PPG;256062;2025-03-21;110.25;111.49;109.33;110.73;110.73;3130339;;226953559
PPIH;209037;2025-03-21;14.06;14.06;13.75;13.76;13.76;13450;;7982568
PPL;26853;2025-03-21;34.88;35.01;34.44;34.76;34.76;8600215;;738294081
PPSI;88673;2025-03-21;3.44;3.57;3.33;3.49;3.49;26941;;11012503
PPTA;15539343;2025-03-21;11.46;11.66;11.10;11.20;11.20;4820141;;71254636
PPWLM;14097472;2025-02-07;193.25;193.25;193.25;193.25;193.25;1;;1
PPYAU;11817750;2025-03-21;10.42;10.42;10.42;10.42;10.42;0;;22680556
PR;6481020;2025-03-21;13.92;13.93;13.72;13.78;13.78;10209929;;803498757
PRA;6767789;2025-03-21;23.00;23.21;22.99;23.16;23.16;2136501;;51156821
PRAA;6767639;2025-03-21;20.14;20.56;19.91;20.37;20.37;619200;;39509560
PRAH;1054949;2021-07-01;165.21;165.21;165.21;165.21;165.21;0;;64795400
PRAX;14821535;2025-03-21;36.89;38.15;36.36;37.12;37.12;268652;;20163250
PRBM;12442264;2023-06-28;9.95;9.95;9.95;9.95;9.95;0;;3593750
PRCH;1200989;2025-03-21;6.50;6.93;6.25;6.80;6.80;4355945;;120063981
PRCP;210612;2020-12-21;6.97;6.97;6.97;6.97;6.97;0;;9779547
PRCT;11795114;2025-03-21;57.39;58.60;56.14;58.10;58.10;666215;;54818700
PRDO;1241826;2025-03-21;24.39;24.79;24.08;24.58;24.58;3694697;;65914275
PRFT;6767455;2024-10-10;75.96;75.96;75.96;75.96;75.96;0;;35156654
PRG;1234787;2025-03-21;26.95;27.24;26.70;27.19;27.19;1180445;;40816531
PRGB;167827;2017-12-04;0.04;0.04;0.04;0.04;0.04;0;;394538316
PRGO;334568;2025-03-21;28.22;28.40;27.86;27.94;27.94;1984573;;136458620
PRGS;748103;2025-03-21;53.94;54.80;53.74;54.43;54.43;2120610;;43369671
PRGX;1008639;2021-03-03;7.69;7.71;7.69;7.71;7.71;101813;;23561493
PRI;1055098;2025-03-21;288.17;288.17;283.38;284.52;284.52;788081;;33250713
PRIM;6767669;2025-03-21;63.23;64.52;62.95;63.62;63.62;1349945;;53747628
PRK;6767571;2025-03-21;152.52;153.83;151.10;153.83;153.83;253906;;16158982
PRKA;954543;2025-03-21;0.40;0.40;0.40;0.40;0.40;150;;75726851
PRKR;15337179;2025-03-21;0.73;0.76;0.70;0.71;0.71;106690;;101132954
PRLB;341185;2025-03-21;35.71;36.50;35.61;36.28;36.28;498823;;24233196
PRLD;11818546;2025-03-21;0.72;0.77;0.71;0.71;0.71;140127;;55154634
PRM;14034206;2025-03-21;9.07;9.20;8.97;9.04;9.04;3526755;;149664037
PRME;14509142;2025-03-21;1.95;1.98;1.85;1.95;1.95;1330480;;131160842
PRMW;17663714;2024-11-08;24.68;26.02;23.64;24.21;24.21;11416369;;
PRO;969097;2025-03-21;20.23;20.80;20.21;20.60;20.60;621399;;47567581
PROF;18493385;2025-03-21;6.74;7.02;6.61;6.81;6.81;58320;;30039809
PROG;1872948;2025-03-21;0.15;0.16;0.13;0.13;0.13;8478;;4522702
PROK;15394204;2025-03-21;0.94;1.03;0.87;0.96;0.96;824560;;129747545
PROM;156801;2025-03-21;0.80;0.80;0.80;0.80;0.80;0;;250010162
PROV;998465;2025-03-21;14.05;14.06;13.86;13.86;13.86;9044;;6690711
PRPH;12444283;2025-03-21;0.38;0.39;0.31;0.31;0.31;1144673;;23874029
PRPL;978141;2025-03-21;0.84;0.89;0.84;0.88;0.88;678375;;107710475
PRPO;778232;2025-03-21;6.73;6.89;6.62;6.78;6.78;6557;;1482333
PRQR;18538668;2025-03-21;1.63;1.65;1.59;1.65;1.65;629073;;105212527
PRSI;13841953;2025-03-21;2.01;2.01;2.01;2.01;2.01;0;;734187
PRSO;11036177;2025-03-21;0.79;0.85;0.76;0.85;0.85;38596;;3429959
PRSP;1057795;2021-05-06;29.34;29.35;29.33;29.34;29.34;7537017;;161070907
PRTA;6481083;2025-03-21;12.72;12.99;12.54;12.97;12.97;869554;;53826982
PRTH;10656562;2025-03-21;7.86;8.05;7.79;7.89;7.89;799389;;79519234
PRTK;9076034;2023-09-21;2.23;2.23;2.23;2.23;2.23;0;;57282239
PRTS;675964;2025-03-21;0.97;1.00;0.94;0.96;0.96;408583;;57399643
PRTX;95453;2021-06-25;0.01;0.01;0.01;0.01;0.01;0;;47325387
PRU;78741;2025-03-21;110.02;110.97;109.21;110.27;110.27;3235592;;359000000
PRVA;11794982;2025-03-21;23.19;23.42;22.90;23.34;23.34;1471819;;120513183
PRVB;10383980;2023-04-27;24.98;24.98;24.98;24.98;24.98;218200;;74723000
PRXL;210352;2017-10-09;88.08;88.08;88.08;88.08;88.08;0;;51115310
PS;698235;2021-04-06;22.45;22.45;22.45;22.45;22.45;0;;148534713
PSA;378204;2025-03-21;295.89;296.12;290.57;291.14;291.14;1373337;;175415530
PSB;949477;2022-07-20;187.44;187.44;187.44;187.44;187.44;0;;27565000
PSEC;10383908;2025-03-21;4.26;4.28;4.22;4.22;4.22;2905310;;442744944
PSFE;1266886;2025-03-21;17.06;17.46;17.01;17.33;17.33;494323;;59888304
PSIX;15141557;2025-03-21;31.07;31.40;29.11;30.54;30.54;612698;;22999616
PSMT;6767503;2025-03-21;83.63;84.92;82.87;83.71;83.71;1758156;;30686721
PSN;971592;2025-03-21;58.51;59.39;57.57;59.05;59.05;1248296;;106777126
PSNL;1252816;2025-03-21;3.54;3.65;3.52;3.56;3.56;652049;;88263269
PSNY;16872326;2025-03-21;1.09;1.13;1.07;1.07;1.07;4071967;;467677673
PSO;1330269;2025-03-21;15.43;15.49;15.30;15.49;15.49;1056649;0.21;666264831
PSPC;11817028;2023-05-26;10.22;10.23;10.22;10.23;10.23;514256;;9715000
PSSR;210051;2025-03-21;0.00;0.00;0.00;0.00;0.00;0;;7712091
PSTG;40474;2025-03-21;49.59;51.37;49.28;51.15;51.15;4050672;;326236972
PSTI;201828;2022-07-25;1.02;1.05;0.95;1.00;1.00;169047;;32136352
PSTL;10656488;2025-03-21;14.06;14.13;13.77;13.85;13.85;406918;;23556545
PSTV;1215820;2025-03-21;1.10;1.35;1.02;1.18;1.18;25714493;;5896333
PSTX;10656576;2025-01-08;9.50;9.50;9.50;9.50;9.50;0;;97465024
PSX;353084;2025-03-21;128.53;129.05;124.79;125.49;125.49;4549958;;407698347
PTAM;660617;2025-03-21;0.00;0.00;0.00;0.00;0.00;22001;;148625000
PTC;148538;2025-03-21;158.83;160.93;157.60;159.84;159.84;1539509;;120323542
PTCT;6481022;2025-03-21;56.25;57.34;55.73;57.14;57.14;1038038;;78869368
PTE;184064;2023-06-15;0.24;0.25;0.23;0.24;0.24;8360229;;7320754
PTEN;345674;2025-03-21;8.30;8.45;8.18;8.38;8.38;30074757;;386390297
PTGX;11795096;2025-03-21;53.23;53.23;51.06;52.65;52.65;3695676;;61384289
PTHR;16872324;2024-01-12;5.50;6.00;5.05;5.72;5.72;17445;;17104497
PTI;233042;2024-10-24;0.69;0.69;0.69;0.69;0.69;6790;;1036998
PTIX;11035990;2025-03-21;0.26;0.29;0.25;0.28;0.28;117141;;6794821
PTLO;11795122;2025-03-21;12.19;12.20;11.94;12.08;12.08;1259238;;74602527
PTMN;12442258;2025-03-21;15.69;15.69;15.28;15.31;15.31;63689;;9198175
PTN;642335;2025-03-21;0.78;0.82;0.76;0.81;0.81;467656;;26005846
PTOCU;11817082;2023-03-10;10.11;10.11;10.11;10.11;10.11;3;;34500000
PTON;963029;2025-03-21;6.30;7.04;6.28;6.96;6.96;25906698;;389964496
PTRA;10656518;2018-07-17;0.03;0.03;0.03;0.03;0.03;39426;;
PTRS;12444433;2023-11-30;7.05;7.30;7.02;7.15;7.15;163734;;18009361
PTSI;7962798;2024-11-11;19.34;19.97;19.03;19.72;19.72;25826;;21782534
PTVE;10384255;2025-03-21;17.91;17.94;17.91;17.93;17.93;1063092;;180630534
PTZH;15042571;2025-03-21;10.00;10.00;10.00;10.00;10.00;0;;
PUBC;14122321;2025-03-21;0.11;0.11;0.11;0.11;0.11;880;;250497328
PUBM;1240866;2025-03-21;9.62;9.81;9.40;9.75;9.75;1033866;;48527293
PUCKU;12444443;2025-03-21;12.99;12.99;12.99;12.99;12.99;0;;7459267
PULM;11035914;2025-03-21;7.61;7.61;7.26;7.47;7.47;9860;;3652285
PUMP;1145424;2025-03-21;7.17;7.34;7.13;7.22;7.22;3607194;;103168656
PURE;53064;2025-03-21;0.07;0.08;0.07;0.08;0.08;306719;;111856473
PUYI;18073606;2025-03-21;0.15;0.16;0.14;0.15;0.15;86591;;372547538
PVAC;359467;2023-06-20;37.47;37.47;37.47;37.47;37.47;0;;15312273
PVBC;12444437;2025-03-21;11.61;11.90;11.29;11.47;11.47;63688;;17730043
PVCT;16682800;2025-03-21;0.10;0.11;0.10;0.11;0.11;381825;;419906859
PVH;46764;2025-03-21;63.54;65.96;63.12;65.15;65.15;3543607;;55633198
PVHO;340334;2021-06-25;0.00;0.00;0.00;0.00;0.00;150000;;163784225
PVNC;13511314;2018-10-08;0.30;0.30;0.30;0.30;0.30;0;;
PWFL;12444721;2024-06-28;4.60;4.71;4.38;4.57;4.57;13698622;;107349987
PWOD;9075948;2025-03-21;28.02;28.40;28.02;28.03;28.03;18181;;7612878
PWP;11795266;2025-03-21;19.20;19.70;18.56;19.65;19.65;1400260;;86792952
PWR;378205;2025-03-21;268.60;270.14;265.00;268.22;268.22;1604448;;148198321
PWSC;11794978;2024-10-01;22.81;22.81;22.81;22.81;22.81;0;;204180143
PWUP;15071414;2025-03-21;0.69;0.69;0.61;0.63;0.63;434676;;8991229
PX;378201;2025-03-21;11.86;11.93;11.78;11.86;11.86;1397111;;287856237
PXD;378199;2024-05-03;269.62;269.62;269.62;269.62;269.62;0;;233675158
PXDT;17596601;2024-11-25;0.58;0.58;0.58;0.58;0.58;0;;14869067
PXLW;11034072;2025-03-21;0.73;0.75;0.70;0.75;0.75;308392;;60882480
PXMD;15071410;2025-03-21;0.00;0.00;0.00;0.00;0.00;503;;10879170
PXPC;13511414;2025-03-21;0.05;0.05;0.05;0.05;0.05;1000;;332699500
PYCR;11794962;2025-03-21;22.40;22.41;22.38;22.39;22.39;1831063;;181771948
PYPL;109664;2025-03-21;68.62;70.41;68.55;70.19;70.19;14484685;;989242452
PYXS;1841390;2025-03-21;1.12;1.24;1.12;1.21;1.21;915226;;61590415
PYYX;825788;2025-03-21;4.00;4.00;4.00;4.00;4.00;0;;24607791
PZG;11035587;2025-03-21;0.38;0.39;0.37;0.38;0.38;339142;;67602688
PZN;9076359;2022-10-28;9.60;9.65;9.60;9.65;9.65;1482165;;16744993
PZZA;352171;2025-03-21;44.84;45.22;44.42;44.72;44.72;920038;;32661038
QADA;9076273;2021-11-05;87.63;87.63;87.63;87.63;87.63;0;;20872000
QBTS;15271644;2025-03-21;8.26;9.02;8.16;8.36;8.36;97399495;;287797149
QCOM;85758;2025-03-21;154.98;157.42;153.56;156.82;156.82;10729032;;1106000000
QCP;356195;2018-07-27;20.74;20.74;20.74;20.74;20.74;0;;94196282
QCRH;7962716;2025-03-21;72.40;73.13;71.51;71.77;71.77;145726;;16901169
QDEL;1055094;2025-03-21;34.84;36.13;34.66;35.93;35.93;1282179;;41758000
QEBR;654882;2025-03-21;0.00;0.00;0.00;0.00;0.00;24355;;25367541
QEP;504259;2021-03-18;4.08;4.08;4.08;4.08;4.08;0;;242221121
QFTA;12444479;2025-03-21;1.06;1.07;1.01;1.05;1.05;379995;;84022
QGEN;1253130;2025-03-21;39.25;39.75;39.17;39.66;39.66;1095493;;228202755
QIND;17590535;2025-03-21;0.02;0.02;0.02;0.02;0.02;174761;;121751901
QIPT;17663716;2025-03-21;2.29;2.37;2.23;2.37;2.37;488715;;43091273
QLGC;80382;2016-08-24;16.07;16.07;16.07;16.07;16.07;0;;83092000
QLYS;1059904;2025-03-21;126.78;129.30;125.46;127.92;127.92;831242;;36477672
QMCO;10656748;2025-03-21;15.75;18.60;15.75;16.72;16.72;2638270;;5834199
QNBC;15204666;2025-03-21;34.95;35.50;34.95;35.50;35.50;1641;;3701099
QNCX;16682808;2025-03-21;1.41;1.41;1.33;1.38;1.38;98446;;43276606
QNST;168827;2025-03-21;17.66;18.75;17.42;18.58;18.58;736431;;56468600
QNTO;13511344;2025-03-21;10.79;10.79;10.67;10.67;10.67;411;;2633465
QOMOU;16212275;2024-11-27;11.31;11.31;11.31;11.31;11.31;0;;6935623
QQQ;1171653;2025-03-21;474.08;481.61;472.90;480.84;480.84;41639400;;
QRHC;10656724;2025-03-21;2.92;2.98;2.78;2.82;2.82;117208;;20606395
QRTEA;980380;2025-02-21;0.37;0.37;0.35;0.36;0.36;1628848;;398582348
QRVO;35151;2025-03-21;71.56;73.38;70.78;71.80;71.80;11897915;;93396832
QS;1059132;2025-03-21;4.39;4.56;4.38;4.54;4.54;8242170;;471752000
QSAM;15296781;2024-05-02;7.75;8.30;7.74;8.30;8.30;133563;;4445469
QSEP;16532302;2025-03-21;0.16;0.16;0.15;0.15;0.15;125347;;405898799
QSI;1253402;2025-03-21;1.40;1.47;1.36;1.46;1.46;8612159;;183139605
QSIM;689588;2019-08-22;0.00;0.00;0.00;0.00;0.00;4000000;;205765428
QSR;716651;2025-03-21;67.11;67.33;66.20;67.00;67.00;1554955;0.62;452023222
QTNA;734346;2019-06-18;24.49;24.51;24.49;24.51;24.51;1672007;;38547504
QTNT;1253244;2023-01-03;0.38;0.38;0.38;0.38;0.38;12;;4249675
QTWO;6767657;2025-03-21;77.34;79.38;76.48;79.21;79.21;894441;;60727986
QUAD;9075934;2025-03-21;5.44;5.56;5.41;5.50;5.50;260830;;49300000
QUBT;17680694;2025-03-21;6.51;7.72;6.33;7.39;7.39;28250031;;91357640
QUIK;11034052;2025-03-21;5.54;5.69;5.46;5.62;5.62;211903;;14707072
QUOT;651172;2023-09-01;4.00;4.01;3.99;3.99;3.99;1079012;;98424000
QURE;14122333;2025-03-21;13.73;14.53;13.62;13.70;13.70;3002488;;54076880
R;378210;2025-03-21;138.84;142.47;138.67;141.64;141.64;620216;;42084928
RA;774807;2025-03-21;13.15;13.16;13.10;13.15;13.15;120985;;26458173
RAAS;17604214;2025-03-21;0.97;0.98;0.97;0.97;0.97;6098;;333957986
RAD;84515;2023-10-16;0.65;0.65;0.65;0.65;0.65;5426;;55179000
RADA;1203754;2022-11-28;9.87;9.87;9.87;9.87;9.87;0;;49385220
RADI;10384249;2023-09-21;15.00;15.00;15.00;15.00;15.00;0;;95821985
RAI;336424;2017-08-17;65.40;65.40;65.40;65.40;65.40;0;;1426125631
RAIL;543593;2025-03-21;6.37;6.59;6.17;6.24;6.24;186826;;19060397
RAIN;11818586;2025-03-21;2.01;2.25;1.95;2.14;2.14;27476;;36363315000
RAMP;1059127;2025-03-21;26.75;27.61;26.68;27.18;27.18;1388482;;65760690
RAND;14821537;2025-03-21;19.00;19.92;18.80;19.92;19.92;8189;;2969814
RANI;1873341;2025-03-21;1.46;1.55;1.46;1.55;1.55;82026;;25240000
RAPT;10656412;2025-03-21;1.18;1.34;1.16;1.31;1.31;4667642;;132006828
RARE;6767433;2025-03-21;38.53;39.28;38.18;39.18;39.18;934971;;92501126
RATE;140381;2025-03-21;19.20;19.20;19.20;19.20;19.20;33;;89695515
RAVE;640428;2025-03-21;2.86;2.86;2.72;2.75;2.75;8755;;14711566
RAVN;664566;2021-11-30;58.08;58.08;58.08;58.08;58.08;0;;35917637
RAX;53986;2016-11-11;31.99;31.99;31.99;31.99;31.99;0;;126400000
RBA;14122323;2025-03-21;98.00;99.29;96.90;98.96;98.96;2341044;;184748861
RBB;9075904;2025-03-21;16.86;17.50;16.49;16.65;16.65;109382;;17730121
RBBN;909370;2025-03-21;3.97;4.04;3.94;4.01;4.01;671372;;175724084
RBCAA;7962644;2025-03-21;63.66;64.47;63.27;63.87;63.87;64326;0.45;19490523
RBCN;11036264;2025-03-21;2.18;2.18;2.18;2.18;2.18;71;;2499690
RBKB;15539347;2025-03-21;10.49;10.49;10.45;10.49;10.49;1999;;11087607
RBLX;1338975;2025-03-21;58.21;61.44;57.10;61.16;61.16;13349293;;667299985
RBNC;9076262;2021-12-31;34.99;35.65;34.92;35.50;35.50;515901;;16665155
RBOT;1253250;2025-03-21;7.83;8.38;7.70;7.73;7.73;11622;;5930602
RBTK;11819804;2025-03-21;1.76;1.76;1.76;1.76;1.76;0;;110737348
RC;6767725;2025-03-21;5.03;5.08;4.98;5.03;5.03;3921176;;163151086
RCAT;13511388;2025-03-21;5.08;5.44;5.06;5.42;5.42;2991114;;80160782
RCEL;11817321;2025-03-21;9.18;9.18;8.85;8.96;8.96;249780;;26357542
RCFA;17616594;2024-11-15;11.45;11.45;11.45;11.45;11.45;1099;;28750000
RCII;515845;2023-02-24;26.27;26.87;24.95;26.78;26.78;866231;;55380000
RCKT;6767623;2025-03-21;8.26;8.70;8.22;8.43;8.43;3252073;;106629701
RCKY;1300071;2025-03-21;17.91;18.39;17.80;17.85;17.85;56299;;7462452
RCL;403292;2025-03-21;212.77;216.53;206.40;215.49;215.49;3598245;;269128754
RCM;10383324;2024-11-19;14.31;14.31;14.31;14.31;14.31;0;;422394189
RCMT;12444453;2025-03-21;15.19;15.80;14.83;15.14;15.14;71410;;7588577
RCON;13511450;2025-03-21;1.65;1.74;1.63;1.66;1.66;7331;;7987959
RCUS;790458;2025-03-21;8.94;9.15;8.83;8.94;8.94;2190237;;105841422
RDC;252069;2019-04-11;10.93;10.93;10.93;10.93;10.93;0;;127294643
RDDT;17776419;2025-03-21;107.80;116.29;106.00;115.70;115.70;7987117;;175578265
RDEN;255638;2016-09-08;13.98;13.98;13.98;13.98;13.98;0;;34791000
RDFN;808089;2025-03-21;11.17;11.21;10.96;11.04;11.04;5010985;;126389290
RDGL;15271654;2025-03-21;0.13;0.13;0.12;0.12;0.12;305848;;417592703
RDI;9076012;2025-03-21;1.43;1.43;1.40;1.40;1.40;16233;;22426184
RDN;750984;2025-03-21;31.79;32.24;31.53;32.02;32.02;20604597;;145063145
RDNT;143984;2025-03-21;49.19;49.89;48.04;49.25;49.25;1307355;;74041715
RDUS;9076287;2025-03-21;28.82;29.10;28.75;29.05;29.05;2139535;;47588158
RDVT;10656584;2025-03-21;38.88;39.00;37.89;38.64;38.64;79676;;13938623
RDW;1300408;2025-03-21;11.30;11.60;11.16;11.47;11.47;1283493;;75573294
RDWR;1242105;2025-03-21;22.34;23.11;22.07;22.99;22.99;830455;;41698876
RDZN;17663718;2025-03-21;1.11;1.15;1.07;1.14;1.14;412184;;74190986
REAL;978937;2025-03-21;6.12;6.34;5.92;6.23;6.23;3941332;;111246608
REAX;17663720;2025-03-21;4.34;4.48;4.26;4.47;4.47;947689;;
REDG;660712;2018-12-11;0.00;0.00;0.00;0.00;0.00;15525000;;3195513279
REED;727073;2025-03-21;1.30;1.30;1.30;1.30;1.30;1173;;8187291
REEMF;15296783;2025-03-21;0.70;0.74;0.65;0.70;0.70;346382;;516111557
REFI;11819435;2025-03-21;15.36;15.45;15.33;15.39;15.39;139126;;20893785
REFR;14864242;2025-03-21;1.27;1.27;1.17;1.21;1.21;42491;;33648221
REG;6475604;2025-03-21;71.95;71.95;70.76;71.50;71.50;1509093;;181365237
REGI;760763;2022-09-08;61.50;61.50;61.50;61.50;61.50;1568;;50249162
REGN;378206;2025-03-21;658.00;661.00;651.06;658.48;658.48;1862213;;109324682
REI;942590;2025-03-21;1.20;1.24;1.18;1.19;1.19;2234600;;199955529
REKR;11034210;2025-03-21;1.01;1.03;0.99;1.00;1.00;3018200;;93825324
RELL;10656602;2025-03-21;12.32;12.41;11.96;12.04;12.04;106804;;14408608
RELX;18300847;2025-03-21;49.75;50.11;49.74;50.01;50.01;605358;;1855941895
RELY;689895;2025-03-21;20.37;20.54;20.02;20.33;20.33;1806168;;29613396
REMI;76840;2025-03-21;0.05;0.05;0.05;0.05;0.05;0;;19995969
REN;637543;2019-03-01;30.91;30.91;30.91;30.91;30.91;0;;23164035
RENB;17663722;2025-03-21;0.69;0.73;0.64;0.70;0.70;1650185;;
RENE;15296761;2025-03-21;11.83;11.83;11.83;11.83;11.83;60;;28750000
RENT;12444309;2025-03-21;6.46;6.52;4.96;5.14;5.14;183922;;3882215
REPL;6767773;2025-03-21;11.32;11.49;10.78;10.82;10.82;2998876;;77014781
REPX;10384295;2025-03-21;29.91;30.26;29.23;29.79;29.79;121472;;21505338
RES;448466;2025-03-21;5.45;5.57;5.34;5.48;5.48;8759811;;216052632
RESI;137841;2023-12-12;9.70;9.70;9.70;9.70;9.70;0;;58747146
RETA;6481043;2023-09-26;172.36;172.36;172.36;172.36;172.36;0;;36321351
REV;639819;2022-10-20;4.09;4.18;3.89;3.90;3.90;169576;;55071206
REVEU;12444373;2023-04-10;10.50;10.53;10.50;10.53;10.53;365;;10700000
REVG;7962712;2025-03-21;31.24;31.75;30.85;31.51;31.51;852659;;51675165
REX;7962822;2025-03-21;36.22;36.89;35.80;36.71;36.71;365448;;17567152
REXR;139560;2025-03-21;40.05;40.28;38.79;39.04;39.04;7309185;;227964273
REYN;10383328;2025-03-21;23.74;23.80;23.38;23.67;23.67;1496812;;210171173
REZI;918602;2025-03-21;17.77;17.90;17.60;17.88;17.88;4841446;;147878146
RF;378207;2025-03-21;21.51;21.79;21.29;21.71;21.71;38361332;;905465071
RFIL;241093;2025-03-21;4.93;5.11;4.70;4.97;4.97;144985;;10669877
RFL;13511404;2025-03-21;1.87;1.96;1.86;1.86;1.86;17259;;24912772
RFP;717558;2023-03-06;21.92;21.92;21.92;21.92;21.92;0;;77500000
RGA;448474;2025-03-21;191.08;193.94;189.87;191.86;191.86;1181192;;66024444
RGC;493690;2025-03-21;53.70;64.72;50.00;58.63;58.63;891681;;156336000
RGCO;9075906;2025-03-21;20.49;21.93;20.25;21.45;21.45;49860;;10296965
RGEN;933166;2025-03-21;136.61;140.39;135.71;140.02;140.02;621107;;56148556
RGF;1397114;2025-01-06;3.31;3.86;1.13;1.25;1.25;1216502;;600006
RGLD;1054412;2025-03-21;154.05;157.46;152.62;157.01;157.01;1386918;;65758616
RGLS;768206;2025-03-21;1.37;1.40;1.35;1.37;1.37;263647;;66243384
RGNX;778666;2025-03-21;8.22;8.37;7.96;8.24;8.24;2442802;;50086138
RGP;328011;2025-03-21;6.91;6.91;6.73;6.77;6.77;520474;;33091107
RGR;1248958;2025-03-21;39.25;39.81;39.24;39.41;39.41;289572;;16762100
RGS;171506;2025-03-21;18.28;18.46;17.50;17.70;17.70;22602;;2435979
RGTI;15141561;2025-03-21;8.50;9.14;8.45;9.07;9.07;58440004;;285828047
RH;951586;2025-03-21;226.90;246.15;225.68;242.18;242.18;1252987;;18602848
RHE;712450;2025-02-04;2.77;2.77;2.77;2.77;2.77;0;;1879249
RHI;378208;2025-03-21;53.64;53.70;52.52;53.14;53.14;5903417;;102199469
RHP;2077099;2025-03-21;94.25;95.90;92.04;94.48;94.48;11771268;;59903401
RHT;94011;2019-07-08;187.70;187.81;187.60;187.71;187.71;999351;;178093007
RICK;100383;2025-03-21;45.08;45.55;44.66;45.14;45.14;72538;;8866875
RIDE;998523;2023-07-06;2.04;2.24;1.95;2.20;2.20;1363025;;15007300
RIG;350729;2025-03-21;3.19;3.23;3.12;3.19;3.19;40835626;;878886948
RIGL;909018;2025-03-21;20.13;20.54;19.87;20.20;20.20;674217;;17862958
RIHT;658986;2025-03-21;0.02;0.02;0.02;0.02;0.02;600;;147403398
RILY;998694;2025-03-21;4.22;4.29;4.11;4.11;4.11;950967;;30497066
RIO;1301815;2025-03-21;61.69;62.03;61.40;61.99;61.99;3703610;;1619800000
RIOT;1072404;2025-03-21;7.62;8.03;7.50;7.95;7.95;25423186;;350207536
RITM;562880;2025-03-21;11.81;11.84;11.57;11.63;11.63;9046011;;520660083
RIVN;1329539;2025-03-21;10.80;11.62;10.71;11.60;11.60;36382687;;1130714465
RJDG;659722;2025-03-21;0.01;0.01;0.01;0.01;0.01;15400;;137090000
RJF;744727;2025-03-21;139.88;142.09;139.31;141.06;141.06;5308074;;204910034
RKDA;824887;2025-03-21;3.18;3.21;3.15;3.15;3.15;3014;;1364940
RKLB;1801462;2025-03-21;18.11;18.98;17.98;18.94;18.94;16743564;;453545095
RKT;11794912;2025-03-21;14.20;14.41;14.04;14.11;14.11;6865789;;1996186322
RL;331016;2025-03-21;220.92;226.47;218.66;224.03;224.03;2288407;;61764215
RLAY;11795098;2025-03-21;3.17;3.17;3.04;3.06;3.06;3426818;;169521849
RLBY;16682810;2025-03-21;0.04;0.04;0.04;0.04;0.04;46490;;300000000
RLGT;7962944;2025-03-21;6.25;6.26;6.15;6.18;6.18;279754;;47008523
RLH;990923;2021-03-17;3.50;3.50;3.49;3.49;3.49;114181;;25464735
RLI;1059908;2025-03-21;75.92;76.44;75.52;76.18;76.18;953341;;91764132
RLJ;16318985;2025-03-21;8.70;8.70;8.26;8.41;8.41;5654912;;155024153
RLJE;653411;2018-10-31;6.25;6.26;6.24;6.25;6.25;22091;;15614607
RLMD;11034007;2025-03-21;0.30;0.30;0.29;0.30;0.30;155881;;30174202
RLOC;148191;2016-08-10;4.60;4.60;4.60;4.60;4.60;0;;30103000
RLYB;1841445;2025-03-21;0.69;0.71;0.66;0.67;0.67;35467;;41612039
RM;9075812;2025-03-21;30.36;31.66;30.08;30.84;30.84;150154;;9831461
RMAX;7962752;2025-03-21;9.01;9.18;8.74;8.90;8.90;267052;;18982922
RMBI;12444578;2025-03-21;12.79;12.99;12.71;12.85;12.85;27681;;10908590
RMBL;647388;2025-03-21;3.40;3.51;3.33;3.33;3.33;177002;;37787799
RMBS;1305201;2025-03-21;56.47;56.96;55.10;56.72;56.72;1216635;;106856353
RMCF;515680;2025-03-21;1.29;1.31;1.24;1.24;1.24;22850;;7687302
RMD;129653;2025-03-21;220.09;221.20;217.03;219.70;219.70;1170257;;146866912
RMNI;7962966;2025-03-21;3.91;3.91;3.70;3.89;3.89;719842;;91296000
RMR;7962888;2025-03-21;17.00;17.27;16.76;16.89;16.89;294348;;16435000
RMRI;13810660;2025-03-21;0.26;0.26;0.26;0.26;0.26;0;;40759690
RMTI;11034952;2025-03-21;1.39;1.43;1.26;1.35;1.35;656386;;34056920
RNA;1841160;2025-03-21;30.43;31.23;30.12;30.84;30.84;1849469;;120212301
RNG;355550;2025-03-21;26.83;27.18;26.68;26.90;26.90;6610134;;90721867
RNGR;10656538;2025-03-21;14.24;14.39;13.91;14.15;14.15;302823;;22252946
RNLX;1253387;2024-10-07;0.21;0.23;0.19;0.21;0.21;738744;;165925513
RNR;971614;2025-03-21;234.00;237.50;233.17;236.34;236.34;1383574;;49251139
RNST;6767617;2025-03-21;34.69;35.27;34.53;35.05;35.05;1606987;;63657444
RNW;16239127;2025-03-21;6.23;6.26;6.16;6.18;6.18;826246;;244266823
RNXT;16682812;2025-03-21;1.01;1.03;0.95;0.96;0.96;201927;;23951825
ROAD;1291788;2025-03-21;75.00;75.03;73.55;73.83;73.83;932183;;55949402
ROC;16532276;2023-06-20;6.98;6.98;4.70;5.09;5.09;445422;;26851000
ROCK;548420;2025-03-21;64.10;64.10;60.37;60.89;60.89;1227225;;30355836
ROCR;11819365;2022-02-14;8.86;9.46;8.86;9.16;9.16;96499;;3283000
ROG;1092274;2025-03-21;73.35;74.13;71.95;72.24;72.24;426203;;18518095
ROIC;6767587;2025-02-12;17.49;17.50;17.49;17.49;17.49;6049675;;128648870
ROIV;1374136;2025-03-21;10.89;10.98;10.63;10.79;10.79;15739844;;713549458
ROK;121874;2025-03-21;254.95;258.89;252.74;258.79;258.79;1193324;;113072948
ROKU;617783;2025-03-21;72.25;78.72;72.02;78.29;78.29;5828434;;145944456
ROL;744726;2025-03-21;51.44;51.81;51.17;51.63;51.63;3117114;;484224958
ROLL;6480958;2025-03-21;330.20;332.89;326.66;330.02;330.02;276059;;31444245
ROOT;13992949;2025-03-21;149.63;165.23;147.01;160.26;160.26;914538;;15200000
ROP;119446;2025-03-21;569.92;573.09;564.26;572.18;572.18;852968;;107229151
ROST;200092;2025-03-21;123.11;124.86;122.36;123.54;123.54;6659711;;329929197
ROT;11795068;2021-09-24;10.30;10.30;9.86;10.05;10.05;328143;;7067442
ROVR;1241210;2024-02-27;10.99;10.99;10.99;10.99;10.99;0;;183623000
RP;243720;2021-04-22;88.72;88.72;88.72;88.72;88.72;0;;102091526
RPAY;11795310;2025-03-21;5.69;5.80;5.67;5.74;5.74;759631;;92108318
RPD;1238784;2025-03-21;27.96;28.52;27.50;28.29;28.29;2233037;;63968853
RPHM;11819615;2024-10-04;1.68;1.90;1.68;1.82;1.82;437523;;33428808
RPID;14509181;2025-03-21;2.43;2.69;2.29;2.59;2.59;277678;;43236690
RPM;328948;2025-03-21;113.01;114.69;112.10;114.27;114.27;1162421;;128701945
RPMT;12442286;2025-03-21;0.78;0.78;0.74;0.78;0.78;2449;;136148105
RPRX;13901219;2025-03-21;33.30;33.84;33.25;33.70;33.70;7065502;;576453167
RPT;10384301;2025-03-21;2.95;3.00;2.94;2.99;2.99;177068;;85642000
RPTX;3307993;2025-03-21;1.09;1.14;1.09;1.12;1.12;176094;;42510708
RRAC;15394208;2025-03-21;11.50;11.50;11.50;11.50;11.50;0;;14629558
RRBI;10656512;2025-03-21;51.20;51.20;50.15;50.94;50.94;17374;;6777657
RRC;110931;2025-03-21;39.93;40.29;39.67;39.88;39.88;3193370;;241330871
RRD;9076213;2022-02-25;10.84;10.90;10.80;10.84;10.84;447076;;73600000
RRGB;980379;2025-03-21;4.24;4.24;4.03;4.12;4.12;354278;;17467493
RRR;980329;2025-03-21;44.46;44.50;42.91;44.25;44.25;692920;;106044080
RRTS;12444447;2025-03-21;4.70;4.70;4.61;4.63;4.63;3162;;37639000
RRX;1234788;2025-03-21;121.67;121.96;117.77;120.74;120.74;821993;;66268365
RS;448547;2025-03-21;277.28;278.83;273.75;277.56;277.56;3079747;;52972079
RSG;101495;2025-03-21;234.41;235.03;231.91;233.34;233.34;1605820;;312284953
RSI;1326824;2025-03-21;10.68;10.98;10.58;10.96;10.96;1815953;;228059918
RSKD;1241824;2025-03-21;4.62;4.71;4.59;4.66;4.66;462682;;161209119
RSKIA;13511374;2025-03-21;16.55;16.55;16.55;16.55;16.55;0;;4892530
RSLS;794492;2025-03-21;0.68;0.70;0.64;0.66;0.66;126039;;2121
RSPP;448551;2018-07-19;47.83;47.83;47.83;47.83;47.83;0;;51015727
RSSS;13774432;2025-03-21;2.81;2.89;2.73;2.79;2.79;88145;;32646827
RST;985520;2020-10-26;29.99;29.99;29.99;29.99;29.99;0;;24600714
RSTRF;14034210;2025-03-21;65.00;65.00;65.00;65.00;65.00;0;0.62;208565254
RSVR;10656470;2025-03-21;7.38;7.60;7.22;7.30;7.30;110715;;65232557
RSYS;342891;2018-12-11;1.72;1.72;1.70;1.72;1.72;599246;;39620534
RT;330525;2017-12-22;2.40;2.40;2.40;2.40;2.40;0;;60564134
RTC;17754840;2025-03-21;0.29;0.33;0.28;0.32;0.32;714808;;20616657
RTGN;18120270;2025-03-21;2.01;2.01;2.01;2.01;2.01;0;;18090739
RTLR;11795008;2022-09-08;15.22;15.22;15.22;15.22;15.22;60;;38245000
RTN;354596;2020-04-03;116.96;116.96;116.96;116.96;116.96;2307;;278441000
RTNTF;18300849;2025-03-21;74.22;74.45;74.22;74.45;74.45;239;;1255944847
RTX;261978;2025-03-21;133.83;134.50;131.70;132.37;132.37;9418338;;1332122758
RUBY;9076187;2023-12-29;0.06;0.06;0.06;0.06;0.06;755858;;90305463
RUN;148978;2025-03-21;6.55;6.79;6.27;6.59;6.59;13982080;;226209702
RUSHA;909600;2025-03-21;53.68;53.74;52.54;53.43;53.43;808356;;79246571
RUSHB;17663724;2025-03-21;55.08;56.07;54.87;55.70;55.70;97114;;
RUTH;998690;2023-06-14;21.49;21.49;21.49;21.49;21.49;0;;33203263
RVIV;13511294;2025-03-21;7.40;7.45;6.97;7.30;7.30;11778;;6464852
RVLV;1338983;2025-03-21;21.34;22.21;20.83;22.16;22.16;1435606;;71230061
RVMD;3196560;2025-03-21;38.15;38.81;37.61;38.11;38.11;2499661;;185913326
RVNC;6767449;2025-02-06;3.65;3.65;3.65;3.65;3.65;0;;104902388
RVPH;12444279;2025-03-21;1.13;1.16;1.01;1.04;1.04;1159734;;33441199
RVRF;11819934;2025-03-21;30.75;30.75;30.75;30.75;30.75;0;;7763383
RVSB;9076020;2025-03-21;5.40;5.55;5.37;5.40;5.40;103228;;20976200
RVYL;15539345;2025-03-21;1.15;1.16;1.09;1.16;1.16;20998;;7395178
RWAY;11816993;2025-03-21;10.53;10.67;10.24;10.59;10.59;772032;;37347428
RWLK;908640;2024-01-29;1.01;1.10;0.98;1.05;1.05;301032;;59515410
RWODU;16905829;2024-06-21;6.42;6.42;3.24;3.24;3.24;1467;;14905000
RWT;7962706;2025-03-21;6.39;6.41;6.29;6.30;6.30;2498769;;132861161
RXDX;11794926;2023-06-16;199.92;199.92;199.92;199.92;199.92;0;;47461230
RXO;13810656;2025-03-21;18.65;18.90;18.35;18.59;18.59;2942976;;163327709
RXRX;11795178;2025-03-21;6.31;6.74;6.26;6.68;6.68;18068479;;401990669
RXST;11795254;2025-03-21;24.35;24.87;24.09;24.84;24.84;594203;;40490542
RXT;11818858;2025-03-21;1.82;1.89;1.79;1.87;1.87;715470;;227568885
RY;18149538;2025-03-21;112.69;114.01;112.68;113.60;113.60;758358;;
RYAM;124551;2025-03-21;5.32;5.38;5.19;5.35;5.35;1044517;;65966881
RYAN;11794920;2025-03-21;71.66;72.27;71.03;71.04;71.04;1096710;;261905901
RYES;13511428;2025-03-21;0.06;0.10;0.04;0.10;0.10;370736;;55785106
RYI;6767643;2025-03-21;24.00;24.00;22.45;22.89;22.89;690448;;31850903
RYN;504942;2025-03-21;28.03;28.15;27.49;27.58;27.58;2952649;;156097626
RYTM;6767751;2025-03-21;54.23;54.45;51.87;52.04;52.04;902542;;63223727
RZLT;13810658;2025-03-21;3.05;3.14;3.00;3.05;3.05;519252;;60535425
S;1301818;2025-03-21;19.00;19.36;18.84;19.27;19.27;8164063;;321341494
SAAX;666570;2022-10-21;0.01;0.01;0.01;0.01;0.01;0;;50018888
SABR;980330;2025-03-21;3.38;3.56;3.32;3.50;3.50;7532519;;386006318
SACH;12444333;2025-03-21;1.13;1.16;1.12;1.16;1.16;165675;;47431922
SAFE;998404;2025-03-21;18.40;18.54;18.09;18.33;18.33;679706;;61170000
SAFM;684669;2022-09-08;204.00;204.00;204.00;204.00;204.00;1172;;22069000
SAFT;250043;2025-03-21;77.31;77.74;76.22;76.52;76.52;208845;;14838007
SAGA;13511356;2024-03-14;10.88;10.88;10.88;10.88;10.88;0;;14890000
SAGE;6767447;2025-03-21;7.94;8.24;7.94;8.10;8.10;1038579;;61480947
SAH;904847;2025-03-21;59.79;61.05;58.98;60.87;60.87;440134;;41561000
SAIA;942700;2025-03-21;346.47;363.38;344.35;362.90;362.90;537693;;26628578
SAIC;54785;2025-03-21;105.00;106.64;103.52;105.90;105.90;1176129;;47737203
SAIL;902180;2025-03-21;19.51;20.50;19.26;20.25;20.25;4971041;;93939000
SAL;12444375;2023-08-24;27.88;27.88;27.88;27.88;27.88;0;;5721000
SAM;714419;2025-03-21;227.04;233.16;224.99;227.96;227.96;335447;;12268000
SAMA;11820258;2023-10-11;10.58;10.58;10.58;10.58;10.58;3703;;20625000
SAMG;9075920;2025-03-21;16.50;16.60;16.00;16.28;16.28;112142;;9552175
SAN;18418650;2025-03-21;6.87;6.96;6.86;6.92;6.92;4602031;;15152492322
SANA;11795162;2025-03-21;2.20;2.34;2.18;2.31;2.31;4938352;;225024899
SAND;1249666;2025-03-21;6.75;6.80;6.69;6.79;6.79;2688162;;297666238
SANM;418072;2025-03-21;77.70;78.51;76.94;78.31;78.31;744673;;54325319
SANP;660201;2025-03-21;0.00;0.00;0.00;0.00;0.00;338565;;422346953
SANW;246310;2025-03-21;7.70;8.13;7.40;8.13;8.13;7233;;2145132
SAP;18382380;2025-03-21;268.78;272.82;268.63;272.53;272.53;1275097;;1228504232
SAR;11818675;2025-03-21;24.40;24.59;24.33;24.36;24.36;40250;;13800768
SASR;6767801;2025-03-21;28.86;29.21;28.60;28.82;28.82;559598;;45140417
SATS;823480;2025-03-21;26.18;27.26;26.00;26.46;26.46;21009271;;271522445
SAVA;989411;2025-03-21;2.71;2.89;2.71;2.84;2.84;1656842;;48307896
SAVE;170150;2024-11-18;1.08;1.08;1.08;1.08;1.08;19128;;109523815
SB;7962868;2025-03-21;3.78;3.81;3.69;3.74;3.74;1111453;;118936165
SBAC;100897;2025-03-21;221.41;223.16;219.09;221.64;221.64;1208591;;107615241
SBCF;6767563;2025-03-21;25.90;26.24;25.58;25.96;25.96;1159249;;85612136
SBEV;18073610;2025-03-21;2.80;2.80;2.80;2.80;2.80;0;;61711017
SBFG;11033785;2025-03-21;20.48;21.09;20.47;20.99;20.99;22408;;6534918
SBG;11795172;2025-03-21;4.15;4.29;4.15;4.29;4.29;10616;;16566429
SBGI;132115;2025-03-21;16.61;17.18;16.43;16.96;16.96;1388861;;66469330
SBH;978927;2025-03-21;8.33;8.65;8.25;8.59;8.59;4174764;;101954447
SBIG;16682822;2025-03-21;0.09;0.09;0.09;0.09;0.09;600;;46315018
SBLK;18572451;2025-03-21;16.93;17.00;16.55;16.58;16.58;3086505;;117630112
SBNC;11817608;2025-03-21;8300.00;8300.00;8300.00;8300.00;8300.00;0;;
SBNY;9076180;2025-03-21;0.87;1.02;0.87;1.00;1.00;6880;;
SBRA;737503;2025-03-21;17.26;17.36;17.11;17.26;17.26;3541629;;237910973
SBSI;7962608;2025-03-21;29.13;29.37;28.68;29.28;29.28;382892;;30389659
SBT;9075808;2025-03-21;4.87;4.90;4.80;4.80;4.80;428317;;52298918
SBTX;11795294;2025-03-21;14.25;14.25;12.25;12.36;12.36;4452789;;98119804
SBUX;86689;2025-03-21;97.94;98.01;96.29;97.07;97.07;11314322;;1135900000
SBXC;15141563;2024-11-04;10.84;10.84;10.84;10.84;10.84;0;;17250000
SC;9076219;2022-01-28;41.54;41.80;41.51;41.60;41.60;9810939;;306093379
SCAQ;11819350;2023-07-13;10.37;10.48;10.37;10.43;10.43;590885;;28125837
SCCO;1300946;2025-03-21;97.64;101.62;96.00;100.41;100.41;5065593;;796182905
SCG;190587;2018-12-31;48.84;49.26;47.38;47.78;47.78;17831547;;143000000
SCHL;651267;2025-03-21;19.98;21.85;19.73;21.22;21.22;2290612;;28101146
SCHN;951289;2023-08-31;33.54;33.92;33.13;33.20;33.20;84570;;28114000
SCHW;378109;2025-03-21;78.03;78.77;77.72;78.39;78.39;11788386;;1813567665
SCI;1056222;2025-03-21;78.50;78.97;77.86;77.97;77.97;1153403;;144212255
SCIA;13756724;2025-03-21;4.48;4.48;4.36;4.36;4.36;300;;4568127
SCKT;11035871;2025-03-21;1.17;1.23;1.15;1.20;1.20;14947;;7605270
SCL;1346699;2025-03-21;58.21;58.24;56.68;57.91;57.91;390370;;22504117
SCLX;15091639;2025-03-21;0.27;0.29;0.25;0.28;0.28;1589096;;243312885
SCM;10656530;2025-03-21;14.29;14.38;14.22;14.23;14.23;138922;;27519506
SCND;331831;2025-03-21;1.08;1.08;1.08;1.08;1.08;0;;10503599
SCOR;896179;2025-03-21;7.25;7.47;7.00;7.24;7.24;4805;;4913077
SCPH;1311963;2025-03-21;2.97;3.07;2.92;3.00;3.00;571430;;50283925
SCPL;1011098;2023-10-23;22.94;22.94;22.94;22.94;22.94;0;;22700000
SCRM;14159423;2024-05-13;10.90;11.75;9.46;10.18;10.18;97959;;
SCS;7962604;2025-03-21;10.78;10.84;10.51;10.57;10.57;2746436;;113721933
SCSC;177685;2025-03-21;36.14;36.40;34.49;35.33;35.33;2252672;;23463543
SCTC;15539341;2025-02-10;9.00;9.00;8.72;9.00;9.00;4390;;12607516
SCTH;18126563;2025-03-21;3.35;3.35;3.35;3.35;3.35;0;;78086881
SCTY;146125;2016-11-29;20.34;20.34;20.34;20.34;20.34;0;;
SCU;10656550;2023-11-17;12.72;12.72;12.72;12.72;12.72;0;;25173834
SCVL;201975;2025-03-21;22.02;22.28;21.27;21.52;21.52;1109925;;27174765
SCWO;10656496;2025-03-21;0.34;0.36;0.34;0.34;0.34;312146;;133168049
SCWX;201339;2025-02-03;8.51;8.51;8.51;8.51;8.51;0;;88890066
SCX;218861;2024-05-28;16.18;16.18;16.18;16.18;16.18;0;;7512867
SCYX;10656746;2025-03-21;1.03;1.05;1.00;1.04;1.04;88763;;38981064
SCYYF;13774434;2025-03-21;0.02;0.02;0.02;0.02;0.02;200;;355860813
SD;849174;2025-03-21;11.60;11.60;11.28;11.34;11.34;1075939;;37145231
SDA;7962584;2025-03-21;4.39;4.73;4.39;4.69;4.69;127546;;
SDAC;12444700;2023-07-21;10.40;10.40;10.40;10.40;10.40;4;;7906250
SDC;969099;2024-01-05;0.01;0.01;0.01;0.01;0.01;1046221;;123028115
SDGR;1252590;2025-03-21;21.99;22.20;21.34;21.80;21.80;1469461;;63874200
SDHC;17976698;2025-03-21;20.55;20.73;19.98;20.73;20.73;109260;;51282051
SDIG;15042575;2025-03-18;2.81;2.81;2.81;2.81;2.81;5000;;17242989
SDON;996255;2025-03-21;0.00;0.00;0.00;0.00;0.00;0;;18043242
SDPI;745554;2024-08-15;1.01;1.01;1.01;1.01;1.01;0;;30391244
SDRL;17663726;2025-03-21;25.00;25.40;24.92;25.17;25.17;1733726;;62163028
SDSYA;11819772;2025-03-21;9.00;9.00;9.00;9.00;9.00;0;;30411500
SE;1253411;2025-03-21;125.30;126.92;124.52;126.07;126.07;3142166;;572340007
SEAC;11035350;2025-03-21;5.71;5.71;5.71;5.71;5.71;154;;6303
SEAS;785588;2024-02-12;48.94;50.41;48.87;50.30;50.30;504229;;64136000
SEAT;11795094;2025-03-21;2.98;3.02;2.80;2.81;2.81;2289643;;132507390
SEB;448625;2025-03-21;2710.77;2740.00;2681.00;2715.96;2715.96;5717;;971055
SEDG;847001;2025-03-21;16.72;17.17;16.49;17.03;17.03;2552567;;58782519
SEE;378213;2025-03-21;29.20;29.35;28.67;29.10;29.10;7013932;;145761886
SEEK;660635;2025-03-21;0.00;0.00;0.00;0.00;0.00;0;;8471034676
SEEL;11033793;2025-03-21;0.00;0.00;0.00;0.00;0.00;18;;372306
SEER;1253247;2025-03-21;1.88;1.91;1.87;1.88;1.88;214435;;58966560
SEIC;341472;2025-03-21;75.38;76.38;75.00;75.84;75.84;3090976;;126950448
SELF;15539329;2025-03-21;5.14;5.15;5.00;5.00;5.00;18723;;11264941
SEM;6481057;2025-03-21;16.64;16.92;16.47;16.56;16.56;2448652;;128962850
SEMG;733959;2019-12-05;15.02;15.02;15.02;15.02;15.02;0;;79606089
SEMR;1291789;2025-03-21;9.92;10.00;9.74;9.95;9.95;897947;;147049441
SENEA;7962912;2025-03-21;86.40;88.23;85.66;87.85;87.85;109479;;6879739
SENS;9075764;2025-03-21;0.72;0.76;0.69;0.74;0.74;16945166;;651850834
SERA;12444510;2025-03-21;3.93;4.02;3.77;3.79;3.79;350781;;37663562
SES;11795316;2025-03-21;0.50;0.53;0.47;0.53;0.53;16798181;;364659859
SESN;818918;2023-03-07;0.57;0.63;0.57;0.63;0.63;1792571;;200464000
SEV;129956;2017-10-06;21.97;21.97;21.97;21.97;21.97;0;;5693408
SEVN;16232553;2025-03-21;12.67;12.77;12.46;12.48;12.48;105535;;14902773
SEZL;17663728;2025-03-21;226.26;236.78;223.28;235.93;235.93;102126;;
SEZNL;14159425;2024-01-29;14.10;14.10;14.10;14.10;14.10;8;;5695227
SE_delisted;378216;2018-12-14;35.61;36.01;35.40;35.40;35.40;21565469;;702293575
SF;1059910;2025-03-21;97.04;98.91;96.55;98.27;98.27;1107518;;106068000
SFBC;158885;2025-03-21;50.53;51.30;50.22;51.30;51.30;1763;;2566069
SFBS;6767461;2025-03-21;81.98;82.25;80.62;81.78;81.78;493994;;54582041
SFDL;15337185;2025-03-21;29.75;29.75;29.75;29.75;29.75;0;;3186903
SFE;9076118;2024-02-09;0.65;0.69;0.40;0.46;0.46;887298;;16143000
SFIX;902273;2025-03-21;3.44;3.67;3.41;3.66;3.66;4150043;;128796848
SFL;17663730;2025-03-21;8.40;8.45;8.13;8.17;8.17;2237033;;145708524
SFLY;650373;2019-09-25;50.97;50.97;50.97;50.97;50.97;0;;33604472
SFM;520294;2025-03-21;137.99;143.46;137.54;142.39;142.39;2098424;;98585382
SFNC;6767537;2025-03-21;20.46;20.65;20.20;20.39;20.39;2465098;;125807117
SFRX;15539349;2025-03-21;0.00;0.00;0.00;0.00;0.00;4395679;;8514305043
SFS;114802;2019-06-28;6.50;6.50;6.50;6.50;6.50;0;;76489536
SFST;9075902;2025-03-21;33.27;33.78;33.22;33.23;33.23;38152;;
SFT;11035271;2023-10-18;0.20;0.29;0.15;0.17;0.17;174457296;;8460300
SFWL;7962814;2025-03-21;1.00;1.01;0.96;1.01;1.01;14539;;82497513
SFY;1383143;2025-03-21;103.37;104.51;103.12;104.40;104.40;47722;;5107697
SG;1334625;2025-03-21;23.87;25.08;23.54;24.94;24.94;4234149;;117303214
SGA;652364;2025-03-21;12.46;12.76;12.19;12.60;12.60;7935;;6261481
SGC;1243778;2025-03-21;10.74;10.98;10.60;10.80;10.80;104228;;16477605
SGEN;487011;2024-01-09;228.74;228.74;228.74;228.74;228.74;86;;187559000
SGFY;11794928;2023-04-03;30.49;30.49;30.49;30.49;30.49;0;;176293666
SGH;630523;2024-10-14;20.90;21.33;20.61;20.85;20.85;662561;;53289867
SGHC;17663732;2025-03-21;6.84;6.93;6.75;6.83;6.83;1278122;;497938845
SGHT;11795350;2025-03-21;2.92;3.00;2.75;2.89;2.89;308779;;51332694
SGM;126240;2017-06-01;7.99;7.99;7.99;7.99;7.99;0;;25854022
SGMA;231993;2025-03-21;1.19;1.41;1.16;1.36;1.36;99898;;6119288
SGMO;773304;2025-03-21;0.84;0.88;0.80;0.87;0.87;9389121;;224710019
SGMS;1011099;2022-04-28;57.79;58.59;55.66;58.07;58.07;515689;;97000000
SGMT;15464891;2025-03-21;3.98;4.01;3.89;3.99;3.99;227637;;32195345
SGRY;6481001;2025-03-21;24.12;24.47;24.12;24.21;24.21;1232193;;127613091
SGTX;1841619;2023-08-11;22.47;22.47;22.47;22.47;22.47;0;;2501900000
SGU;11795354;2025-03-21;13.24;13.50;13.14;13.34;13.34;149872;;34567063
SGY;123623;2018-05-10;35.49;35.49;35.49;35.49;35.49;0;;19998701
SHAK;148890;2025-03-21;89.02;90.72;87.06;90.70;90.70;1144066;;42532782
SHAP;16198967;2025-03-21;10.91;10.91;10.91;10.91;10.91;0;;25945715
SHBI;9075848;2025-03-21;13.79;13.85;13.53;13.74;13.74;344092;;33352164
SHC;11794956;2025-03-21;11.61;12.01;11.61;11.90;11.90;1623348;;283473342
SHCR;10656442;2024-10-22;1.43;1.43;1.43;1.43;1.43;0;;370930658
SHEN;1097754;2025-03-21;12.60;12.86;12.52;12.78;12.78;1066955;;54672524
SHLDQ;100266;2022-10-31;0.07;0.10;0.07;0.10;0.10;11944;;109236080
SHLM;671141;2018-08-22;44.00;44.00;44.00;44.00;44.00;0;0.09;29509152
SHLO;202591;2020-10-01;0.09;0.10;0.08;0.09;0.09;184738;;24216512
SHLS;1302456;2025-03-21;3.27;3.40;3.19;3.31;3.31;6923460;;166994671
SHLT;9075918;2025-03-21;2.45;2.50;2.45;2.50;2.50;565;;16392754
SHLX;909105;2022-10-28;15.82;15.82;15.82;15.82;15.82;0;;123800000
SHMP;13841951;2025-03-21;0.00;0.00;0.00;0.00;0.00;901321;;1236270085
SHO;448662;2025-03-21;9.68;9.73;9.41;9.73;9.73;3620211;;201019097
SHOO;1198893;2025-03-21;25.53;25.66;24.56;25.03;25.03;4382672;;72383730
SHOR;231330;2017-09-25;7.50;7.50;7.50;7.50;7.50;0;;69152947
SHOS;39593;2019-10-23;3.55;3.68;3.40;3.40;3.40;228371;;22702132
SHPGF;132453;2019-08-30;63.00;63.00;63.00;63.00;63.00;0;;914818708
SHPH;15337187;2025-03-21;0.43;0.44;0.38;0.42;0.42;130899;;4076567
SHW;378215;2025-03-21;332.93;336.27;327.86;334.41;334.41;3475252;;251364135
SHWZ;15585636;2025-03-21;0.00;0.00;0.00;0.00;0.00;0;;77438379
SHYF;10384293;2025-03-21;9.38;9.45;8.88;8.97;8.97;503845;;34932272
SI;1302955;2025-03-21;0.38;0.38;0.38;0.38;0.38;2768;;31655000
SIBN;10384291;2025-03-21;14.87;15.09;14.55;14.66;14.66;633310;;42453116
SIC;11817727;2021-10-21;14.49;14.49;14.49;14.49;14.49;0;;25591118
SIEB;9076066;2025-03-21;2.51;2.76;2.50;2.65;2.65;27829;;40120936
SIEN;9076143;2024-02-21;0.18;0.20;0.16;0.17;0.17;3239809;;12197294
SIF;13511298;2025-03-21;2.85;2.85;2.79;2.80;2.80;3463;;6147011
SIFY;18188609;2025-03-21;4.41;4.50;4.34;4.36;4.36;40634;;30561521
SIG;185651;2025-03-21;55.55;59.42;55.20;58.06;58.06;5878581;;42895787
SIGA;1241827;2025-03-21;5.57;5.72;5.55;5.61;5.61;668528;;71436927
SIGI;627778;2025-03-21;88.83;89.40;88.44;88.71;88.71;889268;;60805019
SIGM;202034;2020-08-17;0.27;0.28;0.27;0.28;0.28;19800;;39989852
SILK;963382;2024-09-17;27.49;27.49;27.49;27.49;27.49;0;;40632143
SIM;18120266;2025-03-21;26.64;26.64;26.64;26.64;26.64;934;;461676539
SINO;257712;2022-01-06;4.02;4.37;3.83;4.19;4.19;2417179;;16152113
SINT;498391;2025-03-21;2.99;3.01;2.86;3.00;3.00;28758;;2515179
SIOX;41996;2024-02-07;0.45;0.48;0.45;0.48;0.48;40403;;73975196
SIRI;97841;2025-03-21;22.91;23.53;22.83;23.47;23.47;8184005;;338768644
SITC;998403;2025-03-21;12.67;12.87;12.60;12.81;12.81;3699541;;52430425
SITE;62823;2025-03-21;118.92;122.42;117.88;122.00;122.00;890255;;44964924
SITM;11795004;2025-03-21;175.73;180.35;172.50;178.26;178.26;377420;;23597831
SIVB;708168;2024-11-07;0.01;0.01;0.01;0.01;0.01;934;;59112507
SIX;816466;2024-07-01;32.82;33.58;31.92;32.00;32.00;16838505;;84270276
SJI;525920;2023-01-31;36.12;36.13;36.09;36.09;36.09;18599245;;112448000
SJM;254348;2025-03-21;109.18;111.04;109.05;109.70;109.70;2298093;;106416621
SJW;953794;2025-03-21;51.90;52.49;50.89;51.41;51.41;529943;;33671362
SKIL;10656624;2025-03-21;20.41;20.64;19.89;20.42;20.42;34462;;8283555
SKIN;1302957;2025-03-21;1.29;1.32;1.25;1.31;1.31;744833;;125245176
SKKY;13656314;2025-03-21;0.90;0.90;0.64;0.90;0.90;5007;;53143822
SKLZ;11819658;2025-03-21;4.52;4.83;4.52;4.73;4.73;91795;;17868489
SKPN;998475;2024-05-13;0.00;0.00;0.00;0.00;0.00;0;;128444223
SKT;996200;2025-03-21;31.95;32.05;31.23;31.88;31.88;1299272;;112783687
SKWD;16453527;2025-03-21;49.62;50.78;48.25;49.75;49.75;470615;;40127908
SKX;176359;2025-03-20;57.02;57.65;56.35;56.37;56.37;1516690;;149354685
SKY;132365;2025-03-21;92.88;94.57;91.28;94.19;94.19;1008312;;57275954
SKYE;15394214;2025-03-21;1.91;2.33;1.91;2.25;2.25;670793;;30974558
SKYH;17663734;2025-03-21;11.56;12.27;11.32;12.07;12.07;571234;;
SKYT;11817553;2025-03-21;7.69;8.01;7.59;7.85;7.85;557487;;47995078
SKYW;861606;2025-03-21;88.93;91.61;88.42;91.12;91.12;2049668;;40330017
SKYX;1342108;2025-03-21;1.30;1.35;1.27;1.29;1.29;256297;;102501694
SLAB;1033431;2025-03-21;122.41;124.28;120.68;123.57;123.57;417623;;32457680
SLB;353500;2025-03-21;40.98;41.54;40.76;40.99;40.99;73443116;;1400850420
SLCA;534435;2024-07-31;15.49;15.51;15.49;15.49;15.49;4764742;;78227430
SLCT;9076281;2021-10-18;18.88;18.88;18.88;18.88;18.88;0;;17227689
SLDB;9076006;2025-03-21;4.65;4.72;4.50;4.60;4.60;1038522;;77492959
SLDP;11817847;2025-03-21;1.10;1.15;1.09;1.11;1.11;2028149;;181992040
SLFI;939318;2025-03-21;49.61;50.82;49.31;50.42;50.42;1883840;;2000000
SLG;127650;2025-03-21;57.91;58.05;56.88;57.39;57.39;1381746;;71004564
SLGC;1250897;2024-01-05;2.16;2.31;1.93;2.10;2.10;33901802;;186741112
SLGG;11035537;2025-03-21;0.36;0.37;0.35;0.37;0.37;152291;;12952601
SLGN;1067479;2025-03-21;49.91;50.11;49.29;49.77;49.77;4416903;;106794650
SLM;103225;2025-03-21;29.51;29.84;29.19;29.70;29.70;22095057;;210423462
SLN;18407936;2025-03-21;3.65;3.71;3.53;3.56;3.56;154808;;141674074
SLND;17663736;2025-03-21;3.36;3.42;3.17;3.17;3.17;270532;;48105512
SLNG;14864246;2025-03-21;4.97;5.39;4.88;5.20;5.20;7197;;18596301
SLNM;69772;2025-03-21;0.00;0.00;0.00;0.00;0.00;0;;151056477
SLNO;14864244;2025-03-21;47.84;49.79;47.23;49.11;49.11;1382807;;45857291
SLP;495377;2025-03-21;24.37;25.97;24.00;25.56;25.56;418730;;20067184
SLQT;1251886;2025-03-21;3.73;3.80;3.67;3.79;3.79;1395829;;172144283
SLRC;10384303;2025-03-21;16.97;16.98;16.86;16.89;16.89;148215;;54554634
SLRN;16682732;2025-03-21;2.74;2.84;2.70;2.75;2.75;1392082;;100709853
SLVM;10384199;2025-03-21;65.12;65.74;63.96;65.36;65.36;3665310;;40546877
SM;978928;2025-03-21;30.66;31.16;30.45;30.67;30.67;9961834;;114461934
SMA;893218;2014-12-10;9.27;9.27;9.27;9.27;9.27;0;;37550850
SMAP;12444273;2025-03-21;23.13;23.13;23.13;23.13;23.13;31;;30441203
SMAR;1251882;2025-01-22;56.47;56.47;56.47;56.47;56.47;0;;140001769
SMBC;7962908;2025-03-21;52.86;53.30;52.49;52.97;52.97;47843;;11277167
SMBK;7962930;2025-03-21;31.25;31.43;30.95;31.04;31.04;132168;;17018018
SMCI;175410;2025-03-21;39.26;42.63;38.91;42.15;42.15;63880929;;593481352
SMED;179660;2022-09-07;8.75;8.75;8.75;8.75;8.75;368;;19245000
SMG;355003;2025-03-21;58.13;58.37;56.98;57.99;57.99;4120264;;57472700
SMHI;9075868;2025-03-21;5.30;5.37;5.22;5.29;5.29;126624;;27669361
SMID;362372;2025-03-21;32.40;35.99;32.01;33.54;33.54;23812;;5304606
SMIT;332324;2025-03-21;0.02;0.02;0.02;0.02;0.02;0;;3808446
SMLP;890067;2024-07-31;36.75;38.05;36.48;38.05;38.05;74788;;10648685
SMLR;1338984;2025-03-21;37.94;39.41;37.63;39.22;39.22;814488;;9596486
SMMF;9075780;2024-05-03;25.70;25.70;25.70;25.70;25.70;0;;14686738
SMMT;11795144;2025-03-21;19.44;20.02;19.13;19.75;19.75;3299624;;737679704
SMP;126577;2025-03-21;26.32;26.44;25.66;25.76;25.76;406411;;21861880
SMPL;858017;2025-03-21;33.22;33.48;32.94;33.00;33.00;1063489;;100221529
SMR;11795298;2025-03-21;17.77;18.20;17.36;18.13;18.13;7804765;;282430337
SMRT;6744552;2025-03-21;1.15;1.18;1.14;1.17;1.17;2144657;;192701270
SMSI;504067;2025-03-21;0.80;0.89;0.79;0.82;0.82;150071;;17773859
SMTC;185350;2025-03-21;39.67;40.16;39.11;39.62;39.62;3313464;;75682863
SMTI;11818261;2025-03-21;33.37;34.00;32.59;33.60;33.60;27114;;8741161
SMWB;18407932;2025-03-21;9.01;9.18;8.84;9.01;9.01;298742;;82618511
SNA;288357;2025-03-21;327.30;327.97;322.25;327.97;327.97;1763426;;52393235
SNAK;86600;2017-12-14;3.99;4.00;3.99;4.00;4.00;108147;;20194000
SNAL;16682818;2025-03-21;1.60;1.65;1.60;1.61;1.61;8624;;36953982
SNAP;449958;2025-03-21;9.14;9.36;9.10;9.33;9.33;32124192;;1625917000
SNBR;925649;2025-03-21;7.12;7.12;6.56;6.95;6.95;812799;;22389000
SNCE;1253262;2024-03-12;5.75;5.75;5.75;5.75;5.75;0;;5735358
SNCR;747268;2025-03-21;12.17;12.78;12.17;12.52;12.52;155308;;11490918
SNCY;10384277;2025-03-21;12.65;12.87;12.36;12.81;12.81;2274334;;53157964
SND;9076062;2025-03-21;2.45;2.49;2.42;2.45;2.45;163236;;42876756
SNDA;17663738;2025-03-21;23.45;23.82;23.07;23.48;23.48;52554;;
SNDK;505727;2025-03-21;55.10;55.45;51.91;53.96;53.96;6151607;;202935277
SNDKV;18493387;2025-02-21;48.99;50.69;48.00;50.37;50.37;1252060;;
SNDL;3307774;2025-03-21;1.56;1.62;1.54;1.58;1.58;1289704;;263021847
SNDR;1136135;2025-03-21;22.92;23.19;22.55;23.15;23.15;1189445;;175487680
SNDX;6767629;2025-03-21;13.93;14.29;13.69;13.71;13.71;2077177;;86024394
SNEX;728087;2025-03-21;116.52;118.55;115.09;117.33;117.33;709053;;32084624
SNFCA;10656660;2025-03-21;12.78;13.00;12.65;12.82;12.82;34632;;24275485
SNH;448715;2025-03-21;2.65;2.66;2.45;2.45;2.45;3576684;;241271703
SNI;378211;2018-03-16;90.04;90.04;90.04;90.04;90.04;0;;96250145
SNN;18500278;2025-03-21;28.22;28.25;28.03;28.13;28.13;443228;;877704186
SNOA;11036187;2025-03-21;3.52;3.62;3.30;3.48;3.48;118404;;1615765
SNOW;1016067;2025-03-21;154.67;158.72;153.01;158.39;158.39;3592958;;330100000
SNPO;10384323;2024-06-21;10.75;10.75;10.75;10.75;10.75;0;;76535644
SNPS;744723;2025-03-21;441.20;454.61;438.12;448.60;448.60;3354508;;154620076
SNRH;12444421;2023-06-09;10.04;10.04;10.04;10.04;10.04;1;;11578794
SNSE;11034655;2025-03-21;0.45;0.51;0.44;0.49;0.49;258300;;25151379
SNTW;13511334;2025-03-21;0.11;0.11;0.11;0.11;0.11;0;;67806657
SNV;1234790;2025-03-21;46.85;47.84;46.55;47.44;47.44;11481841;;140893828
SNWV;15337183;2025-03-21;33.39;37.94;31.80;37.61;37.61;182871;;8548473
SNX;84398;2025-03-21;127.86;128.84;126.76;127.73;127.73;1801801;;84651827
SNY;18252581;2025-03-21;57.41;57.59;56.62;56.90;56.90;1950466;;1263122721
SO;189248;2025-03-21;89.84;90.67;88.75;89.36;89.36;8194145;;1096802197
SOBR;16633084;2025-03-21;0.57;0.65;0.56;0.64;0.64;851304;;316358
SOCGP;14101622;2025-03-21;25.30;25.50;25.30;25.50;25.50;401;;651457249
SODI;13646227;2025-03-21;14.33;15.38;14.26;14.26;14.26;1491;;2083436
SOFI;3307892;2025-03-21;12.41;12.91;12.37;12.87;12.87;40043913;;1096540215
SOFO;374032;2025-03-21;0.00;0.00;0.00;0.00;0.00;0;;12139360
SOHO;158088;2025-03-21;0.79;0.80;0.77;0.77;0.77;45787;;19849165
SOHU;138944;2025-03-21;13.77;14.14;13.66;13.91;13.91;74703;;130917250
SOI;7962940;2024-09-11;11.46;11.47;11.06;11.32;11.32;415157;;44002865
SOL;1249731;2025-03-21;1.68;1.69;1.62;1.66;1.66;192464;;512549555
SOLO;15042555;2024-03-26;0.21;0.21;0.21;0.21;0.21;0;;119495465
SOLY;987539;2021-12-16;22.58;22.58;22.58;22.58;22.58;0;;21596544
SON;992009;2025-03-21;47.36;47.62;46.59;46.68;46.68;1542452;;98313581
SONC;343236;2018-12-10;43.49;43.49;43.49;43.49;43.49;0;;35687663
SONM;11034799;2025-03-21;2.22;2.25;2.16;2.25;2.25;9236;;4871639
SONO;974898;2025-03-21;11.52;11.81;11.49;11.71;11.71;2783969;;119082663
SONX;15071416;2025-03-21;1.70;1.70;1.70;1.70;1.70;0;;418049
SOPA;1397119;2025-03-21;1.17;1.17;1.13;1.16;1.16;46434;;37762362
SOPH;1253261;2025-03-21;3.02;3.10;2.98;3.02;3.02;20708;;66687085
SORL;543973;2020-05-15;4.71;4.71;4.71;4.71;4.71;0;;19304921
SOTK;94282;2025-03-21;3.65;3.69;3.57;3.69;3.69;13293;;15751153
SOUN;11795326;2025-03-21;9.30;10.09;9.29;9.86;9.86;26203015;;398961672
SOVO;11795038;2024-03-12;22.98;22.98;22.98;22.98;22.98;0;;101856379
SOWG;15394216;2025-03-21;1.91;2.00;1.45;1.54;1.54;698019;;10245388
SP;7962692;2024-07-12;53.99;53.99;53.99;53.99;53.99;200;;19798884
SPAN;164268;2017-06-26;29.99;29.99;29.99;29.99;29.99;0;;2755625
SPB;357600;2025-03-21;69.36;69.77;68.74;69.67;69.67;984623;;26313921
SPCE;949272;2025-03-21;4.15;4.32;4.02;4.10;4.10;2927996;;35528350
SPFI;10656506;2025-03-21;32.42;32.99;32.04;32.58;32.58;96564;;16485647
SPFX;15204668;2025-03-21;1.90;1.90;1.90;1.90;1.90;0;;3001216
SPG;111127;2025-03-21;163.30;163.91;159.91;162.10;162.10;3089406;;326278138
SPGC;15271652;2025-03-14;0.12;0.12;0.09;0.10;0.10;43872858;;1825587
SPGI;378217;2025-03-21;494.12;498.04;492.15;497.88;497.88;2475188;;307800000
SPH;998424;2025-03-21;20.57;21.00;20.53;20.77;20.77;1408216;;64045887
SPHR;17663740;2025-03-21;31.71;32.12;31.54;32.09;32.09;530795;;
SPIR;11033781;2025-03-21;8.68;9.07;8.61;8.71;8.71;484775;;27242299
SPLK;51255;2024-09-04;156.90;156.90;156.90;156.90;156.90;200;;166459000
SPLS;166539;2017-09-28;10.25;10.25;10.25;10.25;10.25;0;;656713321
SPNC;114601;2017-08-10;38.45;38.45;38.45;38.45;38.45;0;;43896489
SPNE;147451;2023-01-04;8.83;9.67;8.43;9.54;9.54;1146651;;37044000
SPNS;17663742;2025-03-21;26.99;27.16;26.77;27.03;27.03;258549;;55733234
SPNT;14159429;2025-03-21;15.79;15.98;15.62;15.76;15.76;1833413;;162232977
SPOK;997662;2025-03-21;15.87;15.96;15.68;15.89;15.89;137962;;20419025
SPOT;3307751;2025-03-21;591.87;603.21;586.65;599.94;599.94;2544198;;203844409
SPPI;53529;2023-08-01;1.03;1.03;1.03;1.03;1.03;0;;188358072
SPR;131997;2025-03-21;34.99;35.91;34.77;35.61;35.61;2732522;;117266121
SPRB;15271650;2025-03-21;0.33;0.34;0.32;0.34;0.34;112742;;41302599
SPRO;9076040;2025-03-21;0.76;0.82;0.76;0.82;0.82;130637;;54518165
SPRS;14122325;2025-03-21;2.36;2.36;2.36;2.36;2.36;0;;5582783
SPRT;533572;2021-09-16;11.80;11.80;11.80;11.80;11.80;34;;24237876
SPRY;17663744;2025-03-21;14.25;14.25;12.25;12.36;12.36;4452789;;
SPSC;6480970;2025-03-21;126.58;130.44;125.23;130.13;130.13;658142;;37773837
SPT;1238783;2025-03-21;24.68;25.47;24.48;25.17;25.17;780470;;57758683
SPTN;6326811;2025-03-21;19.91;20.00;19.51;19.62;19.62;850729;0.22;33764828
SPWH;1249258;2025-03-21;0.94;1.02;0.92;1.00;1.00;1246560;;37957282
SPWR;992391;2024-08-30;0.12;0.12;0.12;0.12;0.12;272;;175241000
SPXC;768069;2025-03-21;133.64;135.24;132.27;134.27;134.27;699231;;46382546
SPY;1072401;2025-03-21;559.28;564.89;558.03;563.98;563.98;79955040;1.70;
SQ;83293;2025-01-17;87.00;88.15;86.10;86.96;86.96;5731001;;619814000
SQBG;137237;2022-03-03;0.00;0.00;0.00;0.00;0.00;0;;1651484
SQFTP;11820407;2025-03-21;14.84;14.86;14.80;14.84;14.84;2583;;14404308
SQSP;1342099;2024-10-18;46.57;46.57;46.57;46.57;46.57;0;;136340283
SQZ;1873066;2025-03-21;0.03;0.03;0.03;0.03;0.03;1;;28812904
SR;627776;2025-03-21;76.93;77.36;76.00;76.41;76.41;833463;;58345839
SRAX;11035893;2025-03-21;0.24;0.24;0.24;0.24;0.24;0;;29150262
SRC;448754;2024-01-22;43.14;43.67;42.15;42.31;42.31;44964186;;141055850
SRCE;767938;2025-03-21;61.39;61.66;60.76;61.50;61.50;743678;;24553443
SRCL;101113;2024-11-04;61.98;61.98;61.98;61.98;61.98;0;;92837446
SRDX;366154;2025-03-21;29.92;30.87;29.90;30.38;30.38;147291;;14295998
SRE;378214;2025-03-21;69.72;70.22;69.17;69.54;69.54;7064382;;651457249
SREV;9076195;2022-08-09;1.50;1.50;1.50;1.50;1.50;192;;99398000
SRFM;18099838;2025-03-21;3.71;3.80;3.53;3.72;3.72;136354;;15508391
SRG;998409;2025-03-21;3.38;3.38;3.27;3.27;3.27;168579;;56173000
SRGA;1093872;2023-06-30;0.24;0.24;0.18;0.18;0.18;7045398;;6640405
SRI;7962778;2025-03-21;5.15;5.26;4.99;5.01;5.01;363573;;27695248
SRLP;918357;2022-10-31;19.96;20.00;19.92;20.00;20.00;41820;;26234547
SRM;16633086;2025-03-21;0.41;0.44;0.38;0.44;0.44;404598;;13876477
SRNE;133865;2025-03-21;0.00;0.00;0.00;0.00;0.00;87703;;451621000
SRNGU;1302457;2021-09-16;10.63;12.07;10.53;11.97;11.97;589824;;
SRNW;15296785;2025-03-21;0.12;0.12;0.12;0.12;0.12;10;;49005865
SRPT;749127;2025-03-21;73.32;75.50;73.05;74.10;74.10;2584416;;97032073
SRRA;809435;2022-07-01;54.99;54.99;54.99;54.99;54.99;0;;15274908
SRRK;7962892;2025-03-21;33.32;33.99;32.91;33.05;33.05;2661058;;94676763
SRTS;11034022;2025-03-21;4.68;4.76;4.60;4.71;4.71;66229;;16495396
SRZN;16633090;2025-03-21;11.30;12.45;11.30;12.45;12.45;2480;;3205852
SSB;6480988;2025-03-21;91.57;93.20;91.05;92.45;92.45;2931476;;101364547
SSBK;10656644;2025-03-21;31.88;32.56;31.88;32.56;32.56;26975;;8916472
SSD;1056224;2025-03-21;154.90;155.71;152.74;155.45;155.45;906889;;41974436
SSDT;15112457;2023-02-27;2.05;2.05;2.05;2.05;2.05;0;;603970000
SSI;42463;2020-11-02;0.01;0.01;0.01;0.01;0.01;0;;28911336
SSIC;16453525;2025-03-21;11.51;11.84;11.36;11.54;11.54;4348;;6214964
SSKN;11035083;2025-03-21;2.56;2.68;2.55;2.68;2.68;5071;;4171161
SSL;17640655;2025-03-21;4.20;4.20;4.11;4.14;4.14;600148;;642143757
SSNC;721918;2025-03-21;81.65;82.36;80.91;82.35;82.35;3080527;;246486228
SSNI;331528;2018-01-05;16.24;16.26;16.24;16.26;16.26;60308;;54127000
SSNT;511627;2024-06-05;15.80;17.99;14.51;16.31;16.31;323504;3.27;5315581
SSP;688615;2025-03-21;2.97;3.36;2.83;3.26;3.26;4090972;;86701004
SSRM;14101624;2025-03-21;10.98;11.06;10.80;10.88;10.88;4804684;;202386185
SSSS;10656756;2025-03-21;5.74;5.84;5.65;5.82;5.82;60980;;23551859
SST;11817994;2025-03-21;0.46;0.50;0.46;0.50;0.50;198534;;74516280
SSTI;7962884;2025-03-21;18.28;18.63;17.60;17.88;17.88;174229;;12588530
SSTK;623203;2025-03-21;19.25;19.66;19.20;19.58;19.58;704416;;34893659
SSYS_old;727537;2025-03-21;10.31;10.44;10.17;10.19;10.19;600822;;21813585
ST;749178;2025-03-21;27.41;27.51;26.85;27.15;27.15;2181366;;149551960
STAA;849329;2025-03-21;18.08;18.21;17.60;17.72;17.72;1600805;;49325372
STAG;1298651;2025-03-21;35.00;35.14;34.00;34.02;34.02;3516530;;186564770
STAY;448789;2021-06-16;20.46;20.46;20.46;20.46;20.46;1;;177730773
STBA;347280;2025-03-21;36.75;37.64;36.44;37.03;37.03;784186;;38261027
STBX;18266286;2025-03-21;0.21;0.22;0.20;0.21;0.21;537179;;47827998
STC;6767723;2025-03-21;70.34;71.65;69.94;70.24;70.24;598392;;27810679
STCB;18099840;2025-03-21;0.04;0.04;0.04;0.04;0.04;125842;;647431696
STCN;13511406;2025-01-02;12.44;12.58;12.00;12.18;12.18;290625;;6335641
STE;749030;2025-03-21;224.21;224.21;216.56;220.42;220.42;1341787;;98250789
STEL;17663746;2025-03-21;27.23;27.71;27.01;27.08;27.08;634722;;
STEM;1295063;2025-03-21;0.42;0.44;0.41;0.42;0.42;3657764;;164149723
STEP;1338981;2025-03-21;54.34;54.72;53.71;53.87;53.87;2054499;;115976988
STER;11795156;2024-10-31;16.74;16.74;16.74;16.74;16.74;0;;97989463
STFC;9076341;2022-03-01;52.01;52.01;52.01;52.01;52.01;1;;44300000
STFR;152617;2023-05-12;17.52;17.52;17.52;17.52;17.52;0;;110188892
STGW;625541;2025-03-21;6.05;6.25;6.04;6.10;6.10;889346;;266663689
STHO;14101626;2025-03-21;8.15;8.46;8.12;8.21;8.21;191271;;13319552
STI;335922;2025-03-21;0.16;0.16;0.13;0.14;0.14;2488023;;444039931
STIM;9076072;2025-03-21;4.92;4.92;4.77;4.86;4.86;413100;;30347504
STJ;378218;2017-01-18;80.82;80.82;80.82;80.82;80.82;0;;285600918
STKL;14122327;2025-03-21;5.35;5.35;5.19;5.21;5.21;1137418;;117208602
STKS;10656568;2025-03-21;2.63;2.83;2.63;2.80;2.80;114991;;31040871
STL;1234791;2022-01-31;26.96;27.38;26.23;26.29;26.29;19410604;;194360590
STLA;1239536;2025-03-21;11.95;12.12;11.94;12.07;12.07;14536223;;2880492279
STLD;978926;2025-03-21;124.20;124.70;121.07;122.67;122.67;6292223;;150163986
STLY;16682774;2025-03-21;4.55;4.55;4.55;4.55;4.55;722;;2813214
STM;18407934;2025-03-21;23.63;24.07;23.59;24.01;24.01;5512313;;898175408
STML;795984;2020-06-10;11.83;11.83;11.83;11.83;11.83;1084;;52510785
STMP;650092;2021-10-05;329.61;329.61;329.61;329.61;329.61;0;;18319142
STNE;3307755;2025-03-21;11.05;11.29;11.01;11.10;11.10;9174052;;290187329
STNG;17663748;2025-03-21;41.86;41.94;39.62;39.65;39.65;2354169;;53107765
STOK;1060042;2025-03-21;8.21;8.35;7.66;8.15;8.15;1407236;;54077739
STOR;534667;2023-02-03;32.21;32.21;32.21;32.21;32.21;0;;280839392
STR;11794970;2025-03-21;20.37;20.48;20.12;20.28;20.28;2519939;;12703000
STRA;1067482;2025-03-21;81.90;83.25;81.31;82.37;82.37;434752;;24502385
STRG;13511416;2025-03-21;0.00;0.00;0.00;0.00;0.00;0;;2868000
STRL;6767677;2025-03-21;123.66;127.39;122.86;126.63;126.63;837863;;30603090
STRM;494891;2025-03-21;3.29;3.29;3.06;3.17;3.17;11440;;4273175
STRN;11035281;2015-08-06;8.48;8.48;8.48;8.48;8.48;0;;
STRO;10656528;2025-03-21;0.79;0.82;0.77;0.77;0.77;1777171;;83775336
STRR;641822;2025-03-21;2.28;2.42;2.28;2.42;2.42;22893;;3218429
STRS;9075912;2025-03-21;17.87;18.15;17.60;18.15;18.15;19699;;8086201
STRT;202406;2025-03-21;43.35;43.36;42.56;42.67;42.67;11408;;4172217
STRW;15287372;2025-03-21;12.10;12.70;11.36;11.45;11.45;642831;;12217351
STRY;1340852;2025-03-22;19.33;19.66;19.31;19.38;19.38;87986;;162687604
STSA;11035081;2023-06-08;1.10;1.10;1.10;1.10;1.10;0;;33152498
STSFF;11795090;2025-03-21;8.29;8.29;8.29;8.29;8.29;0;;95911285
STT;378219;2025-03-21;89.73;91.03;88.87;90.55;90.55;4677380;;288469096
STVN;18482570;2025-03-21;21.80;22.59;21.75;22.51;22.51;328843;;302842536
STWD;6480973;2025-03-21;20.19;20.34;19.92;19.94;19.94;3747055;;337423560
STX;378212;2025-03-21;87.95;88.69;86.60;88.27;88.27;2568612;;211707393
STXB;9076265;2022-04-08;25.65;25.75;25.18;25.55;25.55;1248603;;17262221
STXS;10656694;2025-03-21;2.00;2.00;1.87;1.92;1.92;674430;;85979662
STZ;256994;2025-03-21;178.02;180.47;177.29;177.42;177.42;6607488;;180730332
SU;1203755;2025-03-21;37.58;37.63;37.19;37.45;37.45;3314648;;1244331601
SUI;749231;2025-03-21;132.00;132.57;130.60;130.98;130.98;1166930;;127378160
SUM;6767429;2025-02-10;52.39;54.07;52.36;52.49;52.49;4664636;;118931914
SUMO;10384239;2023-06-01;12.04;12.04;12.04;12.04;12.04;786;;121172000
SUN;11794972;2025-03-21;57.97;58.11;56.66;56.74;56.74;948594;;16410780
SUND;13841959;2025-03-21;0.48;0.48;0.48;0.48;0.48;0;;43063441
SUNW;11035250;2024-02-14;0.07;0.08;0.06;0.06;0.06;31713780;;35419672
SUP;826868;2025-03-21;2.42;2.53;2.38;2.49;2.49;49412;;28902257
SUPN;445197;2025-03-21;31.97;32.90;31.97;32.15;32.15;2225117;;55814496
SURG;11034336;2025-03-21;1.35;1.36;1.31;1.34;1.34;27105;;20161547
SVACU;11795042;2021-07-29;10.06;10.20;9.83;9.89;9.89;7355;;
SVC;16363531;2025-03-21;2.90;2.91;2.77;2.81;2.81;3694814;;165889356
SVFD;11036198;2025-03-21;0.28;0.29;0.27;0.27;0.27;880182;;11408237
SVMB;13626519;2025-03-21;7.15;7.15;7.15;7.15;7.15;0;;555315412
SVRA;1872647;2025-03-21;2.92;2.92;2.69;2.82;2.82;4844053;;171618944
SVT;250129;2025-03-21;10.58;11.00;10.58;11.00;11.00;1833;;2553539
SVU;684097;2018-12-14;32.49;32.49;32.49;32.49;32.49;0;;38718618
SVV;15042573;2025-03-21;6.92;7.26;6.84;7.01;7.01;1127611;;158707876
SWAG;12442268;2025-03-21;1.10;1.10;0.93;1.00;1.00;11783;;18515206
SWAV;1253257;2024-05-31;334.75;334.75;334.75;334.75;334.75;0;;37543542
SWBI;952565;2025-03-21;9.42;9.64;9.41;9.51;9.51;726363;;44002703
SWCH;9076329;2022-12-05;34.24;34.26;34.23;34.25;34.25;7548836;;147745000
SWI;885119;2025-03-21;18.40;18.42;18.39;18.40;18.40;1754170;;171606895
SWIM;11818856;2025-03-21;6.30;6.30;5.99;6.22;6.22;773556;;115776595
SWK;244442;2025-03-21;79.80;80.11;78.89;79.56;79.56;2475217;;154413950
SWKH;11820065;2025-03-21;17.39;17.50;17.25;17.25;17.25;21289;;12252816
SWKS;353611;2025-03-21;67.38;68.45;67.11;67.25;67.25;13007521;;160741022
SWM;803493;2022-07-05;24.52;24.54;22.84;23.41;23.41;1270260;;31055200
SWN;401903;2024-10-01;7.11;7.11;7.11;7.11;7.11;0;;1102981706
SWSSU;12444281;2025-03-21;10.00;10.00;10.00;10.00;10.00;0;;13080515
SWTX;11795076;2025-03-21;50.71;50.71;49.53;49.89;49.89;2442010;;74935850
SWX;448826;2025-03-21;75.84;76.20;74.82;75.13;75.13;809511;;71822329
SWY;86808;2015-02-09;35.10;35.10;35.10;35.10;35.10;0;;231400000
SXC;112269;2025-03-21;9.23;9.28;9.07;9.11;9.11;3252983;;84351938
SXI;6767605;2025-03-21;167.50;168.24;163.71;164.72;164.72;244939;;11898080
SXT;134902;2025-03-21;73.52;74.13;72.47;72.78;72.78;613620;;42393332
SYBT;6767647;2025-03-21;68.54;69.10;67.83;69.07;69.07;217360;;29437553
SYBX;1841679;2025-03-21;1.30;1.31;1.25;1.30;1.30;6589;;11696109
SYF;493399;2025-03-21;53.27;54.18;52.50;54.02;54.02;6427725;;389344383
SYK;105030;2025-03-21;371.33;374.79;366.49;371.11;371.11;2369433;;381579123
SYKE;9076289;2021-08-27;54.00;54.00;54.00;54.00;54.00;18;;39779000
SYM;11794916;2025-03-21;21.30;22.41;20.99;22.39;22.39;1585964;;76021439
SYNA;260659;2025-03-21;64.36;65.35;63.17;64.10;64.10;718548;;39186593
SYNH;336622;2023-09-28;42.98;42.98;42.98;42.98;42.98;0;;102731000
SYNT;693332;2018-10-10;40.99;40.99;40.99;40.99;40.99;0;;82968320
SYPR;16682814;2025-03-21;1.62;1.66;1.57;1.63;1.63;14839;;
SYRE;640634;2025-03-21;17.90;18.54;17.54;18.17;18.17;1303158;;40283414
SYRG;786501;2020-01-14;4.07;4.08;3.94;4.00;4.00;20973892;;243563280
SYRS;807944;2025-03-21;0.07;0.10;0.06;0.06;0.06;2901178;;26832457
SYUT;53873;2017-05-23;6.05;6.05;6.05;6.05;6.05;0;;56691000
SYY;247719;2025-03-21;70.96;71.30;70.25;71.11;71.11;4878780;;489229644
S_delisted;353395;2025-03-21;19.00;19.36;18.84;19.27;19.27;8164063;;4111432945
T;66790;2025-03-21;26.81;27.21;26.64;27.02;27.02;91088870;;7178183000
TACO;823787;2022-03-08;12.51;12.51;12.51;12.51;12.51;1;;36455883
TACT;15112477;2025-03-21;3.85;3.97;3.72;3.94;3.94;27102;;10010357
TALK;12444347;2025-03-21;2.72;2.81;2.71;2.80;2.80;1520704;;168437252
TALO;1333936;2025-03-21;9.11;9.28;9.11;9.16;9.16;3044411;;183919349
TALS;1872493;2025-03-21;16.74;17.46;16.74;17.15;17.15;825448;;25685429
TAP;248956;2025-03-21;59.15;60.04;58.43;58.89;58.89;8351357;;192721011
TARA;11035075;2025-03-21;4.55;4.67;4.38;4.60;4.60;836802;;36767465
TARS;11817437;2025-03-21;49.30;51.14;48.27;49.97;49.97;595518;;38377178
TASK;1321941;2025-03-21;13.36;13.52;13.19;13.38;13.38;256765;;89996796
TAST;625660;2024-05-16;9.54;9.54;9.54;9.54;9.54;0;;52621276
TAYD;338837;2025-03-21;32.07;32.48;31.25;31.71;31.71;35312;;3136209
TBBK;6767573;2025-03-21;54.18;55.12;53.66;54.93;54.93;1452852;;48067178
TBCP;12444385;2023-12-11;10.21;10.21;10.21;10.21;10.21;0;;12450741
TBI;108139;2025-03-21;5.71;5.78;5.52;5.71;5.71;736226;;29707861
TBIO;941303;2025-03-21;0.39;0.39;0.39;0.39;0.39;33;;4182944
TBLA;14122329;2025-03-21;2.92;2.98;2.90;2.92;2.92;2630908;;336208207
TBNK;9075996;2025-03-21;8.29;8.37;8.11;8.15;8.15;38573;;8832210
TBPH;7962668;2025-03-21;9.32;9.55;9.32;9.39;9.39;268235;;49470647
TBTC;263057;2025-03-21;3.89;3.95;3.89;3.95;3.95;400;;4639523
TCBC;15394220;2025-03-21;15.20;15.55;15.20;15.40;15.40;608;;4229548
TCBI;734517;2025-03-21;75.14;76.36;74.44;75.88;75.88;755978;;46012977
TCBK;6767759;2025-03-21;40.57;40.72;39.94;40.39;40.39;282785;;32970425
TCBS;15585648;2025-03-21;16.45;16.45;16.45;16.45;16.45;949;;3115652
TCDA;9076171;2023-01-23;0.12;0.12;0.09;0.11;0.11;31125300;;58015939
TCFC;9075952;2023-10-25;27.09;27.09;27.09;27.09;27.09;0;;5651750
TCI;7962954;2025-03-21;27.90;29.17;27.90;28.00;28.00;5713;;8639316
TCMD;201913;2025-03-21;13.58;13.72;13.28;13.29;13.29;379599;;23585175
TCNNF;2265760;2025-03-21;4.19;4.19;3.94;4.00;4.00;208095;;165964290
TCNT;658757;2024-05-09;1.30;1.30;1.30;1.30;1.30;0;;7100000
TCO;998405;2020-12-29;42.99;42.99;42.99;42.99;42.99;0;;61725350
TCOM;1253413;2025-03-21;63.21;64.26;62.69;64.23;64.23;4117129;;644089050
TCON;14821541;2024-12-02;0.04;0.05;0.03;0.03;0.03;23886;;3407564
TCPC;10656426;2025-03-21;7.70;7.78;7.68;7.73;7.73;612241;;85077297
TCRR;11034194;2023-06-01;1.48;1.48;1.48;1.48;1.48;0;;39220984
TCRT;795980;2025-03-21;1.46;1.49;1.46;1.49;1.49;1954;;1601252
TCRX;14864208;2025-03-21;1.63;1.68;1.56;1.67;1.67;490596;;
TCS;9075958;2025-02-24;0.14;0.14;0.14;0.14;0.14;0;;3451250
TCX;651784;2025-03-21;16.96;17.22;16.83;17.01;17.01;53787;;10950656
TDAC;11795238;2025-03-21;10.06;10.13;10.06;10.12;10.12;13741;;10636344
TDC;378223;2025-03-21;22.62;22.99;22.52;22.90;22.90;17349786;;94600000
TDG;378229;2025-03-21;1361.16;1361.16;1327.92;1346.12;1346.12;535909;;56084587
TDOC;963383;2025-03-21;8.01;8.51;7.94;8.41;8.41;6763363;;173672032
TDS;1234792;2025-03-21;35.71;36.99;35.58;36.84;36.84;1984149;;114000000
TDUP;11818971;2025-03-21;2.44;2.60;2.29;2.56;2.56;1491365;;116194692
TDW;419436;2025-03-21;42.50;42.97;41.89;42.07;42.07;2554076;;51470224
TDY;1164973;2025-03-21;497.00;503.02;495.00;501.82;501.82;648324;;46834810
TEAM;1204607;2025-03-21;222.06;228.11;218.42;227.34;227.34;2516717;;262000306
TECD;181744;2020-06-30;144.90;144.90;144.90;144.90;144.90;0;;35658571
TECH;176917;2025-03-21;59.97;61.14;59.45;60.61;60.61;2581172;;158087683
TEF;18445952;2025-03-21;4.67;4.67;4.62;4.63;4.63;1398138;;5670161554
TEL;104745;2025-03-21;144.46;146.34;143.68;146.17;146.17;4259689;;298353180
TELA;11819929;2025-03-21;1.90;1.90;1.28;1.47;1.47;2932529;;39388443
TELL;1070202;2024-10-08;1.00;1.00;1.00;1.00;1.00;72164448;;893759536
TEN;534666;2025-03-21;17.15;17.33;16.60;16.72;16.72;453861;;83600000
TENB;896983;2025-03-21;35.71;36.45;35.48;36.25;36.25;1934107;;120302439
TEO;18445950;2025-03-21;10.75;11.31;10.74;11.31;11.31;110281;;683856600
TEP;929180;2018-07-02;43.31;43.31;43.31;43.31;43.31;0;;73200000
TER;1094921;2025-03-21;86.59;88.39;85.36;87.51;87.51;5921212;;161718766
TERN;10384313;2025-03-21;3.16;3.72;3.16;3.35;3.35;1792886;;87297629
TERP;708716;2020-07-31;19.35;19.35;19.35;19.35;19.35;0;;226528000
TESO;141183;2017-12-15;3.70;3.70;3.70;3.70;3.70;0;;46756282
TESS;42813;2023-07-17;8.99;8.99;8.99;8.99;8.99;0;;9226552
TETC;11795348;2023-03-28;10.17;10.18;10.17;10.17;10.17;247686;;48125000
TEUM;890308;2022-10-21;0.00;0.00;0.00;0.00;0.00;799;;142697197
TEVA;616649;2025-03-21;16.00;16.20;15.90;16.10;16.10;9379366;;1133838689
TEX;1234793;2025-03-21;38.39;39.23;37.98;39.09;39.09;3934230;;66400000
TFC;245217;2025-03-21;41.11;41.43;40.65;41.42;41.42;16807129;;1305350706
TFFP;1295083;2025-03-20;0.07;0.07;0.07;0.07;0.07;0;;4443041
TFIN;17663752;2025-03-21;61.02;62.04;60.76;61.59;61.59;452133;;
TFSL;360767;2025-03-21;12.24;12.32;12.11;12.13;12.13;408800;;280710854
TFX;448874;2025-03-21;138.50;141.97;138.16;141.56;141.56;11373423;;46366463
TG;7962948;2025-03-21;7.44;7.94;7.34;7.78;7.78;473900;;34676675
TGAN;12442244;2024-06-28;5.10;5.10;5.10;5.10;5.10;0;;63266180
TGCB;13643366;2025-03-21;0.05;0.05;0.05;0.05;0.05;0;;76090356
TGEN;12444877;2025-03-21;2.53;2.53;2.33;2.42;2.42;14266;;24985261
TGGI;13511458;2025-03-21;0.00;0.00;0.00;0.00;0.00;299127;;22131339996
TGH;6767619;2024-03-14;49.99;49.99;49.99;49.99;49.99;0;;44149000
TGI;629705;2025-03-21;25.45;25.48;25.40;25.43;25.43;1984138;;77407906
TGL;13841961;2025-03-21;0.11;0.11;0.11;0.11;0.11;842626;;52427273
TGLO;15204670;2025-03-21;0.32;0.35;0.30;0.35;0.35;131296;;441480473
TGLS;1346351;2025-03-21;71.83;72.21;70.70;71.75;71.75;2563641;;46991558
TGNA;378222;2025-03-21;18.73;18.86;18.27;18.57;18.57;9519020;;159898056
TGT;72458;2025-03-21;103.36;105.12;101.76;104.06;104.06;31005598;;455576464
TGTX;785880;2025-03-21;41.62;43.15;41.19;42.99;42.99;4614457;;157070575
TGVC;12444307;2024-03-15;10.81;10.81;10.81;10.81;10.81;0;;2889149
TH;11795124;2025-03-21;5.88;6.00;5.72;5.98;5.98;1121398;;98941160
THC;1033571;2025-03-21;124.40;125.51;121.33;123.20;123.20;6642597;;95121000
THCP;11818510;2024-12-10;13.85;13.94;11.90;12.24;12.24;82501;;30214035
THER;13511292;2025-03-21;0.00;0.00;0.00;0.00;0.00;0;;6151499919
THFF;7962876;2025-03-21;49.55;50.48;48.57;49.35;49.35;827199;;11853489
THG;1234794;2025-03-21;170.28;171.24;169.08;170.05;170.05;583263;;35926567
THM;15042565;2025-03-21;0.71;0.71;0.66;0.67;0.67;276651;;207885473
THMA;11795116;2024-05-24;0.00;0.00;0.00;0.00;0.00;0;;6900000
THMO;258731;2025-03-21;0.00;0.00;0.00;0.00;0.00;3;;7952780
THO;43246;2025-03-21;79.10;80.27;78.08;79.08;79.08;2237462;;53203568
THPTF;15204672;2025-03-21;19.25;19.25;19.25;19.25;19.25;0;;18595624
THR;7962662;2025-03-21;29.45;29.77;29.02;29.31;29.31;318060;;33690119
THRD;15539353;2025-03-21;3.51;3.60;3.50;3.50;3.50;458936;;45058413
THRM;1794063;2025-03-21;30.01;30.68;29.70;30.08;30.08;674109;;30788989
THRN;10656586;2023-10-16;10.19;10.19;10.19;10.19;10.19;0;;53342837
THRX;11795346;2024-02-14;4.06;4.06;4.06;4.06;4.06;0;;42371206
THRY;11795220;2025-03-21;15.02;15.74;14.95;15.12;15.12;751496;;43371149
THS;532132;2025-03-21;26.33;26.83;26.14;26.35;26.35;1237330;;50200000
THTX;18365260;2025-03-21;1.61;1.66;1.54;1.58;1.58;142096;;45980019
TIF;249289;2021-01-08;131.46;131.46;131.46;131.46;131.46;0;;121400000
TIG;11818419;2023-04-21;6.16;6.16;6.16;6.16;6.16;0;;51221594
TIGR;1214646;2025-03-21;8.72;8.95;8.56;8.86;8.86;6484892;;2507082243
TIL;15337167;2025-03-21;19.25;20.52;17.85;17.89;17.89;147393;;6525887
TILE;7962844;2025-03-21;19.57;19.92;19.25;19.74;19.74;2042422;;58313040
TIME;535758;2025-03-21;23.25;23.41;23.25;23.41;23.41;2089;;99610000
TIPT;7962786;2025-03-21;23.33;23.47;22.99;23.08;23.08;226470;;37259169
TIS;693955;2019-04-01;1.24;1.24;1.24;1.24;1.24;0;;10670348
TISI;9076133;2025-03-21;14.16;18.00;14.16;17.40;17.40;35214;;4493391
TITN;825306;2025-03-21;16.57;17.15;16.01;17.05;17.05;672679;;23125692
TIVC;1397124;2025-03-21;3.43;3.55;3.29;3.55;3.55;37294;;486046
TIVO;176762;2020-06-01;6.09;6.09;6.09;6.09;6.09;1117;;100236552
TIXT;18252583;2025-03-21;2.66;2.75;2.63;2.73;2.73;277167;;111267697
TJBH;11817570;2025-03-21;2.00;2.00;2.00;2.00;2.00;0;;99039506
TJX;256569;2025-03-21;115.34;116.30;113.98;116.12;116.12;7143890;;1124158029
TK;7962808;2025-03-21;6.91;6.92;6.67;6.69;6.69;1910083;;84059952
TKAT;11035450;2023-09-15;0.19;0.20;0.18;0.20;0.20;140257;;55611419
TKNO;15585602;2025-03-21;5.58;5.91;5.53;5.86;5.86;161582;;53436806
TKR;1056221;2025-03-21;73.83;74.42;73.02;74.18;74.18;1081319;;70001123
TLCC;156530;2025-03-21;0.00;0.00;0.00;0.00;0.00;0;;259092833
TLF;15394218;2025-03-21;3.00;3.05;2.95;2.96;2.96;6571;;8496581
TLGY;15539351;2024-12-06;11.64;11.64;11.64;11.64;11.64;1323;;
TLLTF;15394222;2025-03-21;0.01;0.01;0.01;0.01;0.01;7000;;346969492
TLND;923420;2021-08-09;65.97;65.97;65.97;65.97;65.97;0;;32909599
TLRA;646927;2020-03-31;6.30;6.44;5.95;6.00;6.00;2010983;;48047492
TLRD;929181;2020-11-05;0.07;0.08;0.07;0.07;0.07;368764;;48899867
TLRS;13511300;2024-08-21;0.10;0.10;0.09;0.09;0.09;55291;;189996152
TLRY;816689;2025-03-21;0.65;0.68;0.62;0.65;0.65;34312776;;937655195
TLS;12444451;2025-03-21;2.65;2.74;2.64;2.73;2.73;411991;;72552120
TLSA;1203753;2025-03-21;1.25;1.29;1.04;1.11;1.11;1110429;;103087744
TLYS;978925;2025-03-21;2.34;2.39;2.17;2.35;2.35;153046;;30151907
TM;1217248;2025-03-21;190.00;191.62;189.48;190.70;190.70;229047;;1347417202
TMC;15464893;2025-03-21;1.78;1.82;1.77;1.82;1.82;1903139;;324262652
TMCI;11795064;2025-03-21;8.13;8.28;8.02;8.25;8.25;439682;;62618725
TMDX;963380;2025-03-21;67.86;70.56;66.69;69.05;69.05;971681;;33662363
TMHC;1234795;2025-03-21;58.64;59.92;58.61;59.49;59.49;1779174;;101737678
TMKRU;12444528;2024-05-17;10.96;10.96;10.96;10.96;10.96;0;;2926927
TMO;372802;2025-03-21;516.26;518.61;510.00;517.72;517.72;2154041;;377261182
TMP;7962632;2025-03-21;63.06;65.02;62.55;63.92;63.92;198105;;14434461
TMQ;13756726;2025-03-21;1.69;1.85;1.63;1.79;1.79;2459984;;163941185
TMRC;13626521;2025-03-21;0.42;0.45;0.41;0.41;0.41;129216;;74833025
TMST;7962660;2024-02-26;20.01;20.53;20.01;20.40;20.40;352854;;43889467
TMUS;515267;2025-03-21;254.44;258.44;254.33;255.84;255.84;9172632;;1141744952
TMX;749230;2022-10-28;37.87;37.87;37.87;37.87;37.87;0;;121500000
TNC;6767613;2025-03-21;83.66;83.66;81.59;81.96;81.96;653214;;18816067
TNDM;693227;2025-03-21;20.30;20.56;19.90;20.29;20.29;1256193;;66473272
TNET;797860;2025-03-21;78.36;78.36;76.16;76.69;76.69;1875832;;49527551
TNGX;11818746;2025-03-21;1.75;1.79;1.65;1.76;1.76;1141395;;108107890
TNK;17663754;2025-03-21;39.47;39.53;38.45;38.47;38.47;852535;;34360637
TNL;116466;2025-03-21;46.99;47.22;45.63;47.18;47.18;1036524;;66696276
TNON;16682824;2025-03-21;0.98;1.08;0.98;1.00;1.00;154436;;3136589
TNXP;11035175;2025-03-21;18.36;23.98;18.36;23.03;23.03;3486269;;6434881
TNYA;11817603;2025-03-21;0.66;0.66;0.61;0.64;0.64;2578217;;87582646
TOL;200636;2025-03-21;103.82;107.13;103.00;106.15;106.15;3310717;;99437000
TOMZ;16281428;2025-03-21;0.86;0.94;0.86;0.91;0.91;322651;;20015205
TOP;16239129;2025-03-21;1.22;1.27;1.22;1.27;1.27;41360;;37015807
TOST;1307361;2025-03-21;35.28;35.61;34.83;35.19;35.19;6936158;;575000000
TOWR;625334;2019-10-08;31.00;31.00;31.00;31.00;31.00;0;;20690472
TPB;58275;2025-03-21;57.36;57.99;56.45;57.65;57.65;315383;0.07;17747117
TPC;7962972;2025-03-21;25.00;25.38;24.39;24.53;24.53;1443911;;52485719
TPCO;627811;2021-08-23;17.26;17.26;17.26;17.26;17.26;0;;36874348
TPCS;74307;2025-03-21;2.58;2.58;2.29;2.46;2.46;45170;;9662525
TPET;13665445;2025-03-21;1.38;1.46;1.31;1.36;1.36;127683;;6956694
TPG;10383322;2025-03-21;49.73;50.38;49.35;50.00;50.00;2593028;;79499319
TPH;1234796;2025-03-21;31.22;31.72;31.09;31.41;31.41;3379152;;91911621
TPHS;9076158;2025-03-21;0.05;0.07;0.05;0.07;0.07;2681;;65314726
TPIC;180206;2025-03-21;0.88;0.89;0.79;0.83;0.83;2315481;;47609136
TPL;1093761;2025-03-21;1359.20;1359.20;1211.58;1273.15;1273.15;392181;;22980620
TPR;331230;2025-03-21;71.57;73.33;70.40;73.12;73.12;24255521;;207015475
TPST;11035402;2025-03-21;0.80;0.83;0.79;0.82;0.82;250300;;43642072
TPVG;10656482;2025-03-21;7.14;7.24;7.11;7.18;7.18;207375;;35349000
TPX;686753;2025-02-14;68.96;69.55;68.30;68.78;68.78;2937751;;173652870
TR;527072;2025-03-21;31.47;31.50;31.00;31.28;31.28;160126;;71526875
TRC;669774;2025-03-21;15.93;16.04;15.62;15.67;15.67;203272;;26856054
TRCO;650958;2019-09-27;46.66;46.66;46.66;46.66;46.66;0;;88410753
TRCY;998466;2025-03-21;13.82;13.85;13.82;13.85;13.85;499;;8904915
TRDA;11817431;2025-03-21;10.27;10.80;10.15;10.49;10.49;205190;;37594630
TREC;9076223;2022-06-27;9.81;9.81;9.81;9.81;9.81;0;;23600000
TREE;780144;2025-03-21;50.49;52.50;50.30;51.68;51.68;219782;;13393620
TREN;13841923;2023-07-18;1.40;1.40;1.40;1.40;1.40;200;;32231083
TREX;991604;2025-03-21;58.62;60.02;58.27;59.43;59.43;2472311;;107159866
TRGP;625570;2025-03-21;198.57;198.94;196.36;197.40;197.40;2009777;;218106765
TRHC;494892;2023-11-03;10.50;10.50;10.50;10.50;10.50;0;;25422032
TRIN;10656468;2025-03-21;16.19;16.19;16.03;16.14;16.14;854254;;40119009
TRIP;89539;2025-03-21;14.81;14.97;14.64;14.89;14.89;1957203;;140381729
TRKA;11034266;2023-12-15;0.19;0.19;0.13;0.13;0.13;7048726;;
TRLEF;18158109;2025-03-21;0.03;0.03;0.03;0.03;0.03;81930;;115250810
TRMB;627855;2025-03-21;69.94;70.74;69.59;70.54;70.54;3042093;;245792054
TRMD;18482572;2025-03-21;18.85;19.00;18.32;18.32;18.32;728994;;
TRMK;1234797;2025-03-21;33.79;34.43;32.90;34.01;34.01;1052485;;60765271
TRML;17663756;2025-03-21;16.74;17.46;16.74;17.15;17.15;825448;;
TRN;247970;2025-03-21;29.29;29.49;29.07;29.38;29.38;1238777;;81789391
TRNO;6480979;2025-03-21;64.90;65.05;62.51;62.69;62.69;1947319;;99777658
TRNS;60740;2025-03-21;69.43;70.57;67.56;69.07;69.07;92924;;9309470
TRON;18145444;2024-08-30;11.50;11.50;11.50;11.50;11.50;0;;6635214
TROO;17598804;2025-03-21;0.81;0.83;0.76;0.81;0.81;118058;;101597998
TROW;378221;2025-03-21;92.25;93.33;91.71;92.83;92.83;5908698;;222634484
TROX;627774;2025-03-21;7.25;7.30;7.01;7.24;7.24;2891963;;157938056
TRP;3240694;2025-03-21;49.03;49.13;48.38;48.43;48.43;1451732;;1039095489
TRS;6767747;2025-03-21;25.00;25.06;24.18;24.25;24.25;680034;;40583198
TRSSF;2265768;2025-03-21;0.42;0.47;0.42;0.44;0.44;95666;;293116170
TRST;10656438;2025-03-21;31.15;31.30;30.06;30.31;30.31;230425;;19019749
TRT;288723;2025-03-21;6.08;6.39;6.08;6.39;6.39;5380;;4251555
TRTN;6481010;2023-09-27;82.90;83.03;79.01;79.55;79.55;10767229;;54776000
TRTX;7962848;2025-03-21;8.45;8.51;8.43;8.45;8.45;1104681;;81003693
TRU;700411;2025-03-21;84.06;85.54;82.77;85.34;85.34;2938343;;195100000
TRUE;81812;2025-03-21;1.74;1.79;1.71;1.78;1.78;1389961;;87256034
TRUP;640535;2025-03-21;36.40;37.34;35.86;37.00;37.00;478452;;42490664
TRV;262327;2025-03-21;259.01;260.61;256.39;256.70;256.70;3639866;;226726582
TRVG;18451292;2025-03-21;4.75;5.45;4.63;5.40;5.40;256410;;351536525
TRVI;1841447;2025-03-21;6.52;6.62;6.37;6.47;6.47;3742647;;96682229
TRX;18148329;2025-03-21;0.32;0.32;0.32;0.32;0.32;277606;;
TSBK;9075896;2025-03-21;29.53;30.24;29.49;30.09;30.09;41428;;7955453
TSBX;15394224;2025-03-21;0.43;0.43;0.40;0.41;0.41;25551;;23128454
TSC;988504;2022-09-08;30.58;30.58;30.58;30.58;30.58;4252;;31396278
TSCO;378228;2025-03-21;51.65;52.54;51.11;52.46;52.46;6326945;;531548314
TSE;530044;2025-03-21;3.95;4.27;3.79;4.27;4.27;1508908;;35481484
TSHA;1146378;2025-03-21;1.68;1.71;1.59;1.64;1.64;5304676;;205001632
TSLA;56317;2025-03-21;234.99;249.52;234.55;248.71;248.71;131201699;;3216517037
TSLX;10384247;2025-03-21;22.34;22.60;22.29;22.48;22.48;947555;;93661436
TSM;1203609;2025-03-21;174.91;177.20;173.79;176.73;176.73;9699685;;5185800000
TSN;138054;2025-03-21;60.40;60.95;60.17;60.43;60.43;5249224;;356194373
TSP;11819631;2024-02-08;0.25;0.25;0.25;0.25;0.25;0;;224745672
TSQ;545597;2025-03-21;7.80;8.00;7.80;7.98;7.98;131122;;17221000
TSRI;333363;2025-03-21;13.38;13.38;13.38;13.38;13.38;0;;2169546
TSRO;349753;2019-01-18;74.95;74.97;74.94;74.96;74.96;1191003;;55046956
TSS;378227;2019-09-17;136.25;138.94;131.23;133.27;133.27;7594626;;176977106
TSSI;363007;2025-03-21;8.95;9.41;8.75;9.38;9.38;848585;;22472676
TST;122759;2019-08-07;6.18;6.48;6.16;6.44;6.44;508322;;5336639
TSVT;11795336;2025-03-21;4.95;4.96;4.95;4.95;4.95;665247;;51588420
TT;378166;2025-03-21;345.92;348.52;342.46;347.14;347.14;1698131;;224290964
TTC;181580;2025-03-21;72.32;73.28;71.81;73.00;73.00;1791003;;99820061
TTCF;3307745;2025-03-21;0.00;0.00;0.00;0.00;0.00;10224;;82794581
TTD;650768;2025-03-21;54.74;56.80;54.15;56.31;56.31;8956833;;496088557
TTE;1333932;2025-03-21;63.42;63.70;63.04;63.36;63.36;1589752;;2412251835
TTEC;6767597;2025-03-21;3.44;3.71;3.41;3.64;3.64;1448735;;47757848
TTEK;1055095;2025-03-21;29.05;29.34;28.71;29.04;29.04;4611290;;268036087
TTGT;652015;2025-03-21;14.20;14.74;14.02;14.35;14.35;362368;;29235043
TTI;7962910;2025-03-21;3.37;3.41;3.32;3.35;3.35;1065639;;132394159
TTMI;626042;2025-03-21;22.25;22.80;21.92;22.77;22.77;1787424;;102108642
TTNP;11035849;2025-03-21;3.67;4.19;3.40;4.19;4.19;164955;;914234
TTOO;728864;2025-03-21;0.12;0.13;0.11;0.12;0.12;49389;;21042952
TTPH;1077529;2020-07-28;2.24;2.27;2.18;2.20;2.20;282689;;7263236
TTSH;9075884;2025-03-21;6.43;6.79;6.43;6.51;6.51;162097;;44657898
TTWO;372538;2025-03-21;207.51;215.00;204.21;213.47;213.47;3630459;;176495706
TUEM;668563;2025-03-21;0.00;0.00;0.00;0.00;0.00;74;;3218279
TUP;125534;2024-09-18;0.51;0.51;0.51;0.51;0.51;0;;46530613
TUSK;825691;2025-03-21;2.08;2.18;2.08;2.18;2.18;182219;;48127369
TVC;13669373;2025-03-21;23.50;23.60;23.40;23.47;23.47;21792;;
TVPT;625611;2019-05-30;15.70;15.75;15.49;15.75;15.75;4774700;;126523035
TVTX;11795142;2025-03-21;20.62;20.96;20.22;20.53;20.53;4455998;;88739826
TVTY;895523;2022-09-08;32.50;32.50;32.50;32.50;32.50;1170;;49732000
TW;10383306;2025-03-21;141.73;142.91;140.47;142.41;142.41;1472833;;211569728
TWCB;11819938;2023-07-25;10.24;10.24;10.24;10.24;10.24;0;;22468797
TWER;997799;2025-03-21;0.01;0.01;0.01;0.01;0.01;0;;394409
TWI;795301;2025-03-21;8.80;8.95;8.31;8.72;8.72;4818096;;63197710
TWIN;231580;2025-03-21;8.08;8.32;7.78;8.22;8.22;68772;;14145862
TWKS;10383901;2024-11-13;4.47;4.47;4.47;4.47;4.47;0;;324726782
TWLO;670420;2025-03-21;100.66;103.55;99.67;103.45;103.45;2329291;;152633605
TWLVU;12444357;2024-06-25;10.90;10.90;10.90;10.90;10.90;0;;13300528
TWNK;6767411;2023-11-07;33.30;33.30;33.30;33.30;33.30;0;;134177696
TWO;6767703;2025-03-21;13.78;13.82;13.65;13.70;13.70;2281444;;104022011
TWOA;13901242;2024-03-27;6.09;12.97;5.59;10.70;10.70;61013;;9550705
TWOU;909826;2024-09-13;0.28;0.28;0.16;0.27;0.27;28203;;2858478
TWST;1252815;2025-03-21;41.86;43.57;40.50;42.89;42.89;1319953;;59651142
TWTR;30388;2022-10-28;53.70;53.70;53.70;53.70;53.70;0;;766837000
TWX;121635;2018-06-15;98.77;98.77;98.77;98.77;98.77;8475;;782319431
TXCB;11820041;2023-05-12;2.00;2.00;2.00;2.00;2.00;0;;
TXG;1250890;2025-03-21;9.83;10.43;9.65;10.39;10.39;3339197;;122301841
TXMD;692917;2025-03-21;0.87;0.89;0.82;0.89;0.89;69771;;11532432
TXN;252464;2025-03-21;178.53;179.84;177.04;179.00;179.00;11661636;;910332971
TXO;14821539;2025-03-21;19.89;20.01;19.56;19.65;19.65;79013;;41167625
TXRH;821877;2025-03-21;168.73;171.27;167.88;169.88;169.88;1544480;;66450642
TXT;378225;2025-03-21;73.00;73.72;72.53;73.08;73.08;3011420;;182572762
TYGO;11033261;2025-03-21;0.92;1.03;0.85;1.03;1.03;58740;;61912439
TYL;693134;2025-03-21;562.80;566.73;557.98;566.39;566.39;405791;;43013800
TYME;809189;2022-09-16;0.29;0.32;0.28;0.31;0.31;2598790;;172206894
TYPE;344785;2019-10-11;19.84;19.84;19.84;19.84;19.84;0;;41288487
TYRA;11795296;2025-03-21;10.84;11.05;10.57;10.69;10.69;343690;;50602991
TZOO;515536;2025-03-21;13.69;14.18;13.33;13.66;13.66;130447;;11245137
TZUP;15296787;2025-03-21;4.00;4.13;3.99;4.08;4.08;269297;;9426502
U;1039024;2025-03-21;20.59;21.59;20.57;21.55;21.55;7779070;;409664525
UA;80553;2025-03-21;5.98;6.16;5.92;6.10;6.10;5358377;;444052000
UAL;219075;2025-03-21;72.79;75.45;71.56;74.87;74.87;14810112;;327339564
UAMY;16532306;2025-03-21;1.89;2.20;1.80;2.11;2.11;8248450;;108438984
UAN;1340565;2025-03-21;75.33;76.20;74.76;75.38;75.38;15890;;10569637
UAVS;11035089;2025-03-21;1.31;1.31;1.23;1.28;1.28;317564;;4718308
UBA;7962704;2023-08-17;21.53;21.70;21.08;21.14;21.14;4484692;;37833000
UBCP;15296789;2025-03-21;13.09;13.12;12.64;13.10;13.10;19777;;5966278
UBER;914943;2025-03-21;73.72;76.00;72.77;75.84;75.84;26392608;;2089008865
UBFO;9076032;2025-03-21;9.00;9.16;8.94;8.95;8.95;22329;;17255505
UBS;18557145;2025-03-21;32.52;32.90;32.49;32.74;32.74;4153093;;3462087722
UBSI;1234798;2025-03-21;34.57;34.87;34.33;34.38;34.38;3598036;;143212150
UBX;893323;2025-03-21;1.69;1.85;1.69;1.82;1.82;53487;;16867647
UCAR;9075830;2025-03-21;2.65;2.90;2.53;2.82;2.82;114437;;1243140
UCBI;6767457;2024-08-05;27.52;28.45;26.96;27.83;27.83;774256;;119202592
UCTT;1346700;2025-03-21;24.38;24.46;23.95;24.25;24.25;637330;;45132298
UDMY;10384257;2025-03-21;8.36;8.52;8.27;8.51;8.51;945586;;147744470
UDR;424210;2025-03-21;43.51;43.72;43.10;43.36;43.36;3798131;;329306648
UE;1067485;2025-03-21;18.61;18.76;18.14;18.67;18.67;1597035;;125459966
UEC;7962592;2025-03-21;5.55;5.60;5.41;5.53;5.53;20659962;;428731612
UEEC;16682828;2025-03-21;0.23;0.28;0.22;0.24;0.24;162424;;248433222
UEIC;9075970;2025-03-21;6.28;6.60;6.28;6.44;6.44;78119;;13111653
UEPEP;14159431;2025-03-21;75.99;75.99;74.75;74.75;74.75;188;;269906252
UFCS;7962682;2025-03-21;28.91;29.49;28.56;28.76;28.76;336566;;25381478
UFI;249809;2025-03-21;4.94;5.07;4.93;4.99;4.99;57983;;18351295
UFPI;1242696;2025-03-21;107.83;108.09;106.17;107.50;107.50;1858188;;60662743
UFPT;6767729;2025-03-21;208.44;208.44;198.10;198.85;198.85;175223;;7680305
UFS;890747;2021-11-30;55.49;55.49;55.49;55.49;55.49;0;;50245328
UG;512245;2025-03-21;10.09;10.09;9.14;9.61;9.61;47730;;4594319
UGI;1070710;2025-03-21;33.65;33.73;32.99;33.20;33.20;2851938;;214813003
UHAL;449042;2025-03-21;63.02;63.48;62.29;62.46;62.46;114833;;19607788
UHG;17663758;2025-03-21;3.52;3.74;3.22;3.39;3.39;745255;;
UHS;378232;2025-03-21;177.21;178.19;173.89;174.14;174.14;1400120;;68867000
UHT;16453531;2025-03-21;41.70;41.70;40.70;40.77;40.77;229420;;13848952
UI;503387;2025-03-21;315.15;321.37;315.15;316.60;316.60;146510;;60490337
UIS;717085;2025-03-21;4.08;4.30;4.08;4.24;4.24;1651657;;69604122
UL;18538672;2025-03-21;58.77;58.97;58.57;58.65;58.65;2248669;;2524997338
ULBI;739637;2025-03-21;5.47;5.52;5.33;5.47;5.47;63487;;16626930
ULCC;10384039;2025-03-21;5.36;5.52;5.29;5.47;5.47;2701093;;227248474
ULH;682408;2025-03-21;26.29;26.98;25.65;26.47;26.47;71826;;26317326
ULNV;11795218;2025-03-21;1.60;1.60;1.60;1.60;1.60;0;;508110000
ULTA;178804;2025-03-21;339.21;351.25;335.86;350.57;350.57;1727111;;46372538
ULTI;373736;2019-05-03;331.36;331.36;331.36;331.36;331.36;0;;31680399
UMBF;256663;2025-03-21;102.03;103.45;101.22;102.35;102.35;1746291;;72591166
UMEWF;13676404;2025-03-21;0.44;0.44;0.44;0.44;0.44;0;;111785005
UMH;7962602;2025-03-21;18.45;18.49;18.16;18.31;18.31;727090;;82461602
UMPQ;998459;2023-03-01;17.66;17.66;17.66;17.66;17.66;0;;217054000
UNAM;251597;2025-01-23;0.07;0.07;0.07;0.07;0.07;1024;;5304863
UNB;9076036;2025-03-21;31.24;32.40;30.36;31.49;31.49;18960;;4524553
UNF;6767437;2025-03-21;198.01;198.07;194.94;197.22;197.22;291922;;18565622
UNFI;52168;2025-03-21;25.64;26.20;25.36;26.19;26.19;1612943;;60524148
UNH;367714;2025-03-21;511.68;519.00;505.09;516.85;516.85;10154940;;914712333
UNIT;990739;2025-03-21;4.92;5.13;4.88;4.99;4.99;5278671;;244229237
UNM;378233;2025-03-21;80.46;81.98;80.01;81.34;81.34;10334529;;176777741
UNP;367644;2025-03-21;233.08;234.25;231.34;233.88;233.88;4031321;;604286378
UNTC;11817363;2025-03-21;28.46;28.46;28.04;28.20;28.20;7620;;9667000
UNTY;9075858;2025-03-21;41.19;42.32;41.03;42.14;42.14;66481;;10057597
UNVR;1234799;2023-07-31;35.99;36.15;35.94;36.14;36.14;5259018;;165800000
UNXP;13774436;2025-03-21;1.49;1.49;1.49;1.49;1.49;0;;29372951
UONE;653270;2025-03-21;1.44;1.47;1.40;1.40;1.40;21847;;48928063
UP;12444403;2025-03-21;1.08;1.10;1.04;1.05;1.05;843741;;698792071
UPBD;17663760;2025-03-21;24.34;24.82;24.01;24.81;24.81;1004649;;
UPL;700786;2019-08-07;0.17;0.18;0.11;0.14;0.14;14748106;;197840056
UPLD;668870;2025-03-21;3.26;3.44;3.23;3.40;3.40;181734;;28168267
UPS;106423;2025-03-21;114.36;115.42;112.46;115.10;115.10;18266129;;854171950
UPST;1204606;2025-03-21;47.89;52.16;47.82;51.96;51.96;4429690;;93710996
UPTD;13841933;2025-03-21;0.92;1.01;0.92;1.01;1.01;11567;;36179147
UPWK;898008;2025-03-21;13.32;13.69;13.23;13.57;13.57;2789684;;135459615
UPYY;13649395;2025-03-21;0.70;0.70;0.70;0.70;0.70;0;;16228544
URBN;46954;2025-03-21;48.16;49.81;48.08;49.13;49.13;2563644;;92277114
URG;14864210;2025-03-21;0.93;0.94;0.85;0.90;0.90;4728181;;364101038
URGN;15141565;2025-03-21;11.89;12.20;11.80;12.13;12.13;468344;;46094352
URI;102754;2025-03-21;621.32;630.48;611.36;628.16;628.16;760962;;65307098
URTH;10040353;2025-03-21;154.23;155.35;153.84;155.23;155.23;404161;;
USAC;11795030;2025-03-21;27.50;27.75;26.99;27.13;27.13;1892289;;117528971
USAK;9076200;2022-09-15;31.71;31.71;31.71;31.71;31.71;0;;8876000
USAP;114434;2025-01-23;44.99;44.99;44.99;44.99;44.99;0;;9310069
USAU;11034987;2025-03-21;11.65;11.73;10.25;10.36;10.36;676690;;12486116
USB;378231;2025-03-21;42.35;43.01;42.12;42.84;42.84;68969506;;1559887453
USCB;12442280;2025-03-21;18.73;18.98;18.60;18.85;18.85;85461;;
USCR;819568;2021-08-26;73.99;73.99;73.99;73.99;73.99;0;;16977307
USDP;12444467;2025-03-21;0.01;0.01;0.01;0.01;0.01;12320;;33758607
USEG;11035020;2025-03-21;1.39;1.45;1.37;1.37;1.37;354557;;25287213
USFD;365184;2025-03-21;62.71;64.44;61.65;64.41;64.41;5532848;;230378989
USG;449068;2025-03-21;33.77;33.77;33.15;33.51;33.51;1823;;140099470
USGO;13992953;2025-03-21;10.20;10.20;9.89;9.91;9.91;17431;;12444608
USIO;15585652;2025-03-21;1.47;1.53;1.45;1.51;1.51;63339;;27130334
USLM;7962600;2025-03-21;93.14;93.98;91.57;93.02;93.02;166416;;28620799
USM;903238;2025-03-21;66.86;67.84;66.65;67.71;67.71;227930;;85000000
USMD;157686;2016-10-10;22.64;22.64;22.64;22.64;22.64;0;;11393086
USNA;741592;2025-03-21;26.96;27.42;26.84;27.31;27.31;715358;;18904526
USPH;6767631;2025-03-21;73.73;74.30;72.27;72.79;72.79;268706;;15191689
USX;1035803;2023-06-30;6.15;6.15;6.13;6.14;6.14;4893254;;51602000
UTGN;16633092;2025-03-21;30.83;30.83;29.95;29.95;29.95;600;;3166267
UTHR;438343;2025-03-21;311.18;315.69;308.43;312.99;312.99;1152433;;44912177
UTI;10656606;2025-03-21;27.22;27.54;26.47;26.47;26.47;1674377;;54371711
UTL;704075;2025-03-21;56.26;57.49;54.82;55.23;55.23;171068;;16245554
UTMD;515633;2025-03-21;56.97;57.38;56.67;56.81;56.81;41241;;3391620
UTZ;11795078;2025-03-21;13.61;13.74;13.42;13.73;13.73;1598140;;141410319
UUUU;767720;2025-03-21;4.30;4.38;4.22;4.36;4.36;8817787;;210241007
UVE;529179;2025-03-21;21.64;21.95;21.23;21.40;21.40;487101;;28095824
UVSP;7962774;2025-03-21;28.55;28.86;28.30;28.64;28.64;211295;;29001673
UVV;6767667;2025-03-21;55.09;55.32;53.80;54.11;54.11;540609;;24692747
UWHR;14864212;2025-03-21;9.12;9.12;9.12;9.12;9.12;0;;7077941
UWMC;11794910;2025-03-21;5.89;5.94;5.78;5.87;5.87;5853160;;1598307917
UXIN;16261173;2025-03-21;4.00;4.12;3.97;4.03;4.03;11641;;
V;107326;2025-03-21;337.37;339.43;335.52;335.66;335.66;17224198;;2062114537
VABK;10656658;2025-03-21;35.75;36.40;35.75;35.77;35.77;16907;;5370912
VAC;340222;2025-03-21;65.26;66.00;63.46;65.85;65.85;616095;;34910573
VACC;15296755;2025-03-21;1.00;1.03;0.98;0.99;0.99;10765;;40339395
VADP;11795146;2025-03-21;0.01;0.01;0.01;0.01;0.01;0;;182492221
VAL;17663762;2025-03-21;40.11;40.28;39.27;39.64;39.64;1774837;;
VALPQ;822750;2021-05-17;0.07;0.07;0.07;0.07;0.07;0;;199730533
VALU;208845;2025-03-21;35.11;37.97;35.11;37.97;37.97;8531;;9413562
VAPE;659172;2021-08-12;0.00;0.00;0.00;0.00;0.00;0;;1000000000
VAPO;11035257;2024-09-19;2.17;2.17;2.16;2.17;2.17;51531;;6244935
VAR;361284;2021-04-16;177.07;177.07;177.07;177.07;177.07;0;;91838813
VATE;625571;2025-03-21;8.58;8.83;8.41;8.62;8.62;23704;;13261379
VAXX;1397123;2025-03-21;0.01;0.01;0.01;0.01;0.01;132;;
VBTX;7962612;2025-03-21;24.38;24.70;24.10;24.52;24.52;643746;;54469375
VC;1009194;2025-03-21;80.93;81.51;79.52;80.28;80.28;853737;;27080483
VCEL;1253391;2025-03-21;46.50;47.44;45.13;46.26;46.26;817429;;49969568
VCIG;17721036;2025-03-21;0.79;0.79;0.72;0.73;0.73;926707;;775763
VCRA;9076293;2022-02-23;79.13;79.13;79.13;79.13;79.13;0;;34733000
VCSA;1307826;2025-03-21;5.35;5.52;5.35;5.49;5.49;149012;;12054300
VCTR;10384115;2025-03-21;59.60;59.95;59.06;59.87;59.87;685047;;63661988
VCYT;1252953;2025-03-21;31.45;32.05;30.98;31.82;31.82;1809811;;77944772
VEC;710316;2022-07-07;32.65;33.29;32.65;32.84;32.84;133607;;11726000
VECO;7962590;2025-03-21;21.20;21.48;20.85;21.16;21.16;1361175;;57935847
VEEE;15585650;2025-03-21;0.35;0.37;0.35;0.35;0.35;212508;;14874452
VEEV;199530;2025-03-21;233.51;238.37;231.15;236.77;236.77;1186187;;162350353
VEL;11818884;2025-03-21;18.84;19.14;18.75;18.80;18.80;221288;;34015492
VEON;17726076;2025-03-21;45.00;46.00;44.01;45.95;45.95;71779;;1756731135
VER;543421;2021-10-29;50.89;51.64;50.20;50.30;50.30;29651656;;229129954
VERA;11818470;2025-03-21;27.49;28.05;27.01;27.08;27.08;1141530;;63748290
VERB;11036063;2025-03-21;5.03;5.49;5.03;5.46;5.46;13668;;993071
VERI;1017399;2025-03-21;2.62;2.82;2.60;2.76;2.76;453055;;38241762
VERO;11035616;2025-03-21;2.68;3.11;2.67;3.10;3.10;59175;;659505
VERU;370817;2025-03-21;0.51;0.53;0.50;0.52;0.52;1013988;;146383920
VERV;11795176;2025-03-21;5.35;5.62;5.26;5.55;5.55;1163502;;88795768
VERX;10383817;2025-03-21;35.66;36.53;35.40;35.71;35.71;1845551;;158183078
VERY;10656738;2024-07-01;11.43;11.43;11.43;11.43;11.43;0;;14875000
VFC;330907;2025-03-21;15.92;16.87;15.86;16.37;16.37;57259041;;389573366
VFF;2265767;2025-03-21;0.68;0.70;0.68;0.70;0.70;207226;;112337049
VFS;17662014;2025-03-21;3.31;3.46;3.31;3.44;3.44;297903;;
VG;9076291;2025-03-21;11.56;12.25;11.45;11.61;11.61;11596102;;254666000
VGAS;16682830;2025-03-21;3.71;3.80;3.50;3.50;3.50;35223;;32049621
VGR;726203;2024-10-07;14.99;14.99;14.99;14.99;14.99;12;;157375597
VGZ;15141567;2025-03-21;0.75;0.77;0.74;0.76;0.76;408447;;123752011
VHC;9076121;2025-03-21;8.16;8.89;8.05;8.89;8.89;7658;;4238581
VHI;11817160;2025-03-21;17.85;18.05;17.42;17.45;17.45;17701;;28294793
VIA;378236;2019-12-04;23.51;24.91;23.42;24.22;24.22;41869884;;403407483
VIAV;6767533;2025-03-21;11.33;11.67;11.25;11.62;11.62;6063450;;222137466
VICI;1338976;2025-03-21;31.94;32.14;31.48;31.53;31.53;14653377;;1056339141
VICR;1334839;2025-03-21;51.91;53.75;50.67;53.64;53.64;387726;;45182463
VIDA;663113;2025-03-21;0.00;0.00;0.00;0.00;0.00;0;;67455867
VIDE;95336;2025-03-21;0.80;0.80;0.80;0.80;0.80;0;;5878290
VIGL;11818527;2025-03-21;1.81;1.91;1.77;1.89;1.89;158449;;46671534
VII;12444439;2018-07-11;0.26;0.26;0.17;0.21;0.21;797148;;
VINC;1822742;2025-03-21;0.60;0.67;0.60;0.65;0.65;255622;;1677795
VINP;1300439;2025-03-21;10.24;10.54;10.15;10.34;10.34;63014;;39312578
VIR;1291786;2025-03-21;6.81;7.00;6.72;6.93;6.93;2902976;;137143286
VIRC;54439;2025-03-21;9.63;9.64;9.43;9.59;9.59;69436;;16289406
VIRI;14509412;2025-03-21;6.83;6.99;5.90;6.33;6.33;263367;;1332178
VIRT;970570;2025-03-21;37.26;37.85;37.23;37.58;37.58;1338535;;94973489
VIRX;11034714;2025-03-21;0.02;0.03;0.02;0.03;0.03;105668;;39744222
VISL;11820072;2025-03-21;2.64;2.64;2.47;2.64;2.64;4773;;2464419
VITL;1299760;2025-03-21;29.26;29.86;28.87;29.79;29.79;698318;;44257535
VIV;18407938;2025-03-21;8.60;8.72;8.59;8.71;8.71;684134;;1626682604
VIVE;981944;2025-03-21;0.00;0.00;0.00;0.00;0.00;0;;10665410
VIVK;1342104;2025-03-21;0.96;1.02;0.87;0.91;0.91;53811;;33638273
VIVO;6767603;2023-01-31;33.97;33.97;33.97;33.97;33.97;0;;43896000
VKTX;890836;2025-03-21;28.00;29.01;27.70;28.95;28.95;3474355;;112247809
VLCN;16363533;2025-03-21;0.97;0.97;0.87;0.88;0.88;167829;;560902
VLD;1212485;2024-09-10;1.33;1.36;1.24;1.28;1.28;134276;;8622216
VLDR;1085789;2023-02-13;1.26;1.26;1.26;1.26;1.26;0;;213518699
VLGEA;333215;2025-03-21;34.49;35.30;34.10;34.96;34.96;168103;;14746804
VLN;18365262;2025-03-21;2.06;2.17;2.02;2.15;2.15;118571;;106342415
VLO;410846;2025-03-21;134.09;134.69;130.93;131.51;131.51;6689089;;314977519
VLRX;867483;2020-04-07;0.03;0.04;0.03;0.03;0.03;42502;;8331503
VLTA;12444313;2023-04-04;0.86;0.86;0.86;0.86;0.86;0;;67428190
VLY;1234800;2025-03-21;8.74;8.91;8.68;8.85;8.85;16196935;;560275784
VMC;378238;2025-03-21;236.82;237.70;232.32;234.08;234.08;2053980;;132109660
VMD;14864214;2025-03-21;7.31;7.50;7.18;7.24;7.24;198576;;
VMEO;1207431;2025-03-21;5.42;5.56;5.40;5.47;5.47;2690062;;164851688
VMGAU;11818572;2023-05-15;10.39;10.39;10.39;10.39;10.39;0;;23000000
VMI;449113;2025-03-21;305.17;306.16;284.34;285.50;285.50;629626;;20045509
VMW;83200;2023-11-22;142.48;142.48;142.48;142.48;142.48;200;;430395000
VNCE;198318;2025-03-21;1.99;2.05;1.95;1.98;1.98;30707;;12609630
VNDA;7962904;2025-03-21;4.95;4.96;4.75;4.77;4.77;606836;;58316044
VNE;998442;2022-04-01;36.95;36.95;36.95;36.95;36.95;0;;111960000
VNJA;12444299;2025-03-21;2.90;2.90;2.90;2.90;2.90;0;;29969389
VNO;378237;2025-03-21;38.07;38.71;37.70;38.25;38.25;2631129;;190846580
VNOM;10383403;2025-03-21;45.18;45.30;44.03;44.23;44.23;3753973;;219144892
VNRX;1253243;2025-03-21;0.55;0.56;0.53;0.55;0.55;289024;;92664812
VNT;1033570;2025-03-21;33.52;33.75;33.21;33.71;33.71;987249;;148700000
VOD;1205636;2025-03-21;9.80;9.83;9.72;9.73;9.73;11088787;;2881868380
VOLT;207946;2025-03-21;21.76;21.89;21.73;21.87;21.87;15475;;21981000
VOR;1872586;2025-03-21;0.83;0.90;0.83;0.87;0.87;313573;;124851547
VORB;1334643;2023-08-18;0.00;0.00;0.00;0.00;0.00;0;;335416139
VOXX;672273;2025-03-21;7.48;7.49;7.48;7.49;7.49;100894;;22527869
VOYA;354109;2025-03-21;67.73;68.34;67.21;67.89;67.89;3558946;;95526278
VPCC;1301816;2025-03-21;86.21;90.68;83.05;90.57;90.57;277749;;13094123
VPG;7962782;2025-03-21;22.26;23.00;22.26;22.88;22.88;173388;;13601000
VPLM;13511336;2025-03-21;0.01;0.01;0.01;0.01;0.01;1322088;;3639945275
VR;449124;2024-02-26;25.61;25.61;25.61;25.61;25.61;0;;79329027
VRA;49797;2025-03-21;2.39;2.45;2.32;2.37;2.37;422149;;27726461
VRAR;13841935;2025-03-21;1.20;1.37;1.20;1.30;1.30;149433;;21043756
VRAY;1253251;2023-07-25;0.04;0.04;0.02;0.03;0.03;100663766;;181045785
VRCA;9075776;2025-03-21;0.60;0.66;0.56;0.56;0.56;2624659;;91779993
VRDN;10384261;2025-03-21;15.15;15.54;15.02;15.26;15.26;1790562;;81484950
VRDR;12444417;2025-03-21;0.12;0.12;0.12;0.12;0.12;15741;;1249080892
VRE;949728;2025-03-21;16.24;16.45;16.02;16.31;16.31;1025679;;92954360
VREX;1253254;2025-03-21;12.72;12.76;12.45;12.57;12.57;396518;;41200000
VRM;12444499;2025-03-21;26.14;27.89;26.14;26.75;26.75;1843;;5163109
VRME;16682832;2025-03-21;0.87;0.88;0.78;0.80;0.80;117325;;10384698
VRML;1340692;2025-03-21;0.10;0.10;0.09;0.09;0.09;2440251;;16667255
VRNA;10384221;2025-03-21;65.87;66.91;65.47;66.81;66.81;679797;;679831046
VRNOF;2265763;2025-03-21;0.68;0.70;0.65;0.70;0.70;348446;;358950322
VRNS;908839;2025-03-21;41.27;41.45;40.64;41.00;41.00;2406803;;112550156
VRNT;44422;2025-03-21;21.57;21.86;21.33;21.40;21.40;1390342;;62284686
VRRM;10383917;2025-03-21;20.88;21.08;20.61;21.07;21.07;3119473;;159593852
VRS;548204;2022-04-01;26.99;26.99;26.99;26.99;26.99;0;;29334000
VRSK;378235;2025-03-21;285.23;287.28;283.24;285.16;285.16;1350236;;140276165
VRSN;378234;2025-03-21;241.84;245.67;240.67;244.51;244.51;1875784;;94600000
VRT;10383332;2025-03-21;87.06;89.11;85.75;88.63;88.63;5240887;;380775581
VRTS;6767687;2025-03-21;175.58;177.25;172.74;175.51;175.51;136625;;6967534
VRTU;34429;2021-02-11;51.33;51.33;51.33;51.33;51.33;0;;30340986
VRTV;6767599;2023-11-30;169.99;169.99;169.99;169.99;169.99;0;;13480000
VRTX;344083;2025-03-21;505.42;510.08;501.07;503.20;503.20;2273646;;256789869
VSAC;13714919;2024-10-25;11.74;11.75;11.66;11.70;11.70;106413;;4350765
VSAT;986214;2025-03-21;9.45;9.82;9.20;9.78;9.78;4190837;;129119989
VSBC;11794984;2025-03-21;1.00;1.00;1.00;1.00;1.00;0;;206520030
VSCO;1293027;2025-03-21;20.90;21.49;20.42;20.92;20.92;4874608;;78621590
VSEC;7962700;2025-03-21;118.62;122.70;117.39;120.36;120.36;350777;;20600674
VSH;1234801;2025-03-21;16.93;17.13;16.74;16.86;16.86;12127829;;123469861
VSLR;809892;2020-10-09;43.08;43.08;43.08;43.08;43.08;0;;125414499
VSM;375160;2019-10-14;52.99;52.99;52.99;52.99;52.99;0;;109269216
VST;708868;2025-03-21;129.79;131.54;126.27;130.58;130.58;7393708;;338963642
VSTM;135964;2025-03-21;6.71;6.79;6.26;6.65;6.65;911785;;51486705
VSTO;158610;2024-11-27;44.63;44.63;44.63;44.63;44.63;0;;58427548
VTEX;18364800;2025-03-21;4.90;4.97;4.82;4.84;4.84;593931;;103947244
VTGN;13810662;2025-03-21;2.77;2.81;2.73;2.79;2.79;82525;;28862085
VTIQ;11794950;2022-12-09;10.07;10.07;10.06;10.06;10.06;480;;9525000
VTLE;7962658;2025-03-21;22.54;22.58;21.84;22.11;22.11;1630754;;38121479
VTNR;10656444;2024-10-07;0.08;0.09;0.05;0.05;0.05;20191906;;93514346
VTOL;10656416;2025-03-21;31.72;31.95;31.21;31.42;31.42;308876;;28632000
VTR;398980;2025-03-21;67.41;68.06;66.64;66.85;66.85;10316948;;437139980
VTRS;1251885;2025-03-21;9.35;9.37;9.01;9.15;9.15;71824044;;1193688749
VTS;14097474;2025-03-21;23.21;23.31;22.70;22.89;22.89;561921;0.56;38578409
VTSI;1241344;2025-03-21;5.11;5.44;5.01;5.21;5.21;83474;;11242925
VTVT;817635;2025-03-21;16.72;17.51;16.19;16.64;16.64;20009;;3189606
VTYX;1822460;2025-03-21;1.31;1.34;1.28;1.32;1.32;968046;;71130054
VUZI;1062014;2024-11-14;1.09;1.13;1.06;1.08;1.08;693365;;65965431
VVI;7962878;2024-12-31;43.04;43.23;42.32;42.51;42.51;141136;;21201906
VVNT;11794994;2023-03-09;11.99;12.02;11.99;12.00;12.00;5165704;;212501938
VVV;1059911;2025-03-21;35.14;35.45;34.90;35.34;35.34;2042892;;127100499
VVX;17663764;2025-03-21;51.31;51.31;49.12;49.17;49.17;1164503;;
VWE;1338978;2025-03-21;0.00;0.00;0.00;0.00;0.00;11;;62814389
VWFB;13841963;2025-03-21;13.00;13.00;13.00;13.00;13.00;0;;1911413
VWR;1071165;2017-11-21;33.25;33.26;33.24;33.25;33.25;2797942;;131869634
VWTR;9075756;2022-05-25;15.75;15.75;15.75;15.75;15.75;0;;18206000
VXRT;625536;2025-03-21;0.54;0.55;0.49;0.52;0.52;2397204;;227949245
VYGR;1170785;2025-03-21;3.82;3.92;3.77;3.88;3.88;428000;;55206885
VYNE;14509364;2025-03-21;1.63;1.85;1.63;1.72;1.72;854949;;15209862
VYX;17663766;2025-03-21;10.12;10.30;9.97;10.02;10.02;3685323;;
VZ;101219;2025-03-21;43.79;44.24;43.52;43.99;43.99;68359597;;4209703958
VZIO;10384231;2024-12-03;11.35;11.35;11.35;11.35;11.35;0;;195300000
W;417451;2025-03-21;30.76;33.83;30.26;33.66;33.66;5510811;;126904511
WAB;749129;2025-03-21;184.05;185.07;181.82;184.78;184.78;2885726;;170848147
WABC;6767779;2025-03-21;51.40;51.68;50.59;51.09;51.09;419035;;26708425
WAFD;1234802;2025-03-21;28.20;28.34;27.49;27.66;27.66;4932402;;81551336
WAFU;16239131;2025-03-21;1.65;1.65;1.55;1.59;1.59;58852;;4410559
WAIR;359379;2020-01-09;11.04;11.04;11.04;11.04;11.04;0;;100167900
WAL;345773;2025-03-21;76.58;77.84;75.24;77.44;77.44;2001771;;110454292
WALD;17663768;2025-03-21;3.10;3.19;3.00;3.11;3.11;105497;;122692968
WAT;378240;2025-03-21;361.07;366.43;355.00;365.46;365.46;848187;;59410941
WATT;816792;2025-03-21;0.32;0.32;0.29;0.30;0.30;536766;;30436726
WBA;87466;2025-03-21;11.11;11.19;11.08;11.10;11.10;36900070;;864153468
WBC;102132;2020-05-28;136.46;136.49;136.45;136.46;136.46;2613711;;51375551
WBD;120376;2025-03-21;10.56;10.79;10.45;10.74;10.74;55130552;;2454764337
WBEV;1397121;2022-12-13;0.14;0.14;0.14;0.14;0.14;0;;12615182
WBHC;14122331;2025-03-21;41.00;41.00;41.00;41.00;41.00;0;;11992818
WBMD;646643;2017-09-18;66.48;66.48;66.48;66.48;66.48;0;;37981018
WBS;1234803;2025-03-21;51.28;51.91;50.70;51.62;51.62;2152988;;171345069
WBT;9076203;2022-07-28;24.00;24.01;23.99;24.01;24.01;2188324;;143065161
WCC;701296;2025-03-21;162.28;163.01;159.62;162.62;162.62;1405614;;48795929
WCG;745218;2020-01-23;344.49;350.17;339.88;349.92;349.92;2063462;;50327612
WCIC;116367;2017-07-10;23.45;23.45;23.45;23.45;23.45;0;;26336838
WCN;13841965;2025-03-21;188.55;190.06;188.39;189.32;189.32;910958;;258085200
WD;6767513;2025-03-21;85.50;86.24;84.95;85.82;85.82;463614;;33798252
WDAY;186213;2025-03-21;246.99;250.19;245.23;249.49;249.49;2819347;;266000000
WDC;250582;2025-03-21;43.89;44.11;43.18;43.66;43.66;7640588;;460171022
WDFC;6767467;2025-03-21;234.37;239.60;227.97;230.67;230.67;189154;;13546239
WDHR;705167;2025-03-21;0.00;0.00;0.00;0.00;0.00;0;;4671893989
WDQ;1390788;2025-03-21;4.40;4.51;4.37;4.47;4.47;138099;;60383445
WDS;18347623;2025-03-21;14.44;14.47;14.15;14.20;14.20;1045204;;1898749771
WE;1298953;2024-06-11;0.04;0.08;0.03;0.06;0.06;44019;;19059636
WEAV;1397122;2025-03-21;11.39;11.73;11.27;11.70;11.70;1023565;;73900241
WEB;651626;2018-10-11;27.99;27.99;27.99;27.99;27.99;0;;50069055
WEBNF;17849262;2025-03-21;19.00;19.20;19.00;19.20;19.20;5000;;3441411361
WEC;378244;2025-03-21;107.49;108.45;106.25;106.81;106.81;5269469;;317752123
WELL;378241;2025-03-21;146.62;148.39;145.78;146.52;146.52;12721693;;641308062
WELPP;14034212;2025-03-21;64.75;64.75;64.75;64.75;64.75;168;;33289327
WEN;217619;2025-03-21;15.36;15.42;15.16;15.26;15.26;5913335;;200485068
WERN;1067484;2025-03-21;28.96;29.59;28.77;29.57;29.57;1288365;;61872209
WES;745556;2025-03-21;41.50;41.82;41.09;41.27;41.27;1699724;;381321137
WEST;15204674;2025-03-21;6.45;6.92;6.36;6.89;6.89;593997;;94227795
WETF;7962630;2022-11-04;5.37;5.41;5.23;5.26;5.26;1013153;;143120000
WEX;749233;2025-03-21;156.74;158.42;155.19;157.05;157.05;2294847;;38815490
WEYS;9075804;2025-03-21;28.01;29.57;27.90;28.88;28.88;46643;;9643389
WFC;58953;2025-03-21;71.96;72.78;71.15;72.52;72.52;32349766;;3288186582
WFCF;13901240;2025-03-21;11.58;11.59;11.35;11.55;11.55;2968;;5233142
WFG;1242695;2025-03-21;76.06;76.57;75.20;76.12;76.12;151796;;109021000
WFM;90839;2017-08-29;41.99;41.99;41.99;41.99;41.99;0;;320251710
WFRD;117829;2025-03-21;52.67;52.72;51.81;52.23;52.23;4729719;;72846372
WFT_old;449193;2019-12-13;0.02;0.02;0.02;0.02;0.02;3003175;;772632153
WGL;449198;2018-07-09;88.74;88.74;88.74;88.74;88.74;0;0.52;97838718
WGO;670940;2025-03-21;34.32;35.10;33.62;34.76;34.76;5129362;;28396755
WGS;17663770;2025-03-21;94.66;104.56;93.40;104.39;104.39;705415;;
WH;991363;2025-03-21;89.59;90.82;86.83;90.64;90.64;1405265;;77745945
WHD;6767475;2025-03-21;45.83;46.27;45.49;45.92;45.92;2405573;;79584087
WHEN;18134903;2025-03-21;0.00;0.00;0.00;0.00;0.00;8099759;;550834347495
WHF;10656548;2025-03-21;9.84;9.95;9.57;9.60;9.60;155493;0.39;23243088
WHG;646168;2025-03-21;15.90;16.25;15.90;15.91;15.91;12698;;9271573
WHLM;15539361;2025-03-21;3.56;3.56;3.56;3.56;3.56;40;;5157344
WHLR;14821543;2025-03-21;1.10;1.19;1.09;1.11;1.11;353856;;1166433
WHR;104227;2025-03-21;92.78;93.85;92.07;93.35;93.35;1170869;;55382815
WIFI;651519;2021-06-02;13.99;13.99;13.99;13.99;13.99;0;;44751010
WILC;18557141;2025-03-21;16.29;16.29;15.88;16.24;16.24;5436;;13874334
WIN;625612;2020-07-10;0.00;0.34;0.34;0.34;0.34;0;;42997926
WINA;102395;2025-03-21;317.91;320.64;315.19;319.52;319.52;31065;;3539954
WING;1057792;2025-03-21;215.37;218.91;212.10;215.46;215.46;1306086;;28662645
WINH;97546;2025-03-21;0.13;0.13;0.13;0.13;0.13;0;;49989500
WINV;12444297;2025-03-21;15.00;15.00;12.50;15.00;15.00;339;;3133778
WIRE;983825;2024-07-03;289.84;289.84;289.84;289.84;289.84;266;;15788916
WISH;3242029;2025-03-21;7.48;7.73;7.42;7.52;7.52;410022;;26313619
WIT;1253414;2025-03-21;2.99;3.06;2.99;3.03;3.03;7631417;;10450276492
WK;618274;2025-03-21;86.82;88.04;85.79;87.23;87.23;688538;;56126022
WKC;17663772;2025-03-21;28.17;28.48;27.86;28.05;28.05;3626784;;
WKHS;998526;2025-03-21;2.15;2.18;2.04;2.13;2.13;326710;;3278524
WKSP;16682834;2025-03-21;3.43;3.65;3.37;3.64;3.64;168986;;2965092
WLB;596565;2018-04-24;0.24;0.24;0.15;0.15;0.15;3753486;;18771643
WLDN;9075886;2025-03-21;42.75;43.34;41.65;41.96;41.96;323258;;14407642
WLFC;7962950;2025-03-21;183.72;187.44;180.01;182.96;182.96;42883;;7187922
WLK;700084;2025-03-21;99.78;101.08;99.18;100.89;100.89;2587751;;128569968
WLKP;1296417;2025-03-21;23.40;23.42;23.09;23.16;23.16;28190;;35238556
WLL;983824;2022-07-01;68.03;68.03;68.03;68.03;68.03;0;;39132000
WLLAW;17663774;2024-08-29;21.85;22.98;20.81;22.00;22.00;67905;;
WLLBW;17663776;2025-03-21;1.80;1.80;1.80;1.80;1.80;142;;
WLY;17663778;2025-03-21;44.23;44.70;43.80;44.44;44.44;1572673;;
WLYW;13626523;2025-03-21;0.01;0.01;0.01;0.01;0.01;0;;330483033
WM;378239;2025-03-21;226.15;226.40;223.87;224.91;224.91;2526844;;402115439
WMAR;543710;2017-09-15;12.96;12.96;12.96;12.96;12.96;0;;25279858
WMB;344928;2025-03-21;59.68;59.88;59.18;59.60;59.60;13002280;;1219369295
WMG;1093102;2025-03-21;32.30;32.75;32.01;32.44;32.44;7000030;;520361045
WMGI_delisted;920932;2020-11-11;29.98;29.98;29.98;29.98;29.98;9689;;129934836
WMK;912450;2025-03-21;78.37;78.55;75.19;76.21;76.21;655423;;26898443
WMPN;12444395;2025-03-21;10.83;10.92;10.54;10.62;10.62;34000;;9208217
WMS;6480952;2025-03-21;107.60;109.31;106.17;108.22;108.22;1844652;;77574661
WMT;239962;2025-03-21;85.28;86.23;84.78;85.98;85.98;26677471;0.23;8016849444
WNC;109798;2025-03-21;11.21;11.70;10.98;11.55;11.55;10143154;;42449835
WNDW;92543;2025-03-21;0.27;0.30;0.27;0.30;0.30;98746;;53198399
WNEB;9075960;2025-03-21;9.07;9.15;9.00;9.15;9.15;55434;;20748498
WNFT;13810664;2025-03-21;0.01;0.02;0.01;0.02;0.02;49298;;534750000
WNLV;17590529;2025-03-21;0.49;0.53;0.49;0.53;0.53;3750;;285159075
WNS;16363535;2025-03-21;62.88;65.01;61.83;62.51;62.51;841773;;44170987
WOK;18266288;2025-03-21;0.63;0.65;0.60;0.64;0.64;154587;;14591942
WOLF;178872;2025-03-21;5.55;6.31;5.46;6.29;6.29;26643153;;155571122
WOOF;1340570;2025-03-21;2.38;2.48;2.34;2.44;2.44;3644570;;266485000
WOR;332221;2025-03-21;40.85;41.33;39.05;39.78;39.78;2776189;;50044032
WORK;949110;2021-07-27;45.20;45.20;45.20;45.20;45.20;0;;581646804
WOW;6767793;2025-03-21;4.81;5.33;4.78;5.13;5.13;1670505;;84682617
WPC;449233;2025-03-21;61.54;61.73;60.65;61.49;61.49;4304702;;218849396
WPG;983823;2021-10-21;0.82;0.83;0.82;0.82;0.82;131481;;24459645
WPX;449237;2021-01-14;9.43;9.43;9.43;9.43;9.43;0;;561040585
WR;351692;2018-06-05;54.00;54.00;54.00;54.00;54.00;0;;215800074
WRAC;11818641;2024-02-29;10.54;10.54;10.50;10.50;10.50;21000;;5750000
WRAP;17605385;2025-03-21;1.98;2.11;1.98;2.07;2.07;130136;;45882902
WRB;1161717;2025-03-21;63.42;63.97;63.03;63.24;63.24;4173945;;379226056
WRBY;11795112;2025-03-21;18.59;18.91;18.41;18.90;18.90;2389967;;120858809
WRE;983822;2022-10-19;17.50;17.80;17.37;17.57;17.57;364537;;87453000
WRI;449242;2021-08-03;32.18;32.46;31.40;31.44;31.44;26456004;;127626771
WRK;359889;2024-07-05;50.78;52.16;50.49;51.51;51.51;11862000;;258148056
WRLD;983821;2025-03-21;123.53;125.55;121.47;125.40;125.40;47990;;5746677
WRPT;13658929;2025-03-21;0.06;0.06;0.06;0.06;0.06;0;;139940000
WS;16318987;2025-03-21;27.24;27.57;25.75;26.18;26.18;2838367;;50753704
WSBC;739365;2025-03-21;31.74;32.02;31.21;31.55;31.55;2266410;;66942912
WSBF;7962978;2025-03-21;13.50;13.66;13.24;13.46;13.46;113114;;19998000
WSC;10383320;2025-03-21;29.91;30.75;29.48;29.75;29.75;35465437;;183575055
WSCI;65297;2018-11-07;7.00;7.00;6.98;6.99;6.99;28177;;2970283
WSFS;6767531;2025-03-21;51.53;52.84;50.57;52.05;52.05;1086477;;58557557
WSM;198669;2025-03-21;161.14;165.29;157.14;163.65;163.65;30638079;;123099943
WSO;1014359;2025-03-21;497.28;498.55;492.76;497.00;497.00;450954;;40405410
WSR;983820;2025-03-21;14.45;14.46;14.19;14.34;14.34;648398;;50894945
WST;1167256;2025-03-21;228.00;230.66;225.44;228.68;228.68;2640916;;72303766
WSTC;820561;2017-10-10;23.49;23.51;23.49;23.50;23.50;433405;;83660586
WSTL;543789;2025-03-21;2.05;2.12;2.01;2.11;2.11;21300;;11005558
WT;17663780;2025-03-21;8.74;8.82;8.64;8.69;8.69;3554252;;
WTBA;9075778;2025-03-21;20.16;20.38;20.06;20.22;20.22;75830;;16832632
WTFC;1234804;2025-03-21;113.07;114.58;111.73;113.45;113.45;1740801;;66707801
WTI;7962742;2025-03-21;1.58;1.63;1.58;1.60;1.60;3107522;;147635709
WTM;6481060;2025-03-21;1864.62;1890.20;1860.04;1872.52;1872.52;20716;;2563051
WTRG;449267;2025-03-21;38.87;39.27;38.21;38.51;38.51;3705636;;274922770
WTRH;1241828;2025-03-21;0.00;0.00;0.00;0.00;0.00;141;;9188320
WTS;816791;2025-03-21;207.80;209.19;205.32;206.95;206.95;1033484;;33315091
WTTR;7962596;2025-03-21;10.03;10.22;9.93;10.19;10.19;15588126;;119287981
WTW;378243;2025-03-21;334.21;335.19;329.62;332.71;332.71;892582;;99692639
WU;378242;2025-03-21;10.70;10.77;10.56;10.64;10.64;7577039;;337934527
WULF;17663782;2025-03-21;3.09;3.21;3.04;3.20;3.20;30430062;;
WVE;7962902;2025-03-21;9.52;9.87;9.44;9.59;9.59;1619865;;153486021
WVVI;15539359;2025-03-21;5.86;6.14;5.86;6.06;6.06;11772;;4964529
WW;564422;2025-03-21;0.58;0.62;0.56;0.56;0.56;2302420;;80127091
WWACU;13950746;2023-11-07;6.69;6.69;3.15;3.15;3.15;1676;;10468054
WWD;449272;2025-03-21;185.42;186.92;182.41;185.39;185.39;1417241;;59130924
WWE;641925;2023-09-11;99.51;101.94;98.07;100.65;100.65;1642037;;77861000
WWR;11034533;2025-03-21;0.59;0.63;0.55;0.61;0.61;1111565;;71339508
WWW;983819;2025-03-21;13.51;14.06;13.40;13.77;13.77;3399930;;80371566
WY;57524;2025-03-21;29.97;30.05;28.95;29.18;29.18;6187509;;725578000
WYNN;378245;2025-03-21;82.31;82.80;80.23;82.63;82.63;4293484;;106401372
WYY;15539357;2025-03-21;3.49;3.63;3.49;3.63;3.63;8664;;9311761
X;721031;2025-03-21;40.15;41.17;40.08;40.90;40.90;4908769;;225216524
XAIR;10656650;2025-03-21;0.27;0.27;0.26;0.27;0.27;1574405;;88278647
XBIO;11036075;2025-03-21;3.48;3.48;3.37;3.37;3.37;2358;;1542139
XBIT;156298;2025-03-21;3.40;3.44;3.26;3.44;3.44;67434;;30487731
XCO;470616;2017-12-26;0.64;0.64;0.64;0.64;0.64;0;;21630873
XCRA;247530;2018-10-01;14.27;14.27;14.27;14.27;14.27;154;;54914881
XEC;378115;2021-10-04;87.20;87.20;87.20;87.20;87.20;0;;102818796
XEL;378246;2025-03-21;69.81;70.36;68.82;69.11;69.11;6519564;;574552694
XELA;9076106;2025-03-21;0.47;0.54;0.47;0.49;0.49;22268;;6365363
XENE;1873185;2025-03-21;34.51;35.63;34.45;35.34;35.34;475331;;76542811
XENT;9076353;2022-09-16;28.24;28.24;28.24;28.24;28.24;14512;;33735000
XERS;7962946;2025-03-21;5.37;5.92;5.36;5.81;5.81;6259797;;153940135
XFIN;11818620;2024-10-01;11.35;11.49;9.03;9.24;9.24;22915;;7390393
XFOR;12442274;2025-03-21;0.30;0.32;0.30;0.31;0.31;1301346;;170546469
XGN;1251651;2025-03-21;3.63;4.19;3.45;3.88;3.88;150829;;17898098
XHR;983818;2025-03-21;12.45;12.49;12.04;12.48;12.48;1716510;;101352961
XHUA;662912;2025-03-21;0.00;0.00;0.00;0.00;0.00;0;;499911
XITO;13714921;2025-03-21;0.03;0.03;0.03;0.03;0.03;0;;760250000
XL;12444263;2018-09-13;57.59;57.59;57.59;57.59;57.59;0;0.22;
XLNX;396684;2022-02-14;194.92;194.92;194.92;194.92;194.92;353;;245840000
XLO;1872674;2025-03-21;0.78;0.79;0.75;0.79;0.79;168621;;51773717
XLRN;1291790;2021-11-22;178.75;178.75;178.75;178.75;178.75;0;;60549898
XM;10383310;2023-06-28;18.14;18.14;18.14;18.14;18.14;0;;599314127
XMTR;1262309;2025-03-21;25.42;25.89;25.13;25.72;25.72;928413;;46123556
XNCR;781832;2025-03-21;13.25;13.47;13.04;13.20;13.20;2567821;;70461934
XOG_delisted;863612;2021-11-24;68.54;68.54;68.54;68.54;68.54;2;;25757478
XOM;121214;2025-03-21;115.50;115.99;114.35;115.50;115.50;40857357;;4339143313
XOMA;9075870;2025-03-21;20.70;21.24;20.38;20.88;20.88;81363;;11978717
XONE;823071;2025-03-21;49.68;49.68;49.66;49.67;49.67;45563;;22401254
XOS;11033988;2025-03-21;3.71;3.96;3.65;3.95;3.95;48448;;8029344
XOXO;651859;2018-12-21;34.99;34.99;34.99;34.99;34.99;0;;25927624
XPDB;15071412;2024-03-14;19.16;20.79;16.20;19.40;19.40;18313;;17795678
XPEL;969955;2025-03-21;32.00;32.64;31.91;32.27;32.27;374135;;27640898
XPER;983817;2025-03-21;7.93;8.08;7.90;7.99;7.99;586549;;107508991
XPEV;3240027;2025-03-21;21.11;21.99;21.00;21.80;21.80;12613119;;1885437080
XPL;15394210;2025-03-21;0.67;0.68;0.63;0.63;0.63;51346;;81638418
XPO;364942;2025-03-21;106.00;108.80;104.78;108.61;108.61;2864885;;117242596
XPOF;11795048;2025-03-21;8.53;8.71;8.29;8.66;8.66;674613;;33672322
XPRO;6767535;2025-03-21;10.48;10.56;10.24;10.25;10.25;2219503;;116377932
XRAY;378126;2025-03-21;15.46;15.59;15.32;15.56;15.56;12635697;;198991963
XRX;378247;2025-03-21;5.54;5.70;5.47;5.51;5.51;34237079;;125281396
XSPY;734429;2019-09-05;0.09;0.09;0.09;0.09;0.09;0;;13501634
XTNT;11034241;2025-03-21;0.46;0.54;0.45;0.54;0.54;91934;;139067915
XXII;3241784;2025-03-21;1.86;1.87;1.70;1.71;1.71;54853;;2369552
XYF;18151365;2025-03-21;12.60;13.67;12.12;13.60;13.60;334938;;293553607
XYL;124467;2025-03-21;118.69;119.20;117.04;118.47;118.47;2651003;;243046226
Y;449291;2022-10-28;847.79;847.79;847.79;847.79;847.79;0;;13837707
YCQH;17598806;2025-03-21;0.34;0.34;0.34;0.34;0.34;0;;101400000
YELL;1136136;2025-03-21;0.94;0.94;0.70;0.71;0.71;137907;;52010000
YELP;440174;2025-03-21;35.13;35.96;35.13;35.75;35.75;2641459;;65033177
YETI;1234805;2025-03-21;34.13;35.22;33.81;34.78;34.78;2322061;;82389459
YEXT;795507;2025-03-21;6.25;6.37;6.24;6.29;6.29;1163193;;126484781
YGYI;858111;2023-12-06;0.01;0.01;0.01;0.01;0.01;0;;33975126
YHOO;257807;2017-06-26;52.58;52.58;52.58;52.58;52.58;0;;958198997
YMAB;11819090;2025-03-21;4.81;5.02;4.75;5.00;5.00;1135981;;45218177
YNDX;1205993;2025-03-21;25.81;27.00;25.54;26.98;26.98;6834193;;361482281
YOGAQ;826179;2021-06-08;0.04;0.04;0.04;0.04;0.04;0;;17063972
YORW;998415;2025-03-21;34.05;34.44;33.31;33.46;33.46;168516;;14389449
YOSH;16261177;2025-03-21;16.90;17.19;16.16;17.17;17.17;55618;;1442585
YOTA;13511350;2025-03-21;11.37;11.37;11.37;11.37;11.37;1;;3682604
YOU;1334838;2025-03-21;26.43;26.43;25.49;25.68;25.68;7999272;;89569933
YS;16872320;2025-03-21;2.18;2.80;2.13;2.77;2.77;144756;;190227959
YTEN;11035607;2025-03-21;0.01;0.01;0.01;0.01;0.01;7364;;657160
YTRA;16261175;2025-03-21;0.83;0.89;0.80;0.81;0.81;182275;;61258684
YUM;98663;2025-03-21;156.95;158.19;156.08;156.75;156.75;3049362;;279101936
YUMC;10383302;2025-03-21;51.41;52.34;50.73;52.26;52.26;2088850;;376124668
YUMM;14101628;2025-03-21;0.75;0.75;0.75;0.75;0.75;0;;449626500
Z;647182;2025-03-21;70.26;71.70;69.50;71.25;71.25;3971153;;233629000
ZAGG;903954;2021-02-22;4.28;4.43;4.26;4.29;4.29;2735473;;29848506
ZAYO;694556;2020-03-11;34.99;34.99;34.99;34.99;34.99;0;;237615270
ZBH;378249;2025-03-21;111.00;111.67;109.84;110.73;110.73;2936745;;199063164
ZBRA;1167257;2025-03-21;282.50;290.44;280.25;289.99;289.99;1462480;;51379208
ZD;17663784;2025-03-21;41.46;42.49;41.25;41.82;41.82;1651942;;
ZDGE;372279;2025-03-21;2.25;2.35;2.20;2.35;2.35;23105;;13867874
ZEN;747270;2022-11-21;77.48;77.49;77.47;77.48;77.48;3638435;;123576000
ZETA;1314576;2025-03-21;14.02;14.44;13.83;14.43;14.43;3372819;;237447961
ZEUS;815280;2025-03-21;32.71;32.71;31.48;31.84;31.84;230848;;11135890
ZEV;11035375;2025-03-21;0.00;0.00;0.00;0.00;0.00;0;;11985
ZFOX;13511452;2024-05-13;1.14;1.14;1.14;1.14;1.14;0;;124843024
ZGNX;816789;2022-03-15;26.68;26.68;26.68;26.68;26.68;94;;55905000
ZHYBF;17894538;2025-03-21;2.00;2.00;2.00;2.00;2.00;0;;17709718
ZI;1205635;2025-03-21;10.61;10.97;10.61;10.89;10.89;14170744;;342292205
ZIM;18525398;2025-03-21;18.08;18.39;17.77;17.82;17.82;9891705;;120423333
ZIMV;10656616;2025-03-21;11.50;11.68;11.35;11.66;11.66;318522;;27677346
ZINCQ;287827;2016-10-10;0.02;0.02;0.02;0.02;0.02;0;;60352479
ZION;378250;2025-03-21;49.16;49.73;48.53;49.51;49.51;12254777;;147891781
ZIP;10384225;2025-03-21;5.77;6.04;5.75;5.91;5.91;1488647;;98516104
ZIVO;15204676;2025-03-21;17.60;17.60;17.10;17.10;17.10;206;;3759213
ZIXI;9076299;2021-12-23;8.48;8.48;8.48;8.48;8.48;0;;52535091
ZJYL;18201370;2025-03-21;0.93;0.94;0.66;0.66;0.66;1886070;;156547100
ZKIN;16682836;2025-03-21;1.39;1.54;1.36;1.36;1.36;17374;;5165496
ZLAB;10383623;2025-03-21;35.33;35.80;34.66;35.09;35.09;1108530;;96481731
ZM;963384;2025-03-21;75.55;76.36;75.20;75.97;75.97;6219904;;305233853
ZNGA;418866;2022-09-08;8.18;8.18;8.18;8.18;8.18;50182;;1124900000
ZNOG;9076094;2025-03-21;0.23;0.24;0.22;0.23;0.23;2422750;;934359384
ZNTE;1816642;2025-03-21;3.41;3.65;3.31;3.58;3.58;760625;;297644298
ZNTL;11795126;2025-03-21;1.80;1.92;1.77;1.91;1.91;1667681;;71265400
ZOM;1164823;2025-03-04;0.09;0.10;0.09;0.10;0.10;790936;;979949668
ZS;896477;2025-03-21;200.53;206.50;197.23;205.20;205.20;1787031;;154724902
ZTS;378251;2025-03-21;162.88;163.04;160.91;163.03;163.03;2885720;;447791917
ZUMZ;45730;2025-03-21;14.81;15.07;14.23;14.40;14.40;1237157;;19159216
ZUO;994625;2025-02-14;10.02;10.02;10.02;10.02;10.02;0;;153700000
ZUUS;11795314;2025-03-21;2.02;2.02;2.02;2.02;2.02;0;;105515460
ZVIA;11820271;2025-03-21;2.05;2.09;1.97;2.08;2.08;340022;;73508696
ZVO;901866;2025-03-21;0.00;0.00;0.00;0.00;0.00;0;;34211000
ZVRA;17663786;2025-03-21;7.91;8.14;7.87;8.01;8.01;1686802;;
ZVSA;15464897;2025-03-21;0.70;0.74;0.70;0.74;0.74;37485;;2344191
ZWS;17663788;2025-03-21;33.44;33.53;32.91;33.46;33.46;2517528;;
ZY;1243193;2022-11-02;2.43;2.43;2.43;2.43;2.43;85;;102608689
ZYME;17663790;2025-03-21;12.80;13.03;12.64;12.72;12.72;800233;;57892785
ZYNE;901704;2023-10-11;1.30;1.30;1.30;1.30;1.30;0;;50150138
ZYXI;171401;2025-03-21;2.54;2.58;2.41;2.45;2.45;385441;;31912487
